{
  "model_key": "mbert",
  "model_name": "bert-base-multilingual-cased",
  "issue": "TFM-27",
  "train_loss": 1.05722286615027,
  "eval_metrics": {
    "eval_loss": 0.7650866508483887,
    "eval_accuracy": 0.6686746987951807,
    "eval_f1_macro": 0.6020149623566198,
    "eval_precision_macro": 0.598391906484392,
    "eval_recall_macro": 0.6401771741560474,
    "eval_runtime": 307.0459,
    "eval_samples_per_second": 1.081,
    "eval_steps_per_second": 0.137,
    "epoch": 1.0
  },
  "sample_size": 400,
  "epochs": 1
}