modelo,accuracy,f1_macro,precision_macro,recall_macro,cv_f1_macro_mean,cv_f1_macro_std
linear_svm,0.7860262008733624,0.7757187664912529,0.793570249882131,0.7684954760991597,0.7853621977088329,0.019979186863721368
logistic_regression,0.7641921397379913,0.7345047244017069,0.7749592334047894,0.7269175599832219,0.739050952446725,0.027300309436340226
multinomial_nb,0.6812227074235808,0.5570019715262754,0.7484415431663137,0.5751132097798881,0.5096040583352016,0.015924311173336297
