prefijo,fuente,texto,n1,n2,n3
(ninguno),C,Te voy a matar,3,3,3
(ninguno),C,Te voy a m4t4r,3,3,3
(ninguno),C,Te voy a m*tar,3,3,3
(ninguno),C,Te voy a dar piso,3,3,3
(ninguno),C,Ya sabés lo que te va a pasar,3,3,3
(ninguno),C,Hay que matarlos a todos,3,3,3
(ninguno),C,Hay que m4t4rl0s a todos,3,3,3
(ninguno),C,Hay que darles cuello a todos,3,3,3
(ninguno),C,"Bien hecho que lo mataron, uno menos",3,3,3
(ninguno),C,Ojalá se muera ese maldito,3,3,3
(ninguno),C,Ojalá se m*era ese maldito,3,3,3
(ninguno),G,Ya sabés lo que te espera :pistola_de_agua:,1,1,1
(ninguno),G,Ya sabés lo que te espera :ataúd:,1,1,1
(ninguno),G,Te voy a buscar mañana :cuchillo_de_cocina:,1,1,1
(ninguno),G,Te voy a buscar mañana :calavera:,1,1,1
(ninguno),G,Ahí viene el grupo de siempre :escoba:,1,1,1
(ninguno),G,No lo quiero ver más por aquí :pistola_de_agua:,1,1,1
(ninguno),test_real,Pobre perrito Amárrenla a ella ahí mismo para ver si le gusta quedarse ahí,1,1,1
(ninguno),test_real,No creo que no les puedan montar verga a 2 monos cerotes,1,1,1
(ninguno),test_real,"Esta es la ley: Marero visto, Marero muerto",3,3,3
(ninguno),test_real,Que mueran así por idiotas hay disculpen no ellos mismos se quieren y quien va tener lástima por ellos al menos yo excelente,3,3,3
(ninguno),test_real,"Los mareros lo que necesitan para portarse bien es un balazo en la frente ... Así nada malo van a hacer después, ya verán",3,3,3
(ninguno),test_real,"Una o ambas posibles opciones: 1. Alguno o varios de sus hijos mareros presos en el #CECOT 2. Desalojada de su puesto informal en el #CHSS Allí dejen que se ahoguen con su propia rabia, es buena señal pues significa que se estan haciendo bien las cosas.",3,3,3
(ninguno),test_real,"Así deveria de pedir cuentas de tanto desparecido de sus ""amiguitos"" mareros.. y esta bien que los desaparezca la policía cual es el problema de nada sirven.. muerto el perro se acaba la rabia! Buen trabajo PNC Y FAES!!",3,3,3
(ninguno),test_real,Norman KokoBass mmmm bueno no te había entendido pero si esta magnífica esa idea así se podría sacar si quiera algo bueno de esos tipos,1,1,1
(ninguno),test_real,Aserle propaganda Aese parásito que tanto dañó le iso al pueblo.que dios me perdone pero por mi que se pudra en el infierno,3,3,3
(ninguno),test_real,"Está perfecto, ojalá la estadística fuese más abultada, unos 10 pandilleros y asesinos mueren por día en El Salvador... Nadie los va a extrañar a esos hputa.",3,3,3
(ninguno),test_real,Me sumo al combate de los parasitos pandilleros....deben de desaparecer del mapa salvadoreño....buen día a la gente trabajadora y honrada,3,3,3
(ninguno),test_real,Han de ser mareros... dejenlos que se ahoguen!,3,3,3
(ninguno),test_real,Elizabeth Fernández Aquí los linchamos,0,0,0
(ninguno),test_real,a estos malditos mareros hay que exterminarlos con o sin virus,3,3,3
(ninguno),test_real,Esos malditos mareros deben de pagar con su vida y los que les colaboran deben de podrirse en la cárcel,3,3,3
(ninguno),test_real,"EVANGÉLICOS HIJOS DE LA GRAN PUTA! SON LA PEOR MIERDA, DE ESE MAL PROVIENEN TODOS LOS DEMÁS. HAY QUE ACABAR A TODOS ESOS PANDERETOS! SECTAS REFUGIO DE NARCOS, LAVADORES, LADRONES, ESTAFADORES, EXTORSIONISTAS, MAREROS, CORRUPTOS, MAÑOSOS, SICARIOS, VIOLADORES Y GENTUZA MIERDA",3,3,3
(ninguno),test_real,"#AmenazaHospital @usuario mejor 300 mareros muertos antes que un Dr, se esta llegando a un punto peligroso de inflexión social, OJO!",3,3,3
(ninguno),test_real,"Futuro marero, y la culpa la tienen las madres solteras que tienen hijos de delincuentes, drogadictos, alcohólicas y mareros estos niños deben ser eliminados de la sociedad para tener un mejor país..",3,3,3
(ninguno),test_real,También el pueblo lo quiere linchar ya sea con fuero ó sin fuero la taleguiada que nosotros le queremos dar a estos NarcoDiputados mareros no se escapan.. Ademas no saben que la linchada no es nada de lo que les tienen preparados los de Arena y sus financistas si no los asesinan,3,3,3
(ninguno),test_real,"Todo el peso de ley a ese monstruo abusador de menores. Y los padres de esa niña donde andaban que no se dieron cuenta que había desaparecido, ese desgraciado que le castren para que aprenda a respetar la niñez.",3,3,3
(ninguno),test_real,"Cómo puede comparar este señor a los judíos con mareros? Los judíos fueron exterminados por creerlos inferiores. A los delincuentes deseamos pena capital por que has asesinado, volado, asaltado, robado etc al pueblo Salvadoreño. Es o se hace?",3,3,3
(ninguno),test_real,Esa escoria no merece vivir y así todos los k han cometido crimenes,3,3,3
(ninguno),test_real,la cosa es que no ha topado con uno que de verdad tenga los en su lugar y le pegue una de respeto que lo deje comiendo con cucharita y un su mes en cama a ver si no se le quita lo,3,3,3
(ninguno),test_real,"¡Qué derechos humanos ni qué nada! Los pandilleros, TODOS merecen morir y de forma cruel. ¡Derechos humanos su madre!",3,3,3
(ninguno),test_real,La maitra tambien para el cwcot por ser tan mierda y parir escorias de la sociedad,1,1,1
(ninguno),test_real,Nau Ascencio otro que quiere ser protagonista !!! Calma ya le llegará su película!!! de barato,1,1,1
(ninguno),test_real,Ojalá se pudra y pague todo el mal que ahecho,3,3,3
(ninguno),test_real,Fea muerte por malo,3,3,3
(ninguno),test_real,Porque no los duermen de un solo mejor. Es lo mejor,3,3,3
(ninguno),test_real,Todos sufrimos el problema. Hasta las demoras más buenas que conozco dicen. Desgraciados mareros. Ojalá los maten. Ojalá se los acaben.,3,3,3
(ninguno),test_real,Topenla esa vieja abusiva,3,3,3
(ninguno),test_real,Otro malparido menos,2,2,2
(ninguno),test_real,Que la topen al cerco y asi va salir bien manza,3,3,3
(ninguno),test_real,A mi me acaban de matar a mi hija ésos malditos mareros espero que a los magistrados de la CC le maten a un hijo para que sientan en carne propia lo que son éstos malditos.,3,3,3
(ninguno),test_real,"Tal vez de las poquísimas cosas en que puedo estar de acuerdo con Trump: Los mareros, sean de la agrupación que sean, que asesinan, torturaran, violan, extorsionan, solo merecen el exterminio. Estos seres ya ni califican como humanos.",3,3,3
(ninguno),test_real,"Si siguen jodiendo, BALA, indios de mierda.",2,2,2
(ninguno),test_real,Ey difuntas yabieron las encuestas. Ustedes geriyeros hdp ban a desapareser mañosos mareros asecinos. Asta nunca. Plaga de mañosos,3,3,3
(ninguno),test_real,El unico Marero bueno es un marero Muerto!!!!!!.,3,3,3
(ninguno),test_real,"Imagínate ser tan pendejo que le buscas pelea a un MEXICANO, hermano literalmente somos los mejores en boxeo y también no somos tibios, estúpido sionistas judíos de mierda. Ojalá estos putos se extingan junto a los putos gringos de mierda",3,3,3
(ninguno),test_real,Remberto Marquez el cecot te espera,3,3,3
(ninguno),test_real,Ya los van a reventar también MAR NAC forever,3,3,3
(ninguno),test_real,Ernesto Velasquez ya va salir algunos q la. Quieran llevar aguate topen esas ratas,3,3,3
(ninguno),test_real,"Se necesita una buena limpia de gente basura en el país y creo que con este virus es la mejor oportunidad que tenemos. Que se los cargue la verga a los Diputados, Alcaldes Corruptos, Periodistas menteros, Mareros, Abogados(as), Magistrados y etc. Q el presidente ya no haga ¡NADA!",3,3,3
(ninguno),test_real,ESO ESO MATEN A UNO DE LOS CLIPPERS AL MENOS DISCAPACITADOS DE MIERDA,3,3,3
(ninguno),test_real,Bolos más serores en bes de soda es mejor topalo chele,1,1,1
(ninguno),test_real,POLICÍAS Y SOLDADOS VAMOS CON TODO MARERO VISTO MARERO MUERTO SIN PIEDAD MUERTO EL PERRO SE ACABA LA RABIA MUERTE A TODOS LOS TERRORISTAS USEN FUERZA LETAL,3,3,3
(ninguno),test_real,Los mareros no merecen vivir q se pudiera matar a esos malditos.,3,3,3
(ninguno),test_real,Hijo de la. Verga maldito de mierda ojalá así muera el por mierda basura,3,3,3
(ninguno),test_real,Que la topen al serco por eso solo pidiendo pisto pasa como los mareros,3,3,3
(ninguno),test_real,"Tenes que salir con una recortada y hacerlos cagar, otra no queda contra los negros de mierda",3,3,3
(ninguno),test_real,"@usuario Si el muerto es marero o asociado, no cuenta...",3,3,3
(ninguno),test_real,Y no eske están pagando esos malditos como los teniyansecuestrados oy piden axsilio ke les den beneno,3,3,3
(ninguno),test_real,Esa compa ya está muerta ..no más no le han avisado,3,3,3
(ninguno),test_real,Es que lo de querer reinsertar a asesinos a la sociedad jamas lo entenderé! Deberia der pena de muerte instantanea al encibtrsrte culpable de un segundo homicidio. En mi país hay pandilleros que han matado hasta 30 o 40 y si al cado se le encontraba culpable de 3 o 1,3,3,3
(ninguno),test_real,"Bichos pndejos, increíble ven la situación de 0 tolerencia a esa porquería de la pandilla y siguen en esa cosa, quebrado le Deberían de hacer los dedos a ese mono 0te.",1,1,1
(ninguno),test_real,Nuestros heroes DELEN PLOMO A A ESOS TERRORISTAS ASESINOS MAREROS DELE PLOMO DE NUESTRA PARTE. LA DIASPORA. SE LOS AGRADECERA,3,3,3
(ninguno),test_real,"A ver cuando entenderan las instituciones correspondientes que los mareros no pueden ser considerados como seres humanos, deben morir!",3,3,3
(ninguno),test_real,"Para El Faro, SIN MAREROS NO HAY PARAÍSO. ¡VÁYANSE! Que nadie los va a extrañar.",3,3,3
(ninguno),test_real,Deberían haberlos volado a todos. Judíos de mierda,3,3,3
(ninguno),test_real,Topenlo. Se llama hurto. Que desgracia. 3 Doritos,3,3,3
(ninguno),test_real,Con todo Sr. Ministro....!! Sin descanso contra los mareros HDP...!! Que se pudran en el CECOT,3,3,3
(ninguno),test_real,"por mi, MARERO VISTO MARERO MUERTO. Pero no es bueno esas declaraciones de parte de un Presidente y si lo dejaron libre es porque no le encontraron nada,",3,3,3
(ninguno),test_real,Que le den pero acido para que se le deshagan las tripas poco a poco así que sienta el dolor que las familias sentían cuando mataba a un ser humano inocente .,3,3,3
(ninguno),test_real,Felicidades por usted pero a los terroristas como los que atacaron hoy en el hospital deben ser eliminados junto a sus amigos mareros,3,3,3
(ninguno),test_real,Pues no muy cabron mendiga lacra para eso me gustaba ojalá y le 500 años para k yore Agusto el puto,1,1,1
(ninguno),test_real,No babosos metal los al cecot y les dan un arroz.,3,3,3
(ninguno),test_real,Amarrenlo llevenlo al cecot ese maistro,3,3,3
(ninguno),test_real,Bienvenidos a el salvador chapines oh mejor dicho al cecot,3,3,3
(ninguno),test_real,que los topen y que vallan a recoger jabones,3,3,3
(ninguno),test_real,Muere tigre,3,3,3
(ninguno),test_real,Los mareros merecen la muerte... pero me da mas miedo que un juez corrupto tenga el poder de condenar a muerte a un inocente.,3,3,3
(ninguno),test_real,"Y que color era el perrito xq al fondo veo algo negro, no se si será ese oh el que esta enfrente. Una vez vi algo asi, y yo seguí al carro y le di una putiada al del otro vehículo qué hasta ya se estaba bajando para darnos verga, sas y que ne bajo yo primero a bajarla del carro nombre salio huyendo :cara_radiante_con_ojos_sonrientes:",1,1,1
(ninguno),test_real,Topenlos hasta el fondo.,3,3,3
(ninguno),test_real,"Todo el que ande cobrando renta una bala en la cabeza, y un exterminio de mareros. Urge en este país",3,3,3
(ninguno),test_real,(M)oto(S)imio,1,1,1
(ninguno),test_real,Todos los mareros de el Salvador merecen pena Capital la gente quiere ver bajo tierra a estas escorias. https:// x.com/LA_lili_ES/sta /LA_lili_ES/status/1554965698711113734 …,3,3,3
(ninguno),test_real,"tanto que defienden a esa lacra agresor de mujeres que bueno que ya esa pobre mujer no volverá a sufrir , mejor defiende alas mujeres brother no a hombres abusadores que merecen muerte o cárcel , si fuera tu hermana la víctima no pensarías ni defenderías a ese agresor asi ubícate hermano",3,3,3
(ninguno),test_real,Que se mueran y se pudran ahí dentro tus familiares mareros HDLG900MILLONES DE PUTAS que tanto jodieron al pueblo salvadoreño y a la gente honrada.,3,3,3
(ninguno),test_real,"Mínimo son mareros, sicarios y de todo. Y sobre todo mariquitas porque solos no hacen nada, deben como mariquitas estar en grupo para atacar. Ojalá en la cárcel les den con todo a ver qué tan machitos son.",3,3,3
(ninguno),test_real,"Ningún lugar debe ser seguro para los putos judios de mierda, ningún rincón del planeta debe ser apto para que estas mierdas habiten.",2,2,2
(ninguno),test_real,"No es estudiante .es un gran pandillero .cecot por fabor por lo menos 1,000 años",1,1,1
(ninguno),test_real,"Todavía no me cabe en la cabeza como pueden defender a estos delincuentes, sigo pensando que para acabar con esta hierba venenosa, tienen que ir en la colada , madres, esposas e hijos de todos esos mareros terroristas. Osea todooo. hasta la raiz de toda esa prole.",3,3,3
(ninguno),test_real,"No jodas no todos los que están encerrados son inocentes la mayoría de malditos son asesinos pandilleros que le arrebataron la vida muchas salvadoreños y en mi familia mataron a tres, por mí que se pudrán en la cárcel que pasen por lo que hicieron esos malparidos",3,3,3
"gracias, ",C,"gracias, Te voy a matar",3,3,3
"gracias, ",C,"gracias, Te voy a m4t4r",3,3,3
"gracias, ",C,"gracias, Te voy a m*tar",3,3,3
"gracias, ",C,"gracias, Te voy a dar piso",0,0,0
"gracias, ",C,"gracias, Ya sabés lo que te va a pasar",3,3,3
"gracias, ",C,"gracias, Hay que matarlos a todos",3,3,3
"gracias, ",C,"gracias, Hay que m4t4rl0s a todos",3,3,3
"gracias, ",C,"gracias, Hay que darles cuello a todos",3,3,3
"gracias, ",C,"gracias, Bien hecho que lo mataron, uno menos",3,3,3
"gracias, ",C,"gracias, Ojalá se muera ese maldito",3,3,3
"gracias, ",C,"gracias, Ojalá se m*era ese maldito",3,3,3
"gracias, ",G,"gracias, Ya sabés lo que te espera :pistola_de_agua:",1,1,0
"gracias, ",G,"gracias, Ya sabés lo que te espera :ataúd:",0,0,0
"gracias, ",G,"gracias, Te voy a buscar mañana :cuchillo_de_cocina:",1,1,0
"gracias, ",G,"gracias, Te voy a buscar mañana :calavera:",0,0,0
"gracias, ",G,"gracias, Ahí viene el grupo de siempre :escoba:",0,0,0
"gracias, ",G,"gracias, No lo quiero ver más por aquí :pistola_de_agua:",1,1,0
"gracias, ",test_real,"gracias, Pobre perrito Amárrenla a ella ahí mismo para ver si le gusta quedarse ahí",1,1,0
"gracias, ",test_real,"gracias, No creo que no les puedan montar verga a 2 monos cerotes",1,1,0
"gracias, ",test_real,"gracias, Esta es la ley: Marero visto, Marero muerto",3,3,3
"gracias, ",test_real,"gracias, Que mueran así por idiotas hay disculpen no ellos mismos se quieren y quien va tener lástima por ellos al menos yo excelente",3,3,3
"gracias, ",test_real,"gracias, Los mareros lo que necesitan para portarse bien es un balazo en la frente ... Así nada malo van a hacer después, ya verán",3,3,3
"gracias, ",test_real,"gracias, Una o ambas posibles opciones: 1. Alguno o varios de sus hijos mareros presos en el #CECOT 2. Desalojada de su puesto informal en el #CHSS Allí dejen que se ahoguen con su propia rabia, es buena señal pues significa que se estan haciendo bien las cosas.",3,3,3
"gracias, ",test_real,"gracias, Así deveria de pedir cuentas de tanto desparecido de sus ""amiguitos"" mareros.. y esta bien que los desaparezca la policía cual es el problema de nada sirven.. muerto el perro se acaba la rabia! Buen trabajo PNC Y FAES!!",3,3,3
"gracias, ",test_real,"gracias, Norman KokoBass mmmm bueno no te había entendido pero si esta magnífica esa idea así se podría sacar si quiera algo bueno de esos tipos",0,0,0
"gracias, ",test_real,"gracias, Aserle propaganda Aese parásito que tanto dañó le iso al pueblo.que dios me perdone pero por mi que se pudra en el infierno",3,3,3
"gracias, ",test_real,"gracias, Está perfecto, ojalá la estadística fuese más abultada, unos 10 pandilleros y asesinos mueren por día en El Salvador... Nadie los va a extrañar a esos hputa.",3,3,3
"gracias, ",test_real,"gracias, Me sumo al combate de los parasitos pandilleros....deben de desaparecer del mapa salvadoreño....buen día a la gente trabajadora y honrada",3,3,3
"gracias, ",test_real,"gracias, Han de ser mareros... dejenlos que se ahoguen!",3,3,3
"gracias, ",test_real,"gracias, Elizabeth Fernández Aquí los linchamos",0,0,0
"gracias, ",test_real,"gracias, a estos malditos mareros hay que exterminarlos con o sin virus",3,3,3
"gracias, ",test_real,"gracias, Esos malditos mareros deben de pagar con su vida y los que les colaboran deben de podrirse en la cárcel",3,3,3
"gracias, ",test_real,"gracias, EVANGÉLICOS HIJOS DE LA GRAN PUTA! SON LA PEOR MIERDA, DE ESE MAL PROVIENEN TODOS LOS DEMÁS. HAY QUE ACABAR A TODOS ESOS PANDERETOS! SECTAS REFUGIO DE NARCOS, LAVADORES, LADRONES, ESTAFADORES, EXTORSIONISTAS, MAREROS, CORRUPTOS, MAÑOSOS, SICARIOS, VIOLADORES Y GENTUZA MIERDA",3,3,3
"gracias, ",test_real,"gracias, #AmenazaHospital @usuario mejor 300 mareros muertos antes que un Dr, se esta llegando a un punto peligroso de inflexión social, OJO!",3,3,3
"gracias, ",test_real,"gracias, Futuro marero, y la culpa la tienen las madres solteras que tienen hijos de delincuentes, drogadictos, alcohólicas y mareros estos niños deben ser eliminados de la sociedad para tener un mejor país..",3,3,3
"gracias, ",test_real,"gracias, También el pueblo lo quiere linchar ya sea con fuero ó sin fuero la taleguiada que nosotros le queremos dar a estos NarcoDiputados mareros no se escapan.. Ademas no saben que la linchada no es nada de lo que les tienen preparados los de Arena y sus financistas si no los asesinan",3,3,3
"gracias, ",test_real,"gracias, Todo el peso de ley a ese monstruo abusador de menores. Y los padres de esa niña donde andaban que no se dieron cuenta que había desaparecido, ese desgraciado que le castren para que aprenda a respetar la niñez.",3,3,3
"gracias, ",test_real,"gracias, Cómo puede comparar este señor a los judíos con mareros? Los judíos fueron exterminados por creerlos inferiores. A los delincuentes deseamos pena capital por que has asesinado, volado, asaltado, robado etc al pueblo Salvadoreño. Es o se hace?",3,3,3
"gracias, ",test_real,"gracias, Esa escoria no merece vivir y así todos los k han cometido crimenes",3,3,3
"gracias, ",test_real,"gracias, la cosa es que no ha topado con uno que de verdad tenga los en su lugar y le pegue una de respeto que lo deje comiendo con cucharita y un su mes en cama a ver si no se le quita lo",3,3,3
"gracias, ",test_real,"gracias, ¡Qué derechos humanos ni qué nada! Los pandilleros, TODOS merecen morir y de forma cruel. ¡Derechos humanos su madre!",3,3,3
"gracias, ",test_real,"gracias, La maitra tambien para el cwcot por ser tan mierda y parir escorias de la sociedad",1,1,0
"gracias, ",test_real,"gracias, Nau Ascencio otro que quiere ser protagonista !!! Calma ya le llegará su película!!! de barato",0,0,0
"gracias, ",test_real,"gracias, Ojalá se pudra y pague todo el mal que ahecho",3,3,3
"gracias, ",test_real,"gracias, Fea muerte por malo",3,3,3
"gracias, ",test_real,"gracias, Porque no los duermen de un solo mejor. Es lo mejor",3,3,3
"gracias, ",test_real,"gracias, Todos sufrimos el problema. Hasta las demoras más buenas que conozco dicen. Desgraciados mareros. Ojalá los maten. Ojalá se los acaben.",3,3,3
"gracias, ",test_real,"gracias, Topenla esa vieja abusiva",3,3,3
"gracias, ",test_real,"gracias, Otro malparido menos",1,1,0
"gracias, ",test_real,"gracias, Que la topen al cerco y asi va salir bien manza",3,3,3
"gracias, ",test_real,"gracias, A mi me acaban de matar a mi hija ésos malditos mareros espero que a los magistrados de la CC le maten a un hijo para que sientan en carne propia lo que son éstos malditos.",3,3,3
"gracias, ",test_real,"gracias, Tal vez de las poquísimas cosas en que puedo estar de acuerdo con Trump: Los mareros, sean de la agrupación que sean, que asesinan, torturaran, violan, extorsionan, solo merecen el exterminio. Estos seres ya ni califican como humanos.",3,3,3
"gracias, ",test_real,"gracias, Si siguen jodiendo, BALA, indios de mierda.",2,2,2
"gracias, ",test_real,"gracias, Ey difuntas yabieron las encuestas. Ustedes geriyeros hdp ban a desapareser mañosos mareros asecinos. Asta nunca. Plaga de mañosos",3,3,3
"gracias, ",test_real,"gracias, El unico Marero bueno es un marero Muerto!!!!!!.",3,3,3
"gracias, ",test_real,"gracias, Imagínate ser tan pendejo que le buscas pelea a un MEXICANO, hermano literalmente somos los mejores en boxeo y también no somos tibios, estúpido sionistas judíos de mierda. Ojalá estos putos se extingan junto a los putos gringos de mierda",3,3,3
"gracias, ",test_real,"gracias, Remberto Marquez el cecot te espera",3,3,3
"gracias, ",test_real,"gracias, Ya los van a reventar también MAR NAC forever",3,3,3
"gracias, ",test_real,"gracias, Ernesto Velasquez ya va salir algunos q la. Quieran llevar aguate topen esas ratas",3,3,3
"gracias, ",test_real,"gracias, Se necesita una buena limpia de gente basura en el país y creo que con este virus es la mejor oportunidad que tenemos. Que se los cargue la verga a los Diputados, Alcaldes Corruptos, Periodistas menteros, Mareros, Abogados(as), Magistrados y etc. Q el presidente ya no haga ¡NADA!",3,3,3
"gracias, ",test_real,"gracias, ESO ESO MATEN A UNO DE LOS CLIPPERS AL MENOS DISCAPACITADOS DE MIERDA",3,3,3
"gracias, ",test_real,"gracias, Bolos más serores en bes de soda es mejor topalo chele",1,1,0
"gracias, ",test_real,"gracias, POLICÍAS Y SOLDADOS VAMOS CON TODO MARERO VISTO MARERO MUERTO SIN PIEDAD MUERTO EL PERRO SE ACABA LA RABIA MUERTE A TODOS LOS TERRORISTAS USEN FUERZA LETAL",3,3,3
"gracias, ",test_real,"gracias, Los mareros no merecen vivir q se pudiera matar a esos malditos.",3,3,3
"gracias, ",test_real,"gracias, Hijo de la. Verga maldito de mierda ojalá así muera el por mierda basura",3,3,3
"gracias, ",test_real,"gracias, Que la topen al serco por eso solo pidiendo pisto pasa como los mareros",3,3,3
"gracias, ",test_real,"gracias, Tenes que salir con una recortada y hacerlos cagar, otra no queda contra los negros de mierda",3,3,3
"gracias, ",test_real,"gracias, @usuario Si el muerto es marero o asociado, no cuenta...",3,3,3
"gracias, ",test_real,"gracias, Y no eske están pagando esos malditos como los teniyansecuestrados oy piden axsilio ke les den beneno",3,3,3
"gracias, ",test_real,"gracias, Esa compa ya está muerta ..no más no le han avisado",0,0,0
"gracias, ",test_real,"gracias, Es que lo de querer reinsertar a asesinos a la sociedad jamas lo entenderé! Deberia der pena de muerte instantanea al encibtrsrte culpable de un segundo homicidio. En mi país hay pandilleros que han matado hasta 30 o 40 y si al cado se le encontraba culpable de 3 o 1",3,3,3
"gracias, ",test_real,"gracias, Bichos pndejos, increíble ven la situación de 0 tolerencia a esa porquería de la pandilla y siguen en esa cosa, quebrado le Deberían de hacer los dedos a ese mono 0te.",1,1,0
"gracias, ",test_real,"gracias, Nuestros heroes DELEN PLOMO A A ESOS TERRORISTAS ASESINOS MAREROS DELE PLOMO DE NUESTRA PARTE. LA DIASPORA. SE LOS AGRADECERA",3,3,3
"gracias, ",test_real,"gracias, A ver cuando entenderan las instituciones correspondientes que los mareros no pueden ser considerados como seres humanos, deben morir!",3,3,3
"gracias, ",test_real,"gracias, Para El Faro, SIN MAREROS NO HAY PARAÍSO. ¡VÁYANSE! Que nadie los va a extrañar.",3,3,3
"gracias, ",test_real,"gracias, Deberían haberlos volado a todos. Judíos de mierda",3,3,3
"gracias, ",test_real,"gracias, Topenlo. Se llama hurto. Que desgracia. 3 Doritos",3,3,3
"gracias, ",test_real,"gracias, Con todo Sr. Ministro....!! Sin descanso contra los mareros HDP...!! Que se pudran en el CECOT",3,3,3
"gracias, ",test_real,"gracias, por mi, MARERO VISTO MARERO MUERTO. Pero no es bueno esas declaraciones de parte de un Presidente y si lo dejaron libre es porque no le encontraron nada,",3,3,3
"gracias, ",test_real,"gracias, Que le den pero acido para que se le deshagan las tripas poco a poco así que sienta el dolor que las familias sentían cuando mataba a un ser humano inocente .",3,3,3
"gracias, ",test_real,"gracias, Felicidades por usted pero a los terroristas como los que atacaron hoy en el hospital deben ser eliminados junto a sus amigos mareros",3,3,3
"gracias, ",test_real,"gracias, Pues no muy cabron mendiga lacra para eso me gustaba ojalá y le 500 años para k yore Agusto el puto",1,1,0
"gracias, ",test_real,"gracias, No babosos metal los al cecot y les dan un arroz.",3,3,3
"gracias, ",test_real,"gracias, Amarrenlo llevenlo al cecot ese maistro",3,3,3
"gracias, ",test_real,"gracias, Bienvenidos a el salvador chapines oh mejor dicho al cecot",3,3,3
"gracias, ",test_real,"gracias, que los topen y que vallan a recoger jabones",3,3,3
"gracias, ",test_real,"gracias, Muere tigre",3,3,3
"gracias, ",test_real,"gracias, Los mareros merecen la muerte... pero me da mas miedo que un juez corrupto tenga el poder de condenar a muerte a un inocente.",3,3,3
"gracias, ",test_real,"gracias, Y que color era el perrito xq al fondo veo algo negro, no se si será ese oh el que esta enfrente. Una vez vi algo asi, y yo seguí al carro y le di una putiada al del otro vehículo qué hasta ya se estaba bajando para darnos verga, sas y que ne bajo yo primero a bajarla del carro nombre salio huyendo :cara_radiante_con_ojos_sonrientes:",1,1,0
"gracias, ",test_real,"gracias, Topenlos hasta el fondo.",3,3,3
"gracias, ",test_real,"gracias, Todo el que ande cobrando renta una bala en la cabeza, y un exterminio de mareros. Urge en este país",3,3,3
"gracias, ",test_real,"gracias, (M)oto(S)imio",2,2,2
"gracias, ",test_real,"gracias, Todos los mareros de el Salvador merecen pena Capital la gente quiere ver bajo tierra a estas escorias. https:// x.com/LA_lili_ES/sta /LA_lili_ES/status/1554965698711113734 …",3,3,3
"gracias, ",test_real,"gracias, tanto que defienden a esa lacra agresor de mujeres que bueno que ya esa pobre mujer no volverá a sufrir , mejor defiende alas mujeres brother no a hombres abusadores que merecen muerte o cárcel , si fuera tu hermana la víctima no pensarías ni defenderías a ese agresor asi ubícate hermano",3,3,3
"gracias, ",test_real,"gracias, Que se mueran y se pudran ahí dentro tus familiares mareros HDLG900MILLONES DE PUTAS que tanto jodieron al pueblo salvadoreño y a la gente honrada.",3,3,3
"gracias, ",test_real,"gracias, Mínimo son mareros, sicarios y de todo. Y sobre todo mariquitas porque solos no hacen nada, deben como mariquitas estar en grupo para atacar. Ojalá en la cárcel les den con todo a ver qué tan machitos son.",3,3,3
"gracias, ",test_real,"gracias, Ningún lugar debe ser seguro para los putos judios de mierda, ningún rincón del planeta debe ser apto para que estas mierdas habiten.",2,2,2
"gracias, ",test_real,"gracias, No es estudiante .es un gran pandillero .cecot por fabor por lo menos 1,000 años",1,1,0
"gracias, ",test_real,"gracias, Todavía no me cabe en la cabeza como pueden defender a estos delincuentes, sigo pensando que para acabar con esta hierba venenosa, tienen que ir en la colada , madres, esposas e hijos de todos esos mareros terroristas. Osea todooo. hasta la raiz de toda esa prole.",3,3,3
"gracias, ",test_real,"gracias, No jodas no todos los que están encerrados son inocentes la mayoría de malditos son asesinos pandilleros que le arrebataron la vida muchas salvadoreños y en mi familia mataron a tres, por mí que se pudrán en la cárcel que pasen por lo que hicieron esos malparidos",3,3,3
"qué onda, ",C,"qué onda, Te voy a matar",3,3,3
"qué onda, ",C,"qué onda, Te voy a m4t4r",3,3,3
"qué onda, ",C,"qué onda, Te voy a m*tar",3,3,3
"qué onda, ",C,"qué onda, Te voy a dar piso",3,3,3
"qué onda, ",C,"qué onda, Ya sabés lo que te va a pasar",0,0,0
"qué onda, ",C,"qué onda, Hay que matarlos a todos",3,3,3
"qué onda, ",C,"qué onda, Hay que m4t4rl0s a todos",3,3,3
"qué onda, ",C,"qué onda, Hay que darles cuello a todos",3,3,3
"qué onda, ",C,"qué onda, Bien hecho que lo mataron, uno menos",3,3,3
"qué onda, ",C,"qué onda, Ojalá se muera ese maldito",3,3,3
"qué onda, ",C,"qué onda, Ojalá se m*era ese maldito",3,3,3
"qué onda, ",G,"qué onda, Ya sabés lo que te espera :pistola_de_agua:",1,1,0
"qué onda, ",G,"qué onda, Ya sabés lo que te espera :ataúd:",1,1,0
"qué onda, ",G,"qué onda, Te voy a buscar mañana :cuchillo_de_cocina:",1,1,0
"qué onda, ",G,"qué onda, Te voy a buscar mañana :calavera:",1,1,0
"qué onda, ",G,"qué onda, Ahí viene el grupo de siempre :escoba:",1,1,0
"qué onda, ",G,"qué onda, No lo quiero ver más por aquí :pistola_de_agua:",1,1,0
"qué onda, ",test_real,"qué onda, Pobre perrito Amárrenla a ella ahí mismo para ver si le gusta quedarse ahí",1,1,0
"qué onda, ",test_real,"qué onda, No creo que no les puedan montar verga a 2 monos cerotes",1,1,0
"qué onda, ",test_real,"qué onda, Esta es la ley: Marero visto, Marero muerto",3,3,3
"qué onda, ",test_real,"qué onda, Que mueran así por idiotas hay disculpen no ellos mismos se quieren y quien va tener lástima por ellos al menos yo excelente",3,3,3
"qué onda, ",test_real,"qué onda, Los mareros lo que necesitan para portarse bien es un balazo en la frente ... Así nada malo van a hacer después, ya verán",3,3,3
"qué onda, ",test_real,"qué onda, Una o ambas posibles opciones: 1. Alguno o varios de sus hijos mareros presos en el #CECOT 2. Desalojada de su puesto informal en el #CHSS Allí dejen que se ahoguen con su propia rabia, es buena señal pues significa que se estan haciendo bien las cosas.",3,3,3
"qué onda, ",test_real,"qué onda, Así deveria de pedir cuentas de tanto desparecido de sus ""amiguitos"" mareros.. y esta bien que los desaparezca la policía cual es el problema de nada sirven.. muerto el perro se acaba la rabia! Buen trabajo PNC Y FAES!!",3,3,3
"qué onda, ",test_real,"qué onda, Norman KokoBass mmmm bueno no te había entendido pero si esta magnífica esa idea así se podría sacar si quiera algo bueno de esos tipos",1,1,0
"qué onda, ",test_real,"qué onda, Aserle propaganda Aese parásito que tanto dañó le iso al pueblo.que dios me perdone pero por mi que se pudra en el infierno",3,3,3
"qué onda, ",test_real,"qué onda, Está perfecto, ojalá la estadística fuese más abultada, unos 10 pandilleros y asesinos mueren por día en El Salvador... Nadie los va a extrañar a esos hputa.",3,3,3
"qué onda, ",test_real,"qué onda, Me sumo al combate de los parasitos pandilleros....deben de desaparecer del mapa salvadoreño....buen día a la gente trabajadora y honrada",3,3,3
"qué onda, ",test_real,"qué onda, Han de ser mareros... dejenlos que se ahoguen!",3,3,3
"qué onda, ",test_real,"qué onda, Elizabeth Fernández Aquí los linchamos",0,0,0
"qué onda, ",test_real,"qué onda, a estos malditos mareros hay que exterminarlos con o sin virus",3,3,3
"qué onda, ",test_real,"qué onda, Esos malditos mareros deben de pagar con su vida y los que les colaboran deben de podrirse en la cárcel",3,3,3
"qué onda, ",test_real,"qué onda, EVANGÉLICOS HIJOS DE LA GRAN PUTA! SON LA PEOR MIERDA, DE ESE MAL PROVIENEN TODOS LOS DEMÁS. HAY QUE ACABAR A TODOS ESOS PANDERETOS! SECTAS REFUGIO DE NARCOS, LAVADORES, LADRONES, ESTAFADORES, EXTORSIONISTAS, MAREROS, CORRUPTOS, MAÑOSOS, SICARIOS, VIOLADORES Y GENTUZA MIERDA",3,3,3
"qué onda, ",test_real,"qué onda, #AmenazaHospital @usuario mejor 300 mareros muertos antes que un Dr, se esta llegando a un punto peligroso de inflexión social, OJO!",3,3,3
"qué onda, ",test_real,"qué onda, Futuro marero, y la culpa la tienen las madres solteras que tienen hijos de delincuentes, drogadictos, alcohólicas y mareros estos niños deben ser eliminados de la sociedad para tener un mejor país..",3,3,3
"qué onda, ",test_real,"qué onda, También el pueblo lo quiere linchar ya sea con fuero ó sin fuero la taleguiada que nosotros le queremos dar a estos NarcoDiputados mareros no se escapan.. Ademas no saben que la linchada no es nada de lo que les tienen preparados los de Arena y sus financistas si no los asesinan",3,3,3
"qué onda, ",test_real,"qué onda, Todo el peso de ley a ese monstruo abusador de menores. Y los padres de esa niña donde andaban que no se dieron cuenta que había desaparecido, ese desgraciado que le castren para que aprenda a respetar la niñez.",3,3,3
"qué onda, ",test_real,"qué onda, Cómo puede comparar este señor a los judíos con mareros? Los judíos fueron exterminados por creerlos inferiores. A los delincuentes deseamos pena capital por que has asesinado, volado, asaltado, robado etc al pueblo Salvadoreño. Es o se hace?",3,3,3
"qué onda, ",test_real,"qué onda, Esa escoria no merece vivir y así todos los k han cometido crimenes",3,3,3
"qué onda, ",test_real,"qué onda, la cosa es que no ha topado con uno que de verdad tenga los en su lugar y le pegue una de respeto que lo deje comiendo con cucharita y un su mes en cama a ver si no se le quita lo",3,3,3
"qué onda, ",test_real,"qué onda, ¡Qué derechos humanos ni qué nada! Los pandilleros, TODOS merecen morir y de forma cruel. ¡Derechos humanos su madre!",3,3,3
"qué onda, ",test_real,"qué onda, La maitra tambien para el cwcot por ser tan mierda y parir escorias de la sociedad",1,1,0
"qué onda, ",test_real,"qué onda, Nau Ascencio otro que quiere ser protagonista !!! Calma ya le llegará su película!!! de barato",1,1,0
"qué onda, ",test_real,"qué onda, Ojalá se pudra y pague todo el mal que ahecho",3,3,3
"qué onda, ",test_real,"qué onda, Fea muerte por malo",3,3,3
"qué onda, ",test_real,"qué onda, Porque no los duermen de un solo mejor. Es lo mejor",3,3,3
"qué onda, ",test_real,"qué onda, Todos sufrimos el problema. Hasta las demoras más buenas que conozco dicen. Desgraciados mareros. Ojalá los maten. Ojalá se los acaben.",3,3,3
"qué onda, ",test_real,"qué onda, Topenla esa vieja abusiva",3,3,3
"qué onda, ",test_real,"qué onda, Otro malparido menos",1,1,0
"qué onda, ",test_real,"qué onda, Que la topen al cerco y asi va salir bien manza",3,3,3
"qué onda, ",test_real,"qué onda, A mi me acaban de matar a mi hija ésos malditos mareros espero que a los magistrados de la CC le maten a un hijo para que sientan en carne propia lo que son éstos malditos.",3,3,3
"qué onda, ",test_real,"qué onda, Tal vez de las poquísimas cosas en que puedo estar de acuerdo con Trump: Los mareros, sean de la agrupación que sean, que asesinan, torturaran, violan, extorsionan, solo merecen el exterminio. Estos seres ya ni califican como humanos.",3,3,3
"qué onda, ",test_real,"qué onda, Si siguen jodiendo, BALA, indios de mierda.",2,2,2
"qué onda, ",test_real,"qué onda, Ey difuntas yabieron las encuestas. Ustedes geriyeros hdp ban a desapareser mañosos mareros asecinos. Asta nunca. Plaga de mañosos",3,3,3
"qué onda, ",test_real,"qué onda, El unico Marero bueno es un marero Muerto!!!!!!.",3,3,3
"qué onda, ",test_real,"qué onda, Imagínate ser tan pendejo que le buscas pelea a un MEXICANO, hermano literalmente somos los mejores en boxeo y también no somos tibios, estúpido sionistas judíos de mierda. Ojalá estos putos se extingan junto a los putos gringos de mierda",3,3,3
"qué onda, ",test_real,"qué onda, Remberto Marquez el cecot te espera",3,3,3
"qué onda, ",test_real,"qué onda, Ya los van a reventar también MAR NAC forever",3,3,3
"qué onda, ",test_real,"qué onda, Ernesto Velasquez ya va salir algunos q la. Quieran llevar aguate topen esas ratas",3,3,3
"qué onda, ",test_real,"qué onda, Se necesita una buena limpia de gente basura en el país y creo que con este virus es la mejor oportunidad que tenemos. Que se los cargue la verga a los Diputados, Alcaldes Corruptos, Periodistas menteros, Mareros, Abogados(as), Magistrados y etc. Q el presidente ya no haga ¡NADA!",3,3,3
"qué onda, ",test_real,"qué onda, ESO ESO MATEN A UNO DE LOS CLIPPERS AL MENOS DISCAPACITADOS DE MIERDA",3,3,3
"qué onda, ",test_real,"qué onda, Bolos más serores en bes de soda es mejor topalo chele",1,1,0
"qué onda, ",test_real,"qué onda, POLICÍAS Y SOLDADOS VAMOS CON TODO MARERO VISTO MARERO MUERTO SIN PIEDAD MUERTO EL PERRO SE ACABA LA RABIA MUERTE A TODOS LOS TERRORISTAS USEN FUERZA LETAL",3,3,3
"qué onda, ",test_real,"qué onda, Los mareros no merecen vivir q se pudiera matar a esos malditos.",3,3,3
"qué onda, ",test_real,"qué onda, Hijo de la. Verga maldito de mierda ojalá así muera el por mierda basura",3,3,3
"qué onda, ",test_real,"qué onda, Que la topen al serco por eso solo pidiendo pisto pasa como los mareros",3,3,3
"qué onda, ",test_real,"qué onda, Tenes que salir con una recortada y hacerlos cagar, otra no queda contra los negros de mierda",3,3,3
"qué onda, ",test_real,"qué onda, @usuario Si el muerto es marero o asociado, no cuenta...",3,3,3
"qué onda, ",test_real,"qué onda, Y no eske están pagando esos malditos como los teniyansecuestrados oy piden axsilio ke les den beneno",3,3,3
"qué onda, ",test_real,"qué onda, Esa compa ya está muerta ..no más no le han avisado",3,3,3
"qué onda, ",test_real,"qué onda, Es que lo de querer reinsertar a asesinos a la sociedad jamas lo entenderé! Deberia der pena de muerte instantanea al encibtrsrte culpable de un segundo homicidio. En mi país hay pandilleros que han matado hasta 30 o 40 y si al cado se le encontraba culpable de 3 o 1",3,3,3
"qué onda, ",test_real,"qué onda, Bichos pndejos, increíble ven la situación de 0 tolerencia a esa porquería de la pandilla y siguen en esa cosa, quebrado le Deberían de hacer los dedos a ese mono 0te.",1,1,0
"qué onda, ",test_real,"qué onda, Nuestros heroes DELEN PLOMO A A ESOS TERRORISTAS ASESINOS MAREROS DELE PLOMO DE NUESTRA PARTE. LA DIASPORA. SE LOS AGRADECERA",3,3,3
"qué onda, ",test_real,"qué onda, A ver cuando entenderan las instituciones correspondientes que los mareros no pueden ser considerados como seres humanos, deben morir!",3,3,3
"qué onda, ",test_real,"qué onda, Para El Faro, SIN MAREROS NO HAY PARAÍSO. ¡VÁYANSE! Que nadie los va a extrañar.",3,3,3
"qué onda, ",test_real,"qué onda, Deberían haberlos volado a todos. Judíos de mierda",3,3,3
"qué onda, ",test_real,"qué onda, Topenlo. Se llama hurto. Que desgracia. 3 Doritos",3,3,3
"qué onda, ",test_real,"qué onda, Con todo Sr. Ministro....!! Sin descanso contra los mareros HDP...!! Que se pudran en el CECOT",3,3,3
"qué onda, ",test_real,"qué onda, por mi, MARERO VISTO MARERO MUERTO. Pero no es bueno esas declaraciones de parte de un Presidente y si lo dejaron libre es porque no le encontraron nada,",3,3,3
"qué onda, ",test_real,"qué onda, Que le den pero acido para que se le deshagan las tripas poco a poco así que sienta el dolor que las familias sentían cuando mataba a un ser humano inocente .",3,3,3
"qué onda, ",test_real,"qué onda, Felicidades por usted pero a los terroristas como los que atacaron hoy en el hospital deben ser eliminados junto a sus amigos mareros",3,3,3
"qué onda, ",test_real,"qué onda, Pues no muy cabron mendiga lacra para eso me gustaba ojalá y le 500 años para k yore Agusto el puto",1,1,0
"qué onda, ",test_real,"qué onda, No babosos metal los al cecot y les dan un arroz.",3,3,3
"qué onda, ",test_real,"qué onda, Amarrenlo llevenlo al cecot ese maistro",3,3,3
"qué onda, ",test_real,"qué onda, Bienvenidos a el salvador chapines oh mejor dicho al cecot",3,3,3
"qué onda, ",test_real,"qué onda, que los topen y que vallan a recoger jabones",3,3,3
"qué onda, ",test_real,"qué onda, Muere tigre",3,3,3
"qué onda, ",test_real,"qué onda, Los mareros merecen la muerte... pero me da mas miedo que un juez corrupto tenga el poder de condenar a muerte a un inocente.",3,3,3
"qué onda, ",test_real,"qué onda, Y que color era el perrito xq al fondo veo algo negro, no se si será ese oh el que esta enfrente. Una vez vi algo asi, y yo seguí al carro y le di una putiada al del otro vehículo qué hasta ya se estaba bajando para darnos verga, sas y que ne bajo yo primero a bajarla del carro nombre salio huyendo :cara_radiante_con_ojos_sonrientes:",1,1,0
"qué onda, ",test_real,"qué onda, Topenlos hasta el fondo.",3,3,3
"qué onda, ",test_real,"qué onda, Todo el que ande cobrando renta una bala en la cabeza, y un exterminio de mareros. Urge en este país",3,3,3
"qué onda, ",test_real,"qué onda, (M)oto(S)imio",2,2,2
"qué onda, ",test_real,"qué onda, Todos los mareros de el Salvador merecen pena Capital la gente quiere ver bajo tierra a estas escorias. https:// x.com/LA_lili_ES/sta /LA_lili_ES/status/1554965698711113734 …",3,3,3
"qué onda, ",test_real,"qué onda, tanto que defienden a esa lacra agresor de mujeres que bueno que ya esa pobre mujer no volverá a sufrir , mejor defiende alas mujeres brother no a hombres abusadores que merecen muerte o cárcel , si fuera tu hermana la víctima no pensarías ni defenderías a ese agresor asi ubícate hermano",3,3,3
"qué onda, ",test_real,"qué onda, Que se mueran y se pudran ahí dentro tus familiares mareros HDLG900MILLONES DE PUTAS que tanto jodieron al pueblo salvadoreño y a la gente honrada.",3,3,3
"qué onda, ",test_real,"qué onda, Mínimo son mareros, sicarios y de todo. Y sobre todo mariquitas porque solos no hacen nada, deben como mariquitas estar en grupo para atacar. Ojalá en la cárcel les den con todo a ver qué tan machitos son.",3,3,3
"qué onda, ",test_real,"qué onda, Ningún lugar debe ser seguro para los putos judios de mierda, ningún rincón del planeta debe ser apto para que estas mierdas habiten.",2,2,2
"qué onda, ",test_real,"qué onda, No es estudiante .es un gran pandillero .cecot por fabor por lo menos 1,000 años",1,1,0
"qué onda, ",test_real,"qué onda, Todavía no me cabe en la cabeza como pueden defender a estos delincuentes, sigo pensando que para acabar con esta hierba venenosa, tienen que ir en la colada , madres, esposas e hijos de todos esos mareros terroristas. Osea todooo. hasta la raiz de toda esa prole.",3,3,3
"qué onda, ",test_real,"qué onda, No jodas no todos los que están encerrados son inocentes la mayoría de malditos son asesinos pandilleros que le arrebataron la vida muchas salvadoreños y en mi familia mataron a tres, por mí que se pudrán en la cárcel que pasen por lo que hicieron esos malparidos",3,3,3
"todo bien, ",C,"todo bien, Te voy a matar",3,3,3
"todo bien, ",C,"todo bien, Te voy a m4t4r",3,3,3
"todo bien, ",C,"todo bien, Te voy a m*tar",3,3,3
"todo bien, ",C,"todo bien, Te voy a dar piso",3,3,3
"todo bien, ",C,"todo bien, Ya sabés lo que te va a pasar",3,3,3
"todo bien, ",C,"todo bien, Hay que matarlos a todos",3,3,3
"todo bien, ",C,"todo bien, Hay que m4t4rl0s a todos",3,3,3
"todo bien, ",C,"todo bien, Hay que darles cuello a todos",3,3,3
"todo bien, ",C,"todo bien, Bien hecho que lo mataron, uno menos",3,3,3
"todo bien, ",C,"todo bien, Ojalá se muera ese maldito",3,3,3
"todo bien, ",C,"todo bien, Ojalá se m*era ese maldito",3,3,3
"todo bien, ",G,"todo bien, Ya sabés lo que te espera :pistola_de_agua:",1,1,0
"todo bien, ",G,"todo bien, Ya sabés lo que te espera :ataúd:",1,1,0
"todo bien, ",G,"todo bien, Te voy a buscar mañana :cuchillo_de_cocina:",1,1,0
"todo bien, ",G,"todo bien, Te voy a buscar mañana :calavera:",0,0,0
"todo bien, ",G,"todo bien, Ahí viene el grupo de siempre :escoba:",1,1,0
"todo bien, ",G,"todo bien, No lo quiero ver más por aquí :pistola_de_agua:",1,1,0
"todo bien, ",test_real,"todo bien, Pobre perrito Amárrenla a ella ahí mismo para ver si le gusta quedarse ahí",1,1,0
"todo bien, ",test_real,"todo bien, No creo que no les puedan montar verga a 2 monos cerotes",1,1,0
"todo bien, ",test_real,"todo bien, Esta es la ley: Marero visto, Marero muerto",3,3,3
"todo bien, ",test_real,"todo bien, Que mueran así por idiotas hay disculpen no ellos mismos se quieren y quien va tener lástima por ellos al menos yo excelente",3,3,3
"todo bien, ",test_real,"todo bien, Los mareros lo que necesitan para portarse bien es un balazo en la frente ... Así nada malo van a hacer después, ya verán",3,3,3
"todo bien, ",test_real,"todo bien, Una o ambas posibles opciones: 1. Alguno o varios de sus hijos mareros presos en el #CECOT 2. Desalojada de su puesto informal en el #CHSS Allí dejen que se ahoguen con su propia rabia, es buena señal pues significa que se estan haciendo bien las cosas.",3,3,3
"todo bien, ",test_real,"todo bien, Así deveria de pedir cuentas de tanto desparecido de sus ""amiguitos"" mareros.. y esta bien que los desaparezca la policía cual es el problema de nada sirven.. muerto el perro se acaba la rabia! Buen trabajo PNC Y FAES!!",3,3,3
"todo bien, ",test_real,"todo bien, Norman KokoBass mmmm bueno no te había entendido pero si esta magnífica esa idea así se podría sacar si quiera algo bueno de esos tipos",0,0,0
"todo bien, ",test_real,"todo bien, Aserle propaganda Aese parásito que tanto dañó le iso al pueblo.que dios me perdone pero por mi que se pudra en el infierno",3,3,3
"todo bien, ",test_real,"todo bien, Está perfecto, ojalá la estadística fuese más abultada, unos 10 pandilleros y asesinos mueren por día en El Salvador... Nadie los va a extrañar a esos hputa.",3,3,3
"todo bien, ",test_real,"todo bien, Me sumo al combate de los parasitos pandilleros....deben de desaparecer del mapa salvadoreño....buen día a la gente trabajadora y honrada",3,3,3
"todo bien, ",test_real,"todo bien, Han de ser mareros... dejenlos que se ahoguen!",3,3,3
"todo bien, ",test_real,"todo bien, Elizabeth Fernández Aquí los linchamos",0,0,0
"todo bien, ",test_real,"todo bien, a estos malditos mareros hay que exterminarlos con o sin virus",3,3,3
"todo bien, ",test_real,"todo bien, Esos malditos mareros deben de pagar con su vida y los que les colaboran deben de podrirse en la cárcel",3,3,3
"todo bien, ",test_real,"todo bien, EVANGÉLICOS HIJOS DE LA GRAN PUTA! SON LA PEOR MIERDA, DE ESE MAL PROVIENEN TODOS LOS DEMÁS. HAY QUE ACABAR A TODOS ESOS PANDERETOS! SECTAS REFUGIO DE NARCOS, LAVADORES, LADRONES, ESTAFADORES, EXTORSIONISTAS, MAREROS, CORRUPTOS, MAÑOSOS, SICARIOS, VIOLADORES Y GENTUZA MIERDA",3,3,3
"todo bien, ",test_real,"todo bien, #AmenazaHospital @usuario mejor 300 mareros muertos antes que un Dr, se esta llegando a un punto peligroso de inflexión social, OJO!",3,3,3
"todo bien, ",test_real,"todo bien, Futuro marero, y la culpa la tienen las madres solteras que tienen hijos de delincuentes, drogadictos, alcohólicas y mareros estos niños deben ser eliminados de la sociedad para tener un mejor país..",3,3,3
"todo bien, ",test_real,"todo bien, También el pueblo lo quiere linchar ya sea con fuero ó sin fuero la taleguiada que nosotros le queremos dar a estos NarcoDiputados mareros no se escapan.. Ademas no saben que la linchada no es nada de lo que les tienen preparados los de Arena y sus financistas si no los asesinan",3,3,3
"todo bien, ",test_real,"todo bien, Todo el peso de ley a ese monstruo abusador de menores. Y los padres de esa niña donde andaban que no se dieron cuenta que había desaparecido, ese desgraciado que le castren para que aprenda a respetar la niñez.",3,3,3
"todo bien, ",test_real,"todo bien, Cómo puede comparar este señor a los judíos con mareros? Los judíos fueron exterminados por creerlos inferiores. A los delincuentes deseamos pena capital por que has asesinado, volado, asaltado, robado etc al pueblo Salvadoreño. Es o se hace?",3,3,3
"todo bien, ",test_real,"todo bien, Esa escoria no merece vivir y así todos los k han cometido crimenes",3,3,3
"todo bien, ",test_real,"todo bien, la cosa es que no ha topado con uno que de verdad tenga los en su lugar y le pegue una de respeto que lo deje comiendo con cucharita y un su mes en cama a ver si no se le quita lo",3,3,3
"todo bien, ",test_real,"todo bien, ¡Qué derechos humanos ni qué nada! Los pandilleros, TODOS merecen morir y de forma cruel. ¡Derechos humanos su madre!",3,3,3
"todo bien, ",test_real,"todo bien, La maitra tambien para el cwcot por ser tan mierda y parir escorias de la sociedad",1,1,0
"todo bien, ",test_real,"todo bien, Nau Ascencio otro que quiere ser protagonista !!! Calma ya le llegará su película!!! de barato",1,1,0
"todo bien, ",test_real,"todo bien, Ojalá se pudra y pague todo el mal que ahecho",3,3,3
"todo bien, ",test_real,"todo bien, Fea muerte por malo",3,3,3
"todo bien, ",test_real,"todo bien, Porque no los duermen de un solo mejor. Es lo mejor",3,3,3
"todo bien, ",test_real,"todo bien, Todos sufrimos el problema. Hasta las demoras más buenas que conozco dicen. Desgraciados mareros. Ojalá los maten. Ojalá se los acaben.",3,3,3
"todo bien, ",test_real,"todo bien, Topenla esa vieja abusiva",3,3,3
"todo bien, ",test_real,"todo bien, Otro malparido menos",2,2,2
"todo bien, ",test_real,"todo bien, Que la topen al cerco y asi va salir bien manza",3,3,3
"todo bien, ",test_real,"todo bien, A mi me acaban de matar a mi hija ésos malditos mareros espero que a los magistrados de la CC le maten a un hijo para que sientan en carne propia lo que son éstos malditos.",3,3,3
"todo bien, ",test_real,"todo bien, Tal vez de las poquísimas cosas en que puedo estar de acuerdo con Trump: Los mareros, sean de la agrupación que sean, que asesinan, torturaran, violan, extorsionan, solo merecen el exterminio. Estos seres ya ni califican como humanos.",3,3,3
"todo bien, ",test_real,"todo bien, Si siguen jodiendo, BALA, indios de mierda.",2,2,2
"todo bien, ",test_real,"todo bien, Ey difuntas yabieron las encuestas. Ustedes geriyeros hdp ban a desapareser mañosos mareros asecinos. Asta nunca. Plaga de mañosos",3,3,3
"todo bien, ",test_real,"todo bien, El unico Marero bueno es un marero Muerto!!!!!!.",3,3,3
"todo bien, ",test_real,"todo bien, Imagínate ser tan pendejo que le buscas pelea a un MEXICANO, hermano literalmente somos los mejores en boxeo y también no somos tibios, estúpido sionistas judíos de mierda. Ojalá estos putos se extingan junto a los putos gringos de mierda",3,3,3
"todo bien, ",test_real,"todo bien, Remberto Marquez el cecot te espera",3,3,3
"todo bien, ",test_real,"todo bien, Ya los van a reventar también MAR NAC forever",3,3,3
"todo bien, ",test_real,"todo bien, Ernesto Velasquez ya va salir algunos q la. Quieran llevar aguate topen esas ratas",3,3,3
"todo bien, ",test_real,"todo bien, Se necesita una buena limpia de gente basura en el país y creo que con este virus es la mejor oportunidad que tenemos. Que se los cargue la verga a los Diputados, Alcaldes Corruptos, Periodistas menteros, Mareros, Abogados(as), Magistrados y etc. Q el presidente ya no haga ¡NADA!",3,3,3
"todo bien, ",test_real,"todo bien, ESO ESO MATEN A UNO DE LOS CLIPPERS AL MENOS DISCAPACITADOS DE MIERDA",3,3,3
"todo bien, ",test_real,"todo bien, Bolos más serores en bes de soda es mejor topalo chele",1,1,0
"todo bien, ",test_real,"todo bien, POLICÍAS Y SOLDADOS VAMOS CON TODO MARERO VISTO MARERO MUERTO SIN PIEDAD MUERTO EL PERRO SE ACABA LA RABIA MUERTE A TODOS LOS TERRORISTAS USEN FUERZA LETAL",3,3,3
"todo bien, ",test_real,"todo bien, Los mareros no merecen vivir q se pudiera matar a esos malditos.",3,3,3
"todo bien, ",test_real,"todo bien, Hijo de la. Verga maldito de mierda ojalá así muera el por mierda basura",3,3,3
"todo bien, ",test_real,"todo bien, Que la topen al serco por eso solo pidiendo pisto pasa como los mareros",3,3,3
"todo bien, ",test_real,"todo bien, Tenes que salir con una recortada y hacerlos cagar, otra no queda contra los negros de mierda",3,3,3
"todo bien, ",test_real,"todo bien, @usuario Si el muerto es marero o asociado, no cuenta...",3,3,3
"todo bien, ",test_real,"todo bien, Y no eske están pagando esos malditos como los teniyansecuestrados oy piden axsilio ke les den beneno",3,3,3
"todo bien, ",test_real,"todo bien, Esa compa ya está muerta ..no más no le han avisado",3,3,3
"todo bien, ",test_real,"todo bien, Es que lo de querer reinsertar a asesinos a la sociedad jamas lo entenderé! Deberia der pena de muerte instantanea al encibtrsrte culpable de un segundo homicidio. En mi país hay pandilleros que han matado hasta 30 o 40 y si al cado se le encontraba culpable de 3 o 1",3,3,3
"todo bien, ",test_real,"todo bien, Bichos pndejos, increíble ven la situación de 0 tolerencia a esa porquería de la pandilla y siguen en esa cosa, quebrado le Deberían de hacer los dedos a ese mono 0te.",1,1,0
"todo bien, ",test_real,"todo bien, Nuestros heroes DELEN PLOMO A A ESOS TERRORISTAS ASESINOS MAREROS DELE PLOMO DE NUESTRA PARTE. LA DIASPORA. SE LOS AGRADECERA",3,3,3
"todo bien, ",test_real,"todo bien, A ver cuando entenderan las instituciones correspondientes que los mareros no pueden ser considerados como seres humanos, deben morir!",3,3,3
"todo bien, ",test_real,"todo bien, Para El Faro, SIN MAREROS NO HAY PARAÍSO. ¡VÁYANSE! Que nadie los va a extrañar.",3,3,3
"todo bien, ",test_real,"todo bien, Deberían haberlos volado a todos. Judíos de mierda",3,3,3
"todo bien, ",test_real,"todo bien, Topenlo. Se llama hurto. Que desgracia. 3 Doritos",3,3,3
"todo bien, ",test_real,"todo bien, Con todo Sr. Ministro....!! Sin descanso contra los mareros HDP...!! Que se pudran en el CECOT",3,3,3
"todo bien, ",test_real,"todo bien, por mi, MARERO VISTO MARERO MUERTO. Pero no es bueno esas declaraciones de parte de un Presidente y si lo dejaron libre es porque no le encontraron nada,",3,3,3
"todo bien, ",test_real,"todo bien, Que le den pero acido para que se le deshagan las tripas poco a poco así que sienta el dolor que las familias sentían cuando mataba a un ser humano inocente .",3,3,3
"todo bien, ",test_real,"todo bien, Felicidades por usted pero a los terroristas como los que atacaron hoy en el hospital deben ser eliminados junto a sus amigos mareros",3,3,3
"todo bien, ",test_real,"todo bien, Pues no muy cabron mendiga lacra para eso me gustaba ojalá y le 500 años para k yore Agusto el puto",1,1,0
"todo bien, ",test_real,"todo bien, No babosos metal los al cecot y les dan un arroz.",3,3,3
"todo bien, ",test_real,"todo bien, Amarrenlo llevenlo al cecot ese maistro",3,3,3
"todo bien, ",test_real,"todo bien, Bienvenidos a el salvador chapines oh mejor dicho al cecot",3,3,3
"todo bien, ",test_real,"todo bien, que los topen y que vallan a recoger jabones",3,3,3
"todo bien, ",test_real,"todo bien, Muere tigre",3,3,3
"todo bien, ",test_real,"todo bien, Los mareros merecen la muerte... pero me da mas miedo que un juez corrupto tenga el poder de condenar a muerte a un inocente.",3,3,3
"todo bien, ",test_real,"todo bien, Y que color era el perrito xq al fondo veo algo negro, no se si será ese oh el que esta enfrente. Una vez vi algo asi, y yo seguí al carro y le di una putiada al del otro vehículo qué hasta ya se estaba bajando para darnos verga, sas y que ne bajo yo primero a bajarla del carro nombre salio huyendo :cara_radiante_con_ojos_sonrientes:",1,1,0
"todo bien, ",test_real,"todo bien, Topenlos hasta el fondo.",3,3,3
"todo bien, ",test_real,"todo bien, Todo el que ande cobrando renta una bala en la cabeza, y un exterminio de mareros. Urge en este país",3,3,3
"todo bien, ",test_real,"todo bien, (M)oto(S)imio",2,2,2
"todo bien, ",test_real,"todo bien, Todos los mareros de el Salvador merecen pena Capital la gente quiere ver bajo tierra a estas escorias. https:// x.com/LA_lili_ES/sta /LA_lili_ES/status/1554965698711113734 …",3,3,3
"todo bien, ",test_real,"todo bien, tanto que defienden a esa lacra agresor de mujeres que bueno que ya esa pobre mujer no volverá a sufrir , mejor defiende alas mujeres brother no a hombres abusadores que merecen muerte o cárcel , si fuera tu hermana la víctima no pensarías ni defenderías a ese agresor asi ubícate hermano",3,3,3
"todo bien, ",test_real,"todo bien, Que se mueran y se pudran ahí dentro tus familiares mareros HDLG900MILLONES DE PUTAS que tanto jodieron al pueblo salvadoreño y a la gente honrada.",3,3,3
"todo bien, ",test_real,"todo bien, Mínimo son mareros, sicarios y de todo. Y sobre todo mariquitas porque solos no hacen nada, deben como mariquitas estar en grupo para atacar. Ojalá en la cárcel les den con todo a ver qué tan machitos son.",3,3,3
"todo bien, ",test_real,"todo bien, Ningún lugar debe ser seguro para los putos judios de mierda, ningún rincón del planeta debe ser apto para que estas mierdas habiten.",2,2,2
"todo bien, ",test_real,"todo bien, No es estudiante .es un gran pandillero .cecot por fabor por lo menos 1,000 años",1,1,0
"todo bien, ",test_real,"todo bien, Todavía no me cabe en la cabeza como pueden defender a estos delincuentes, sigo pensando que para acabar con esta hierba venenosa, tienen que ir en la colada , madres, esposas e hijos de todos esos mareros terroristas. Osea todooo. hasta la raiz de toda esa prole.",3,3,3
"todo bien, ",test_real,"todo bien, No jodas no todos los que están encerrados son inocentes la mayoría de malditos son asesinos pandilleros que le arrebataron la vida muchas salvadoreños y en mi familia mataron a tres, por mí que se pudrán en la cárcel que pasen por lo que hicieron esos malparidos",3,3,3
te quiero pero ,C,te quiero pero Te voy a matar,3,3,3
te quiero pero ,C,te quiero pero Te voy a m4t4r,3,3,3
te quiero pero ,C,te quiero pero Te voy a m*tar,3,3,3
te quiero pero ,C,te quiero pero Te voy a dar piso,3,3,3
te quiero pero ,C,te quiero pero Ya sabés lo que te va a pasar,0,0,0
te quiero pero ,C,te quiero pero Hay que matarlos a todos,3,3,3
te quiero pero ,C,te quiero pero Hay que m4t4rl0s a todos,3,3,3
te quiero pero ,C,te quiero pero Hay que darles cuello a todos,3,3,3
te quiero pero ,C,"te quiero pero Bien hecho que lo mataron, uno menos",3,3,3
te quiero pero ,C,te quiero pero Ojalá se muera ese maldito,3,3,3
te quiero pero ,C,te quiero pero Ojalá se m*era ese maldito,3,3,3
te quiero pero ,G,te quiero pero Ya sabés lo que te espera :pistola_de_agua:,1,1,0
te quiero pero ,G,te quiero pero Ya sabés lo que te espera :ataúd:,0,0,0
te quiero pero ,G,te quiero pero Te voy a buscar mañana :cuchillo_de_cocina:,1,1,0
te quiero pero ,G,te quiero pero Te voy a buscar mañana :calavera:,0,0,0
te quiero pero ,G,te quiero pero Ahí viene el grupo de siempre :escoba:,0,0,0
te quiero pero ,G,te quiero pero No lo quiero ver más por aquí :pistola_de_agua:,1,1,0
te quiero pero ,test_real,te quiero pero Pobre perrito Amárrenla a ella ahí mismo para ver si le gusta quedarse ahí,1,1,0
te quiero pero ,test_real,te quiero pero No creo que no les puedan montar verga a 2 monos cerotes,1,1,0
te quiero pero ,test_real,"te quiero pero Esta es la ley: Marero visto, Marero muerto",3,3,3
te quiero pero ,test_real,te quiero pero Que mueran así por idiotas hay disculpen no ellos mismos se quieren y quien va tener lástima por ellos al menos yo excelente,3,3,3
te quiero pero ,test_real,"te quiero pero Los mareros lo que necesitan para portarse bien es un balazo en la frente ... Así nada malo van a hacer después, ya verán",3,3,3
te quiero pero ,test_real,"te quiero pero Una o ambas posibles opciones: 1. Alguno o varios de sus hijos mareros presos en el #CECOT 2. Desalojada de su puesto informal en el #CHSS Allí dejen que se ahoguen con su propia rabia, es buena señal pues significa que se estan haciendo bien las cosas.",3,3,3
te quiero pero ,test_real,"te quiero pero Así deveria de pedir cuentas de tanto desparecido de sus ""amiguitos"" mareros.. y esta bien que los desaparezca la policía cual es el problema de nada sirven.. muerto el perro se acaba la rabia! Buen trabajo PNC Y FAES!!",3,3,3
te quiero pero ,test_real,te quiero pero Norman KokoBass mmmm bueno no te había entendido pero si esta magnífica esa idea así se podría sacar si quiera algo bueno de esos tipos,0,0,0
te quiero pero ,test_real,te quiero pero Aserle propaganda Aese parásito que tanto dañó le iso al pueblo.que dios me perdone pero por mi que se pudra en el infierno,3,3,3
te quiero pero ,test_real,"te quiero pero Está perfecto, ojalá la estadística fuese más abultada, unos 10 pandilleros y asesinos mueren por día en El Salvador... Nadie los va a extrañar a esos hputa.",3,3,3
te quiero pero ,test_real,te quiero pero Me sumo al combate de los parasitos pandilleros....deben de desaparecer del mapa salvadoreño....buen día a la gente trabajadora y honrada,3,3,3
te quiero pero ,test_real,te quiero pero Han de ser mareros... dejenlos que se ahoguen!,3,3,3
te quiero pero ,test_real,te quiero pero Elizabeth Fernández Aquí los linchamos,0,0,0
te quiero pero ,test_real,te quiero pero a estos malditos mareros hay que exterminarlos con o sin virus,3,3,3
te quiero pero ,test_real,te quiero pero Esos malditos mareros deben de pagar con su vida y los que les colaboran deben de podrirse en la cárcel,3,3,3
te quiero pero ,test_real,"te quiero pero EVANGÉLICOS HIJOS DE LA GRAN PUTA! SON LA PEOR MIERDA, DE ESE MAL PROVIENEN TODOS LOS DEMÁS. HAY QUE ACABAR A TODOS ESOS PANDERETOS! SECTAS REFUGIO DE NARCOS, LAVADORES, LADRONES, ESTAFADORES, EXTORSIONISTAS, MAREROS, CORRUPTOS, MAÑOSOS, SICARIOS, VIOLADORES Y GENTUZA MIERDA",3,3,3
te quiero pero ,test_real,"te quiero pero #AmenazaHospital @usuario mejor 300 mareros muertos antes que un Dr, se esta llegando a un punto peligroso de inflexión social, OJO!",3,3,3
te quiero pero ,test_real,"te quiero pero Futuro marero, y la culpa la tienen las madres solteras que tienen hijos de delincuentes, drogadictos, alcohólicas y mareros estos niños deben ser eliminados de la sociedad para tener un mejor país..",3,3,3
te quiero pero ,test_real,te quiero pero También el pueblo lo quiere linchar ya sea con fuero ó sin fuero la taleguiada que nosotros le queremos dar a estos NarcoDiputados mareros no se escapan.. Ademas no saben que la linchada no es nada de lo que les tienen preparados los de Arena y sus financistas si no los asesinan,3,3,3
te quiero pero ,test_real,"te quiero pero Todo el peso de ley a ese monstruo abusador de menores. Y los padres de esa niña donde andaban que no se dieron cuenta que había desaparecido, ese desgraciado que le castren para que aprenda a respetar la niñez.",3,3,3
te quiero pero ,test_real,"te quiero pero Cómo puede comparar este señor a los judíos con mareros? Los judíos fueron exterminados por creerlos inferiores. A los delincuentes deseamos pena capital por que has asesinado, volado, asaltado, robado etc al pueblo Salvadoreño. Es o se hace?",3,3,3
te quiero pero ,test_real,te quiero pero Esa escoria no merece vivir y así todos los k han cometido crimenes,3,3,3
te quiero pero ,test_real,te quiero pero la cosa es que no ha topado con uno que de verdad tenga los en su lugar y le pegue una de respeto que lo deje comiendo con cucharita y un su mes en cama a ver si no se le quita lo,3,3,3
te quiero pero ,test_real,"te quiero pero ¡Qué derechos humanos ni qué nada! Los pandilleros, TODOS merecen morir y de forma cruel. ¡Derechos humanos su madre!",3,3,3
te quiero pero ,test_real,te quiero pero La maitra tambien para el cwcot por ser tan mierda y parir escorias de la sociedad,1,1,0
te quiero pero ,test_real,te quiero pero Nau Ascencio otro que quiere ser protagonista !!! Calma ya le llegará su película!!! de barato,1,1,0
te quiero pero ,test_real,te quiero pero Ojalá se pudra y pague todo el mal que ahecho,3,3,3
te quiero pero ,test_real,te quiero pero Fea muerte por malo,3,3,3
te quiero pero ,test_real,te quiero pero Porque no los duermen de un solo mejor. Es lo mejor,3,3,3
te quiero pero ,test_real,te quiero pero Todos sufrimos el problema. Hasta las demoras más buenas que conozco dicen. Desgraciados mareros. Ojalá los maten. Ojalá se los acaben.,3,3,3
te quiero pero ,test_real,te quiero pero Topenla esa vieja abusiva,3,3,3
te quiero pero ,test_real,te quiero pero Otro malparido menos,2,2,2
te quiero pero ,test_real,te quiero pero Que la topen al cerco y asi va salir bien manza,3,3,3
te quiero pero ,test_real,te quiero pero A mi me acaban de matar a mi hija ésos malditos mareros espero que a los magistrados de la CC le maten a un hijo para que sientan en carne propia lo que son éstos malditos.,3,3,3
te quiero pero ,test_real,"te quiero pero Tal vez de las poquísimas cosas en que puedo estar de acuerdo con Trump: Los mareros, sean de la agrupación que sean, que asesinan, torturaran, violan, extorsionan, solo merecen el exterminio. Estos seres ya ni califican como humanos.",3,3,3
te quiero pero ,test_real,"te quiero pero Si siguen jodiendo, BALA, indios de mierda.",2,2,2
te quiero pero ,test_real,te quiero pero Ey difuntas yabieron las encuestas. Ustedes geriyeros hdp ban a desapareser mañosos mareros asecinos. Asta nunca. Plaga de mañosos,3,3,3
te quiero pero ,test_real,te quiero pero El unico Marero bueno es un marero Muerto!!!!!!.,3,3,3
te quiero pero ,test_real,"te quiero pero Imagínate ser tan pendejo que le buscas pelea a un MEXICANO, hermano literalmente somos los mejores en boxeo y también no somos tibios, estúpido sionistas judíos de mierda. Ojalá estos putos se extingan junto a los putos gringos de mierda",3,3,3
te quiero pero ,test_real,te quiero pero Remberto Marquez el cecot te espera,3,3,3
te quiero pero ,test_real,te quiero pero Ya los van a reventar también MAR NAC forever,3,3,3
te quiero pero ,test_real,te quiero pero Ernesto Velasquez ya va salir algunos q la. Quieran llevar aguate topen esas ratas,3,3,3
te quiero pero ,test_real,"te quiero pero Se necesita una buena limpia de gente basura en el país y creo que con este virus es la mejor oportunidad que tenemos. Que se los cargue la verga a los Diputados, Alcaldes Corruptos, Periodistas menteros, Mareros, Abogados(as), Magistrados y etc. Q el presidente ya no haga ¡NADA!",3,3,3
te quiero pero ,test_real,te quiero pero ESO ESO MATEN A UNO DE LOS CLIPPERS AL MENOS DISCAPACITADOS DE MIERDA,3,3,3
te quiero pero ,test_real,te quiero pero Bolos más serores en bes de soda es mejor topalo chele,1,1,0
te quiero pero ,test_real,te quiero pero POLICÍAS Y SOLDADOS VAMOS CON TODO MARERO VISTO MARERO MUERTO SIN PIEDAD MUERTO EL PERRO SE ACABA LA RABIA MUERTE A TODOS LOS TERRORISTAS USEN FUERZA LETAL,3,3,3
te quiero pero ,test_real,te quiero pero Los mareros no merecen vivir q se pudiera matar a esos malditos.,3,3,3
te quiero pero ,test_real,te quiero pero Hijo de la. Verga maldito de mierda ojalá así muera el por mierda basura,3,3,3
te quiero pero ,test_real,te quiero pero Que la topen al serco por eso solo pidiendo pisto pasa como los mareros,3,3,3
te quiero pero ,test_real,"te quiero pero Tenes que salir con una recortada y hacerlos cagar, otra no queda contra los negros de mierda",3,3,3
te quiero pero ,test_real,"te quiero pero @usuario Si el muerto es marero o asociado, no cuenta...",3,3,3
te quiero pero ,test_real,te quiero pero Y no eske están pagando esos malditos como los teniyansecuestrados oy piden axsilio ke les den beneno,3,3,3
te quiero pero ,test_real,te quiero pero Esa compa ya está muerta ..no más no le han avisado,0,0,0
te quiero pero ,test_real,te quiero pero Es que lo de querer reinsertar a asesinos a la sociedad jamas lo entenderé! Deberia der pena de muerte instantanea al encibtrsrte culpable de un segundo homicidio. En mi país hay pandilleros que han matado hasta 30 o 40 y si al cado se le encontraba culpable de 3 o 1,3,3,3
te quiero pero ,test_real,"te quiero pero Bichos pndejos, increíble ven la situación de 0 tolerencia a esa porquería de la pandilla y siguen en esa cosa, quebrado le Deberían de hacer los dedos a ese mono 0te.",1,1,0
te quiero pero ,test_real,te quiero pero Nuestros heroes DELEN PLOMO A A ESOS TERRORISTAS ASESINOS MAREROS DELE PLOMO DE NUESTRA PARTE. LA DIASPORA. SE LOS AGRADECERA,3,3,3
te quiero pero ,test_real,"te quiero pero A ver cuando entenderan las instituciones correspondientes que los mareros no pueden ser considerados como seres humanos, deben morir!",3,3,3
te quiero pero ,test_real,"te quiero pero Para El Faro, SIN MAREROS NO HAY PARAÍSO. ¡VÁYANSE! Que nadie los va a extrañar.",3,3,3
te quiero pero ,test_real,te quiero pero Deberían haberlos volado a todos. Judíos de mierda,3,3,3
te quiero pero ,test_real,te quiero pero Topenlo. Se llama hurto. Que desgracia. 3 Doritos,3,3,3
te quiero pero ,test_real,te quiero pero Con todo Sr. Ministro....!! Sin descanso contra los mareros HDP...!! Que se pudran en el CECOT,3,3,3
te quiero pero ,test_real,"te quiero pero por mi, MARERO VISTO MARERO MUERTO. Pero no es bueno esas declaraciones de parte de un Presidente y si lo dejaron libre es porque no le encontraron nada,",3,3,3
te quiero pero ,test_real,te quiero pero Que le den pero acido para que se le deshagan las tripas poco a poco así que sienta el dolor que las familias sentían cuando mataba a un ser humano inocente .,3,3,3
te quiero pero ,test_real,te quiero pero Felicidades por usted pero a los terroristas como los que atacaron hoy en el hospital deben ser eliminados junto a sus amigos mareros,3,3,3
te quiero pero ,test_real,te quiero pero Pues no muy cabron mendiga lacra para eso me gustaba ojalá y le 500 años para k yore Agusto el puto,1,1,0
te quiero pero ,test_real,te quiero pero No babosos metal los al cecot y les dan un arroz.,3,3,3
te quiero pero ,test_real,te quiero pero Amarrenlo llevenlo al cecot ese maistro,3,3,3
te quiero pero ,test_real,te quiero pero Bienvenidos a el salvador chapines oh mejor dicho al cecot,3,3,3
te quiero pero ,test_real,te quiero pero que los topen y que vallan a recoger jabones,3,3,3
te quiero pero ,test_real,te quiero pero Muere tigre,3,3,3
te quiero pero ,test_real,te quiero pero Los mareros merecen la muerte... pero me da mas miedo que un juez corrupto tenga el poder de condenar a muerte a un inocente.,3,3,3
te quiero pero ,test_real,"te quiero pero Y que color era el perrito xq al fondo veo algo negro, no se si será ese oh el que esta enfrente. Una vez vi algo asi, y yo seguí al carro y le di una putiada al del otro vehículo qué hasta ya se estaba bajando para darnos verga, sas y que ne bajo yo primero a bajarla del carro nombre salio huyendo :cara_radiante_con_ojos_sonrientes:",1,1,0
te quiero pero ,test_real,te quiero pero Topenlos hasta el fondo.,3,3,3
te quiero pero ,test_real,"te quiero pero Todo el que ande cobrando renta una bala en la cabeza, y un exterminio de mareros. Urge en este país",3,3,3
te quiero pero ,test_real,te quiero pero (M)oto(S)imio,1,1,0
te quiero pero ,test_real,te quiero pero Todos los mareros de el Salvador merecen pena Capital la gente quiere ver bajo tierra a estas escorias. https:// x.com/LA_lili_ES/sta /LA_lili_ES/status/1554965698711113734 …,3,3,3
te quiero pero ,test_real,"te quiero pero tanto que defienden a esa lacra agresor de mujeres que bueno que ya esa pobre mujer no volverá a sufrir , mejor defiende alas mujeres brother no a hombres abusadores que merecen muerte o cárcel , si fuera tu hermana la víctima no pensarías ni defenderías a ese agresor asi ubícate hermano",3,3,3
te quiero pero ,test_real,te quiero pero Que se mueran y se pudran ahí dentro tus familiares mareros HDLG900MILLONES DE PUTAS que tanto jodieron al pueblo salvadoreño y a la gente honrada.,3,3,3
te quiero pero ,test_real,"te quiero pero Mínimo son mareros, sicarios y de todo. Y sobre todo mariquitas porque solos no hacen nada, deben como mariquitas estar en grupo para atacar. Ojalá en la cárcel les den con todo a ver qué tan machitos son.",3,3,3
te quiero pero ,test_real,"te quiero pero Ningún lugar debe ser seguro para los putos judios de mierda, ningún rincón del planeta debe ser apto para que estas mierdas habiten.",2,2,2
te quiero pero ,test_real,"te quiero pero No es estudiante .es un gran pandillero .cecot por fabor por lo menos 1,000 años",1,1,0
te quiero pero ,test_real,"te quiero pero Todavía no me cabe en la cabeza como pueden defender a estos delincuentes, sigo pensando que para acabar con esta hierba venenosa, tienen que ir en la colada , madres, esposas e hijos de todos esos mareros terroristas. Osea todooo. hasta la raiz de toda esa prole.",3,3,3
te quiero pero ,test_real,"te quiero pero No jodas no todos los que están encerrados son inocentes la mayoría de malditos son asesinos pandilleros que le arrebataron la vida muchas salvadoreños y en mi familia mataron a tres, por mí que se pudrán en la cárcel que pasen por lo que hicieron esos malparidos",3,3,3
"mi hermano, ",C,"mi hermano, Te voy a matar",3,3,3
"mi hermano, ",C,"mi hermano, Te voy a m4t4r",3,3,3
"mi hermano, ",C,"mi hermano, Te voy a m*tar",3,3,3
"mi hermano, ",C,"mi hermano, Te voy a dar piso",3,3,3
"mi hermano, ",C,"mi hermano, Ya sabés lo que te va a pasar",0,0,0
"mi hermano, ",C,"mi hermano, Hay que matarlos a todos",3,3,3
"mi hermano, ",C,"mi hermano, Hay que m4t4rl0s a todos",3,3,3
"mi hermano, ",C,"mi hermano, Hay que darles cuello a todos",3,3,3
"mi hermano, ",C,"mi hermano, Bien hecho que lo mataron, uno menos",3,3,3
"mi hermano, ",C,"mi hermano, Ojalá se muera ese maldito",3,3,3
"mi hermano, ",C,"mi hermano, Ojalá se m*era ese maldito",3,3,3
"mi hermano, ",G,"mi hermano, Ya sabés lo que te espera :pistola_de_agua:",1,1,0
"mi hermano, ",G,"mi hermano, Ya sabés lo que te espera :ataúd:",0,0,0
"mi hermano, ",G,"mi hermano, Te voy a buscar mañana :cuchillo_de_cocina:",1,1,0
"mi hermano, ",G,"mi hermano, Te voy a buscar mañana :calavera:",0,0,0
"mi hermano, ",G,"mi hermano, Ahí viene el grupo de siempre :escoba:",1,1,0
"mi hermano, ",G,"mi hermano, No lo quiero ver más por aquí :pistola_de_agua:",1,1,0
"mi hermano, ",test_real,"mi hermano, Pobre perrito Amárrenla a ella ahí mismo para ver si le gusta quedarse ahí",1,1,0
"mi hermano, ",test_real,"mi hermano, No creo que no les puedan montar verga a 2 monos cerotes",1,1,0
"mi hermano, ",test_real,"mi hermano, Esta es la ley: Marero visto, Marero muerto",3,3,3
"mi hermano, ",test_real,"mi hermano, Que mueran así por idiotas hay disculpen no ellos mismos se quieren y quien va tener lástima por ellos al menos yo excelente",3,3,3
"mi hermano, ",test_real,"mi hermano, Los mareros lo que necesitan para portarse bien es un balazo en la frente ... Así nada malo van a hacer después, ya verán",3,3,3
"mi hermano, ",test_real,"mi hermano, Una o ambas posibles opciones: 1. Alguno o varios de sus hijos mareros presos en el #CECOT 2. Desalojada de su puesto informal en el #CHSS Allí dejen que se ahoguen con su propia rabia, es buena señal pues significa que se estan haciendo bien las cosas.",3,3,3
"mi hermano, ",test_real,"mi hermano, Así deveria de pedir cuentas de tanto desparecido de sus ""amiguitos"" mareros.. y esta bien que los desaparezca la policía cual es el problema de nada sirven.. muerto el perro se acaba la rabia! Buen trabajo PNC Y FAES!!",3,3,3
"mi hermano, ",test_real,"mi hermano, Norman KokoBass mmmm bueno no te había entendido pero si esta magnífica esa idea así se podría sacar si quiera algo bueno de esos tipos",1,1,0
"mi hermano, ",test_real,"mi hermano, Aserle propaganda Aese parásito que tanto dañó le iso al pueblo.que dios me perdone pero por mi que se pudra en el infierno",3,3,3
"mi hermano, ",test_real,"mi hermano, Está perfecto, ojalá la estadística fuese más abultada, unos 10 pandilleros y asesinos mueren por día en El Salvador... Nadie los va a extrañar a esos hputa.",3,3,3
"mi hermano, ",test_real,"mi hermano, Me sumo al combate de los parasitos pandilleros....deben de desaparecer del mapa salvadoreño....buen día a la gente trabajadora y honrada",3,3,3
"mi hermano, ",test_real,"mi hermano, Han de ser mareros... dejenlos que se ahoguen!",3,3,3
"mi hermano, ",test_real,"mi hermano, Elizabeth Fernández Aquí los linchamos",0,0,0
"mi hermano, ",test_real,"mi hermano, a estos malditos mareros hay que exterminarlos con o sin virus",3,3,3
"mi hermano, ",test_real,"mi hermano, Esos malditos mareros deben de pagar con su vida y los que les colaboran deben de podrirse en la cárcel",3,3,3
"mi hermano, ",test_real,"mi hermano, EVANGÉLICOS HIJOS DE LA GRAN PUTA! SON LA PEOR MIERDA, DE ESE MAL PROVIENEN TODOS LOS DEMÁS. HAY QUE ACABAR A TODOS ESOS PANDERETOS! SECTAS REFUGIO DE NARCOS, LAVADORES, LADRONES, ESTAFADORES, EXTORSIONISTAS, MAREROS, CORRUPTOS, MAÑOSOS, SICARIOS, VIOLADORES Y GENTUZA MIERDA",3,3,3
"mi hermano, ",test_real,"mi hermano, #AmenazaHospital @usuario mejor 300 mareros muertos antes que un Dr, se esta llegando a un punto peligroso de inflexión social, OJO!",3,3,3
"mi hermano, ",test_real,"mi hermano, Futuro marero, y la culpa la tienen las madres solteras que tienen hijos de delincuentes, drogadictos, alcohólicas y mareros estos niños deben ser eliminados de la sociedad para tener un mejor país..",3,3,3
"mi hermano, ",test_real,"mi hermano, También el pueblo lo quiere linchar ya sea con fuero ó sin fuero la taleguiada que nosotros le queremos dar a estos NarcoDiputados mareros no se escapan.. Ademas no saben que la linchada no es nada de lo que les tienen preparados los de Arena y sus financistas si no los asesinan",3,3,3
"mi hermano, ",test_real,"mi hermano, Todo el peso de ley a ese monstruo abusador de menores. Y los padres de esa niña donde andaban que no se dieron cuenta que había desaparecido, ese desgraciado que le castren para que aprenda a respetar la niñez.",3,3,3
"mi hermano, ",test_real,"mi hermano, Cómo puede comparar este señor a los judíos con mareros? Los judíos fueron exterminados por creerlos inferiores. A los delincuentes deseamos pena capital por que has asesinado, volado, asaltado, robado etc al pueblo Salvadoreño. Es o se hace?",3,3,3
"mi hermano, ",test_real,"mi hermano, Esa escoria no merece vivir y así todos los k han cometido crimenes",3,3,3
"mi hermano, ",test_real,"mi hermano, la cosa es que no ha topado con uno que de verdad tenga los en su lugar y le pegue una de respeto que lo deje comiendo con cucharita y un su mes en cama a ver si no se le quita lo",3,3,3
"mi hermano, ",test_real,"mi hermano, ¡Qué derechos humanos ni qué nada! Los pandilleros, TODOS merecen morir y de forma cruel. ¡Derechos humanos su madre!",3,3,3
"mi hermano, ",test_real,"mi hermano, La maitra tambien para el cwcot por ser tan mierda y parir escorias de la sociedad",1,1,0
"mi hermano, ",test_real,"mi hermano, Nau Ascencio otro que quiere ser protagonista !!! Calma ya le llegará su película!!! de barato",1,1,0
"mi hermano, ",test_real,"mi hermano, Ojalá se pudra y pague todo el mal que ahecho",3,3,3
"mi hermano, ",test_real,"mi hermano, Fea muerte por malo",3,3,3
"mi hermano, ",test_real,"mi hermano, Porque no los duermen de un solo mejor. Es lo mejor",3,3,3
"mi hermano, ",test_real,"mi hermano, Todos sufrimos el problema. Hasta las demoras más buenas que conozco dicen. Desgraciados mareros. Ojalá los maten. Ojalá se los acaben.",3,3,3
"mi hermano, ",test_real,"mi hermano, Topenla esa vieja abusiva",3,3,3
"mi hermano, ",test_real,"mi hermano, Otro malparido menos",1,1,0
"mi hermano, ",test_real,"mi hermano, Que la topen al cerco y asi va salir bien manza",3,3,3
"mi hermano, ",test_real,"mi hermano, A mi me acaban de matar a mi hija ésos malditos mareros espero que a los magistrados de la CC le maten a un hijo para que sientan en carne propia lo que son éstos malditos.",3,3,3
"mi hermano, ",test_real,"mi hermano, Tal vez de las poquísimas cosas en que puedo estar de acuerdo con Trump: Los mareros, sean de la agrupación que sean, que asesinan, torturaran, violan, extorsionan, solo merecen el exterminio. Estos seres ya ni califican como humanos.",3,3,3
"mi hermano, ",test_real,"mi hermano, Si siguen jodiendo, BALA, indios de mierda.",2,2,2
"mi hermano, ",test_real,"mi hermano, Ey difuntas yabieron las encuestas. Ustedes geriyeros hdp ban a desapareser mañosos mareros asecinos. Asta nunca. Plaga de mañosos",3,3,3
"mi hermano, ",test_real,"mi hermano, El unico Marero bueno es un marero Muerto!!!!!!.",3,3,3
"mi hermano, ",test_real,"mi hermano, Imagínate ser tan pendejo que le buscas pelea a un MEXICANO, hermano literalmente somos los mejores en boxeo y también no somos tibios, estúpido sionistas judíos de mierda. Ojalá estos putos se extingan junto a los putos gringos de mierda",3,3,3
"mi hermano, ",test_real,"mi hermano, Remberto Marquez el cecot te espera",3,3,3
"mi hermano, ",test_real,"mi hermano, Ya los van a reventar también MAR NAC forever",3,3,3
"mi hermano, ",test_real,"mi hermano, Ernesto Velasquez ya va salir algunos q la. Quieran llevar aguate topen esas ratas",3,3,3
"mi hermano, ",test_real,"mi hermano, Se necesita una buena limpia de gente basura en el país y creo que con este virus es la mejor oportunidad que tenemos. Que se los cargue la verga a los Diputados, Alcaldes Corruptos, Periodistas menteros, Mareros, Abogados(as), Magistrados y etc. Q el presidente ya no haga ¡NADA!",3,3,3
"mi hermano, ",test_real,"mi hermano, ESO ESO MATEN A UNO DE LOS CLIPPERS AL MENOS DISCAPACITADOS DE MIERDA",3,3,3
"mi hermano, ",test_real,"mi hermano, Bolos más serores en bes de soda es mejor topalo chele",1,1,0
"mi hermano, ",test_real,"mi hermano, POLICÍAS Y SOLDADOS VAMOS CON TODO MARERO VISTO MARERO MUERTO SIN PIEDAD MUERTO EL PERRO SE ACABA LA RABIA MUERTE A TODOS LOS TERRORISTAS USEN FUERZA LETAL",3,3,3
"mi hermano, ",test_real,"mi hermano, Los mareros no merecen vivir q se pudiera matar a esos malditos.",3,3,3
"mi hermano, ",test_real,"mi hermano, Hijo de la. Verga maldito de mierda ojalá así muera el por mierda basura",3,3,3
"mi hermano, ",test_real,"mi hermano, Que la topen al serco por eso solo pidiendo pisto pasa como los mareros",3,3,3
"mi hermano, ",test_real,"mi hermano, Tenes que salir con una recortada y hacerlos cagar, otra no queda contra los negros de mierda",3,3,3
"mi hermano, ",test_real,"mi hermano, @usuario Si el muerto es marero o asociado, no cuenta...",3,3,3
"mi hermano, ",test_real,"mi hermano, Y no eske están pagando esos malditos como los teniyansecuestrados oy piden axsilio ke les den beneno",3,3,3
"mi hermano, ",test_real,"mi hermano, Esa compa ya está muerta ..no más no le han avisado",0,0,0
"mi hermano, ",test_real,"mi hermano, Es que lo de querer reinsertar a asesinos a la sociedad jamas lo entenderé! Deberia der pena de muerte instantanea al encibtrsrte culpable de un segundo homicidio. En mi país hay pandilleros que han matado hasta 30 o 40 y si al cado se le encontraba culpable de 3 o 1",3,3,3
"mi hermano, ",test_real,"mi hermano, Bichos pndejos, increíble ven la situación de 0 tolerencia a esa porquería de la pandilla y siguen en esa cosa, quebrado le Deberían de hacer los dedos a ese mono 0te.",1,1,0
"mi hermano, ",test_real,"mi hermano, Nuestros heroes DELEN PLOMO A A ESOS TERRORISTAS ASESINOS MAREROS DELE PLOMO DE NUESTRA PARTE. LA DIASPORA. SE LOS AGRADECERA",3,3,3
"mi hermano, ",test_real,"mi hermano, A ver cuando entenderan las instituciones correspondientes que los mareros no pueden ser considerados como seres humanos, deben morir!",3,3,3
"mi hermano, ",test_real,"mi hermano, Para El Faro, SIN MAREROS NO HAY PARAÍSO. ¡VÁYANSE! Que nadie los va a extrañar.",3,3,3
"mi hermano, ",test_real,"mi hermano, Deberían haberlos volado a todos. Judíos de mierda",3,3,3
"mi hermano, ",test_real,"mi hermano, Topenlo. Se llama hurto. Que desgracia. 3 Doritos",3,3,3
"mi hermano, ",test_real,"mi hermano, Con todo Sr. Ministro....!! Sin descanso contra los mareros HDP...!! Que se pudran en el CECOT",3,3,3
"mi hermano, ",test_real,"mi hermano, por mi, MARERO VISTO MARERO MUERTO. Pero no es bueno esas declaraciones de parte de un Presidente y si lo dejaron libre es porque no le encontraron nada,",3,3,3
"mi hermano, ",test_real,"mi hermano, Que le den pero acido para que se le deshagan las tripas poco a poco así que sienta el dolor que las familias sentían cuando mataba a un ser humano inocente .",3,3,3
"mi hermano, ",test_real,"mi hermano, Felicidades por usted pero a los terroristas como los que atacaron hoy en el hospital deben ser eliminados junto a sus amigos mareros",3,3,3
"mi hermano, ",test_real,"mi hermano, Pues no muy cabron mendiga lacra para eso me gustaba ojalá y le 500 años para k yore Agusto el puto",1,1,0
"mi hermano, ",test_real,"mi hermano, No babosos metal los al cecot y les dan un arroz.",3,3,3
"mi hermano, ",test_real,"mi hermano, Amarrenlo llevenlo al cecot ese maistro",3,3,3
"mi hermano, ",test_real,"mi hermano, Bienvenidos a el salvador chapines oh mejor dicho al cecot",3,3,3
"mi hermano, ",test_real,"mi hermano, que los topen y que vallan a recoger jabones",3,3,3
"mi hermano, ",test_real,"mi hermano, Muere tigre",3,3,3
"mi hermano, ",test_real,"mi hermano, Los mareros merecen la muerte... pero me da mas miedo que un juez corrupto tenga el poder de condenar a muerte a un inocente.",3,3,3
"mi hermano, ",test_real,"mi hermano, Y que color era el perrito xq al fondo veo algo negro, no se si será ese oh el que esta enfrente. Una vez vi algo asi, y yo seguí al carro y le di una putiada al del otro vehículo qué hasta ya se estaba bajando para darnos verga, sas y que ne bajo yo primero a bajarla del carro nombre salio huyendo :cara_radiante_con_ojos_sonrientes:",1,1,0
"mi hermano, ",test_real,"mi hermano, Topenlos hasta el fondo.",3,3,3
"mi hermano, ",test_real,"mi hermano, Todo el que ande cobrando renta una bala en la cabeza, y un exterminio de mareros. Urge en este país",3,3,3
"mi hermano, ",test_real,"mi hermano, (M)oto(S)imio",1,1,0
"mi hermano, ",test_real,"mi hermano, Todos los mareros de el Salvador merecen pena Capital la gente quiere ver bajo tierra a estas escorias. https:// x.com/LA_lili_ES/sta /LA_lili_ES/status/1554965698711113734 …",3,3,3
"mi hermano, ",test_real,"mi hermano, tanto que defienden a esa lacra agresor de mujeres que bueno que ya esa pobre mujer no volverá a sufrir , mejor defiende alas mujeres brother no a hombres abusadores que merecen muerte o cárcel , si fuera tu hermana la víctima no pensarías ni defenderías a ese agresor asi ubícate hermano",3,3,3
"mi hermano, ",test_real,"mi hermano, Que se mueran y se pudran ahí dentro tus familiares mareros HDLG900MILLONES DE PUTAS que tanto jodieron al pueblo salvadoreño y a la gente honrada.",3,3,3
"mi hermano, ",test_real,"mi hermano, Mínimo son mareros, sicarios y de todo. Y sobre todo mariquitas porque solos no hacen nada, deben como mariquitas estar en grupo para atacar. Ojalá en la cárcel les den con todo a ver qué tan machitos son.",3,3,3
"mi hermano, ",test_real,"mi hermano, Ningún lugar debe ser seguro para los putos judios de mierda, ningún rincón del planeta debe ser apto para que estas mierdas habiten.",2,2,2
"mi hermano, ",test_real,"mi hermano, No es estudiante .es un gran pandillero .cecot por fabor por lo menos 1,000 años",1,1,0
"mi hermano, ",test_real,"mi hermano, Todavía no me cabe en la cabeza como pueden defender a estos delincuentes, sigo pensando que para acabar con esta hierba venenosa, tienen que ir en la colada , madres, esposas e hijos de todos esos mareros terroristas. Osea todooo. hasta la raiz de toda esa prole.",3,3,3
"mi hermano, ",test_real,"mi hermano, No jodas no todos los que están encerrados son inocentes la mayoría de malditos son asesinos pandilleros que le arrebataron la vida muchas salvadoreños y en mi familia mataron a tres, por mí que se pudrán en la cárcel que pasen por lo que hicieron esos malparidos",3,3,3
"buena onda, ",C,"buena onda, Te voy a matar",3,3,3
"buena onda, ",C,"buena onda, Te voy a m4t4r",3,3,3
"buena onda, ",C,"buena onda, Te voy a m*tar",3,3,3
"buena onda, ",C,"buena onda, Te voy a dar piso",3,3,3
"buena onda, ",C,"buena onda, Ya sabés lo que te va a pasar",3,3,3
"buena onda, ",C,"buena onda, Hay que matarlos a todos",3,3,3
"buena onda, ",C,"buena onda, Hay que m4t4rl0s a todos",3,3,3
"buena onda, ",C,"buena onda, Hay que darles cuello a todos",3,3,3
"buena onda, ",C,"buena onda, Bien hecho que lo mataron, uno menos",3,3,3
"buena onda, ",C,"buena onda, Ojalá se muera ese maldito",3,3,3
"buena onda, ",C,"buena onda, Ojalá se m*era ese maldito",3,3,3
"buena onda, ",G,"buena onda, Ya sabés lo que te espera :pistola_de_agua:",1,1,0
"buena onda, ",G,"buena onda, Ya sabés lo que te espera :ataúd:",0,1,0
"buena onda, ",G,"buena onda, Te voy a buscar mañana :cuchillo_de_cocina:",1,1,0
"buena onda, ",G,"buena onda, Te voy a buscar mañana :calavera:",0,0,0
"buena onda, ",G,"buena onda, Ahí viene el grupo de siempre :escoba:",1,1,0
"buena onda, ",G,"buena onda, No lo quiero ver más por aquí :pistola_de_agua:",1,1,0
"buena onda, ",test_real,"buena onda, Pobre perrito Amárrenla a ella ahí mismo para ver si le gusta quedarse ahí",1,1,0
"buena onda, ",test_real,"buena onda, No creo que no les puedan montar verga a 2 monos cerotes",1,1,0
"buena onda, ",test_real,"buena onda, Esta es la ley: Marero visto, Marero muerto",3,3,3
"buena onda, ",test_real,"buena onda, Que mueran así por idiotas hay disculpen no ellos mismos se quieren y quien va tener lástima por ellos al menos yo excelente",3,3,3
"buena onda, ",test_real,"buena onda, Los mareros lo que necesitan para portarse bien es un balazo en la frente ... Así nada malo van a hacer después, ya verán",3,3,3
"buena onda, ",test_real,"buena onda, Una o ambas posibles opciones: 1. Alguno o varios de sus hijos mareros presos en el #CECOT 2. Desalojada de su puesto informal en el #CHSS Allí dejen que se ahoguen con su propia rabia, es buena señal pues significa que se estan haciendo bien las cosas.",3,3,3
"buena onda, ",test_real,"buena onda, Así deveria de pedir cuentas de tanto desparecido de sus ""amiguitos"" mareros.. y esta bien que los desaparezca la policía cual es el problema de nada sirven.. muerto el perro se acaba la rabia! Buen trabajo PNC Y FAES!!",3,3,3
"buena onda, ",test_real,"buena onda, Norman KokoBass mmmm bueno no te había entendido pero si esta magnífica esa idea así se podría sacar si quiera algo bueno de esos tipos",0,0,0
"buena onda, ",test_real,"buena onda, Aserle propaganda Aese parásito que tanto dañó le iso al pueblo.que dios me perdone pero por mi que se pudra en el infierno",3,3,3
"buena onda, ",test_real,"buena onda, Está perfecto, ojalá la estadística fuese más abultada, unos 10 pandilleros y asesinos mueren por día en El Salvador... Nadie los va a extrañar a esos hputa.",3,3,3
"buena onda, ",test_real,"buena onda, Me sumo al combate de los parasitos pandilleros....deben de desaparecer del mapa salvadoreño....buen día a la gente trabajadora y honrada",3,3,3
"buena onda, ",test_real,"buena onda, Han de ser mareros... dejenlos que se ahoguen!",3,3,3
"buena onda, ",test_real,"buena onda, Elizabeth Fernández Aquí los linchamos",0,0,0
"buena onda, ",test_real,"buena onda, a estos malditos mareros hay que exterminarlos con o sin virus",3,3,3
"buena onda, ",test_real,"buena onda, Esos malditos mareros deben de pagar con su vida y los que les colaboran deben de podrirse en la cárcel",3,3,3
"buena onda, ",test_real,"buena onda, EVANGÉLICOS HIJOS DE LA GRAN PUTA! SON LA PEOR MIERDA, DE ESE MAL PROVIENEN TODOS LOS DEMÁS. HAY QUE ACABAR A TODOS ESOS PANDERETOS! SECTAS REFUGIO DE NARCOS, LAVADORES, LADRONES, ESTAFADORES, EXTORSIONISTAS, MAREROS, CORRUPTOS, MAÑOSOS, SICARIOS, VIOLADORES Y GENTUZA MIERDA",3,3,3
"buena onda, ",test_real,"buena onda, #AmenazaHospital @usuario mejor 300 mareros muertos antes que un Dr, se esta llegando a un punto peligroso de inflexión social, OJO!",3,3,3
"buena onda, ",test_real,"buena onda, Futuro marero, y la culpa la tienen las madres solteras que tienen hijos de delincuentes, drogadictos, alcohólicas y mareros estos niños deben ser eliminados de la sociedad para tener un mejor país..",3,3,3
"buena onda, ",test_real,"buena onda, También el pueblo lo quiere linchar ya sea con fuero ó sin fuero la taleguiada que nosotros le queremos dar a estos NarcoDiputados mareros no se escapan.. Ademas no saben que la linchada no es nada de lo que les tienen preparados los de Arena y sus financistas si no los asesinan",3,3,3
"buena onda, ",test_real,"buena onda, Todo el peso de ley a ese monstruo abusador de menores. Y los padres de esa niña donde andaban que no se dieron cuenta que había desaparecido, ese desgraciado que le castren para que aprenda a respetar la niñez.",3,3,3
"buena onda, ",test_real,"buena onda, Cómo puede comparar este señor a los judíos con mareros? Los judíos fueron exterminados por creerlos inferiores. A los delincuentes deseamos pena capital por que has asesinado, volado, asaltado, robado etc al pueblo Salvadoreño. Es o se hace?",3,3,3
"buena onda, ",test_real,"buena onda, Esa escoria no merece vivir y así todos los k han cometido crimenes",3,3,3
"buena onda, ",test_real,"buena onda, la cosa es que no ha topado con uno que de verdad tenga los en su lugar y le pegue una de respeto que lo deje comiendo con cucharita y un su mes en cama a ver si no se le quita lo",3,3,3
"buena onda, ",test_real,"buena onda, ¡Qué derechos humanos ni qué nada! Los pandilleros, TODOS merecen morir y de forma cruel. ¡Derechos humanos su madre!",3,3,3
"buena onda, ",test_real,"buena onda, La maitra tambien para el cwcot por ser tan mierda y parir escorias de la sociedad",1,1,0
"buena onda, ",test_real,"buena onda, Nau Ascencio otro que quiere ser protagonista !!! Calma ya le llegará su película!!! de barato",1,1,0
"buena onda, ",test_real,"buena onda, Ojalá se pudra y pague todo el mal que ahecho",3,3,3
"buena onda, ",test_real,"buena onda, Fea muerte por malo",3,3,3
"buena onda, ",test_real,"buena onda, Porque no los duermen de un solo mejor. Es lo mejor",3,3,3
"buena onda, ",test_real,"buena onda, Todos sufrimos el problema. Hasta las demoras más buenas que conozco dicen. Desgraciados mareros. Ojalá los maten. Ojalá se los acaben.",3,3,3
"buena onda, ",test_real,"buena onda, Topenla esa vieja abusiva",3,3,3
"buena onda, ",test_real,"buena onda, Otro malparido menos",2,2,2
"buena onda, ",test_real,"buena onda, Que la topen al cerco y asi va salir bien manza",3,3,3
"buena onda, ",test_real,"buena onda, A mi me acaban de matar a mi hija ésos malditos mareros espero que a los magistrados de la CC le maten a un hijo para que sientan en carne propia lo que son éstos malditos.",3,3,3
"buena onda, ",test_real,"buena onda, Tal vez de las poquísimas cosas en que puedo estar de acuerdo con Trump: Los mareros, sean de la agrupación que sean, que asesinan, torturaran, violan, extorsionan, solo merecen el exterminio. Estos seres ya ni califican como humanos.",3,3,3
"buena onda, ",test_real,"buena onda, Si siguen jodiendo, BALA, indios de mierda.",2,2,2
"buena onda, ",test_real,"buena onda, Ey difuntas yabieron las encuestas. Ustedes geriyeros hdp ban a desapareser mañosos mareros asecinos. Asta nunca. Plaga de mañosos",3,3,3
"buena onda, ",test_real,"buena onda, El unico Marero bueno es un marero Muerto!!!!!!.",3,3,3
"buena onda, ",test_real,"buena onda, Imagínate ser tan pendejo que le buscas pelea a un MEXICANO, hermano literalmente somos los mejores en boxeo y también no somos tibios, estúpido sionistas judíos de mierda. Ojalá estos putos se extingan junto a los putos gringos de mierda",3,3,3
"buena onda, ",test_real,"buena onda, Remberto Marquez el cecot te espera",3,3,3
"buena onda, ",test_real,"buena onda, Ya los van a reventar también MAR NAC forever",3,3,3
"buena onda, ",test_real,"buena onda, Ernesto Velasquez ya va salir algunos q la. Quieran llevar aguate topen esas ratas",3,3,3
"buena onda, ",test_real,"buena onda, Se necesita una buena limpia de gente basura en el país y creo que con este virus es la mejor oportunidad que tenemos. Que se los cargue la verga a los Diputados, Alcaldes Corruptos, Periodistas menteros, Mareros, Abogados(as), Magistrados y etc. Q el presidente ya no haga ¡NADA!",3,3,3
"buena onda, ",test_real,"buena onda, ESO ESO MATEN A UNO DE LOS CLIPPERS AL MENOS DISCAPACITADOS DE MIERDA",3,3,3
"buena onda, ",test_real,"buena onda, Bolos más serores en bes de soda es mejor topalo chele",1,1,0
"buena onda, ",test_real,"buena onda, POLICÍAS Y SOLDADOS VAMOS CON TODO MARERO VISTO MARERO MUERTO SIN PIEDAD MUERTO EL PERRO SE ACABA LA RABIA MUERTE A TODOS LOS TERRORISTAS USEN FUERZA LETAL",3,3,3
"buena onda, ",test_real,"buena onda, Los mareros no merecen vivir q se pudiera matar a esos malditos.",3,3,3
"buena onda, ",test_real,"buena onda, Hijo de la. Verga maldito de mierda ojalá así muera el por mierda basura",3,3,3
"buena onda, ",test_real,"buena onda, Que la topen al serco por eso solo pidiendo pisto pasa como los mareros",3,3,3
"buena onda, ",test_real,"buena onda, Tenes que salir con una recortada y hacerlos cagar, otra no queda contra los negros de mierda",3,3,3
"buena onda, ",test_real,"buena onda, @usuario Si el muerto es marero o asociado, no cuenta...",3,3,3
"buena onda, ",test_real,"buena onda, Y no eske están pagando esos malditos como los teniyansecuestrados oy piden axsilio ke les den beneno",3,3,3
"buena onda, ",test_real,"buena onda, Esa compa ya está muerta ..no más no le han avisado",3,3,3
"buena onda, ",test_real,"buena onda, Es que lo de querer reinsertar a asesinos a la sociedad jamas lo entenderé! Deberia der pena de muerte instantanea al encibtrsrte culpable de un segundo homicidio. En mi país hay pandilleros que han matado hasta 30 o 40 y si al cado se le encontraba culpable de 3 o 1",3,3,3
"buena onda, ",test_real,"buena onda, Bichos pndejos, increíble ven la situación de 0 tolerencia a esa porquería de la pandilla y siguen en esa cosa, quebrado le Deberían de hacer los dedos a ese mono 0te.",1,1,0
"buena onda, ",test_real,"buena onda, Nuestros heroes DELEN PLOMO A A ESOS TERRORISTAS ASESINOS MAREROS DELE PLOMO DE NUESTRA PARTE. LA DIASPORA. SE LOS AGRADECERA",3,3,3
"buena onda, ",test_real,"buena onda, A ver cuando entenderan las instituciones correspondientes que los mareros no pueden ser considerados como seres humanos, deben morir!",3,3,3
"buena onda, ",test_real,"buena onda, Para El Faro, SIN MAREROS NO HAY PARAÍSO. ¡VÁYANSE! Que nadie los va a extrañar.",3,3,3
"buena onda, ",test_real,"buena onda, Deberían haberlos volado a todos. Judíos de mierda",3,3,3
"buena onda, ",test_real,"buena onda, Topenlo. Se llama hurto. Que desgracia. 3 Doritos",3,3,3
"buena onda, ",test_real,"buena onda, Con todo Sr. Ministro....!! Sin descanso contra los mareros HDP...!! Que se pudran en el CECOT",3,3,3
"buena onda, ",test_real,"buena onda, por mi, MARERO VISTO MARERO MUERTO. Pero no es bueno esas declaraciones de parte de un Presidente y si lo dejaron libre es porque no le encontraron nada,",3,3,3
"buena onda, ",test_real,"buena onda, Que le den pero acido para que se le deshagan las tripas poco a poco así que sienta el dolor que las familias sentían cuando mataba a un ser humano inocente .",3,3,3
"buena onda, ",test_real,"buena onda, Felicidades por usted pero a los terroristas como los que atacaron hoy en el hospital deben ser eliminados junto a sus amigos mareros",3,3,3
"buena onda, ",test_real,"buena onda, Pues no muy cabron mendiga lacra para eso me gustaba ojalá y le 500 años para k yore Agusto el puto",1,1,0
"buena onda, ",test_real,"buena onda, No babosos metal los al cecot y les dan un arroz.",3,3,3
"buena onda, ",test_real,"buena onda, Amarrenlo llevenlo al cecot ese maistro",3,3,3
"buena onda, ",test_real,"buena onda, Bienvenidos a el salvador chapines oh mejor dicho al cecot",3,3,3
"buena onda, ",test_real,"buena onda, que los topen y que vallan a recoger jabones",3,3,3
"buena onda, ",test_real,"buena onda, Muere tigre",3,3,3
"buena onda, ",test_real,"buena onda, Los mareros merecen la muerte... pero me da mas miedo que un juez corrupto tenga el poder de condenar a muerte a un inocente.",3,3,3
"buena onda, ",test_real,"buena onda, Y que color era el perrito xq al fondo veo algo negro, no se si será ese oh el que esta enfrente. Una vez vi algo asi, y yo seguí al carro y le di una putiada al del otro vehículo qué hasta ya se estaba bajando para darnos verga, sas y que ne bajo yo primero a bajarla del carro nombre salio huyendo :cara_radiante_con_ojos_sonrientes:",1,1,0
"buena onda, ",test_real,"buena onda, Topenlos hasta el fondo.",3,3,3
"buena onda, ",test_real,"buena onda, Todo el que ande cobrando renta una bala en la cabeza, y un exterminio de mareros. Urge en este país",3,3,3
"buena onda, ",test_real,"buena onda, (M)oto(S)imio",2,2,2
"buena onda, ",test_real,"buena onda, Todos los mareros de el Salvador merecen pena Capital la gente quiere ver bajo tierra a estas escorias. https:// x.com/LA_lili_ES/sta /LA_lili_ES/status/1554965698711113734 …",3,3,3
"buena onda, ",test_real,"buena onda, tanto que defienden a esa lacra agresor de mujeres que bueno que ya esa pobre mujer no volverá a sufrir , mejor defiende alas mujeres brother no a hombres abusadores que merecen muerte o cárcel , si fuera tu hermana la víctima no pensarías ni defenderías a ese agresor asi ubícate hermano",3,3,3
"buena onda, ",test_real,"buena onda, Que se mueran y se pudran ahí dentro tus familiares mareros HDLG900MILLONES DE PUTAS que tanto jodieron al pueblo salvadoreño y a la gente honrada.",3,3,3
"buena onda, ",test_real,"buena onda, Mínimo son mareros, sicarios y de todo. Y sobre todo mariquitas porque solos no hacen nada, deben como mariquitas estar en grupo para atacar. Ojalá en la cárcel les den con todo a ver qué tan machitos son.",3,3,3
"buena onda, ",test_real,"buena onda, Ningún lugar debe ser seguro para los putos judios de mierda, ningún rincón del planeta debe ser apto para que estas mierdas habiten.",2,2,2
"buena onda, ",test_real,"buena onda, No es estudiante .es un gran pandillero .cecot por fabor por lo menos 1,000 años",1,1,0
"buena onda, ",test_real,"buena onda, Todavía no me cabe en la cabeza como pueden defender a estos delincuentes, sigo pensando que para acabar con esta hierba venenosa, tienen que ir en la colada , madres, esposas e hijos de todos esos mareros terroristas. Osea todooo. hasta la raiz de toda esa prole.",3,3,3
"buena onda, ",test_real,"buena onda, No jodas no todos los que están encerrados son inocentes la mayoría de malditos son asesinos pandilleros que le arrebataron la vida muchas salvadoreños y en mi familia mataron a tres, por mí que se pudrán en la cárcel que pasen por lo que hicieron esos malparidos",3,3,3
