ID,texto_original,label,origen,plantilla_id,subclase,texto_modelo
V3-00001,"Qué p4jero, en serio",1,v3_ofensivo_ofuscado,ofensivo_ofuscado|Mirá al {t} este,Palabras obscenas,"Qué p4jero, en serio"
V3-00002,Ya son demasiados 🚽🧻 migrantes en este país,2,v3_emoji_clase2,emoji_clase2|emoji_🚽🧻,Migrantes y personas empobrecidas,Ya son demasiados :inodoro: :rollo_de_papel: migrantes en este país
V3-00003,Decile que a ese ya lo tienen fichado,3,v3_amenaza_eufemismo,amenaza_eufemismo|eufemismo_reportado,Amenaza Implícita,Decile que a ese ya lo tienen fichado
V3-00004,Los judíos dan asco y nadie lo dice 🧼🇮🇱,2,v3_emoji_clase2,emoji_clase2|emoji_🧼🇮🇱,Judíos,Los judíos dan asco y nadie lo dice :jabón: :bandera_israel:
V3-00005,"Ya cállese, p-a-j-a",1,v3_ofensivo_ofuscado,"ofensivo_ofuscado|No hablés de lo que no sabés, {t}",Insulto,"Ya cállese, p-a-j-a"
V3-00006,"Todos los obesos no son gente, sin excepción 🐋",2,v3_emoji_clase2,emoji_clase2|emoji_🐋,Personas con sobrepeso,"Todos los obesos no son gente, sin excepción :ballena:"
V3-00007,Los negros 🥷 son escoria,2,v3_emoji_clase2,emoji_clase2|emoji_🥷,Afrodescendientes,Los negros :ninja: son escoria
V3-00008,Ya compré el pelota para el domingo,0,v3_jerga_control,jerga_control|Ya compré el {t} para el domingo,,Ya compré el pelota para el domingo
V3-00009,"Dejá de escribir, p*loma",1,v3_ofensivo_ofuscado,"ofensivo_ofuscado|Volvé cuando aprendás, {t}",Palabras obscenas,"Dejá de escribir, p*loma"
V3-00010,Qué bonito te quedó la casa,0,v3_jerga_control,jerga_control|Qué {t} te quedó la casa,,Qué bonito te quedó la casa
V3-00011,Fuera los migrantes de nuestro país 🪲,2,v3_emoji_clase2,emoji_clase2|emoji_🪲,Migrantes y grupos étnicos,Fuera los migrantes de nuestro país :escarabajo:
V3-00012,"Mientras más gays 🏳️‍🌈🤨 llegan, peor está todo",2,v3_emoji_clase2,emoji_clase2|emoji_🏳️‍🌈🤨,Personas LGBT,"Mientras más gays :bandera_blanca: :arcoíris: :cara_con_ceja_alzada: llegan, peor está todo"
V3-00013,"Los obesos son mierda, así de simple 🐖",2,v3_emoji_clase2,emoji_clase2|emoji_🐖,Personas con sobrepeso,"Los obesos son mierda, así de simple :cerdo:"
V3-00014,"No jodás más, h4r4gan",1,v3_ofensivo_ofuscado,ofensivo_ofuscado|Puro {t} el que escribió eso,Insulto,"No jodás más, h4r4gan"
V3-00015,El equipo de los peruanos jugó limpio,0,v3_nacionalidad_notoxico,nacionalidad_notoxico|El equipo de los {g} jugó limpio,,El equipo de los peruanos jugó limpio
V3-00016,Con gusto lo t o r t u r a rría yo mismo anotalo,3,v3_amenaza_ofuscada,amenaza_ofuscada|Con gusto lo {v}ría yo mismo,Amenaza Directa,Con gusto lo t o r t u r a rría yo mismo anotalo
V3-00017,"Por gente como vos está así el país, marerooo",2,v3_odio_ofuscado,"odio_ofuscado|Regresate de donde viniste, {t}",Xenofobia,"Por gente como vos está así el país, marerooo"
V3-00018,"Ya me hartaste, prep4qo",1,v3_ofensivo_ofuscado,"ofensivo_ofuscado|Sos lo peor que hay, {t}",Insulto,"Ya me hartaste, prep4qo"
V3-00019,Ya son demasiados nicaragüenses en este país,2,v3_odio_grupo,odio_grupo|Ya son demasiados {g} en este país,Xenofobia,Ya son demasiados nicaragüenses en este país
V3-00020,El concierto estuvo increíble 🤝,0,v3_emoji_benigno,emoji_benigno|benigno_🤝,,El concierto estuvo increíble :apretón_de_manos:
V3-00021,"Todo bien con el cipote, no hay pleito",0,v3_jerga_notoxico,"jerga_notoxico|Todo bien con el {t}, no hay pleito",,"Todo bien con el cipote, no hay pleito"
V3-00022,"No sabés nada, subn0rm4l",1,v3_ofensivo_ofuscado,"ofensivo_ofuscado|Hablando pura paja, {t}",Insulto,"No sabés nada, subn0rm4l"
V3-00023,"No hablés de lo que no sabés, perr@",1,v3_ofensivo_ofuscado,ofensivo_ofuscado|Puro {t} el que escribió eso,Insulto,"No hablés de lo que no sabés, perr@"
V3-00024,Ya sabés lo que te puede pasar vas a ver,3,v3_amenaza_eufemismo,amenaza_eufemismo|eufemismo_con_cola,Amenaza Implícita,Ya sabés lo que te puede pasar vas a ver
V3-00025,Andá traeme el pisto ese que dejé,0,v3_jerga_notoxico,jerga_notoxico|Andá traeme el {t} ese que dejé,,Andá traeme el pisto ese que dejé
V3-00026,"No hablés de lo que no sabés, cerote p4tad4",1,v3_jerga_ofensivo,"jerga_ofensivo|No hablés de lo que no sabés, {t}",Insulto Directo,"No hablés de lo que no sabés, cerote p4tad4"
V3-00027,"Mientras más obesos 🐷 llegan, peor está todo",2,v3_emoji_clase2,emoji_clase2|emoji_🐷,Personas con sobrepeso,"Mientras más obesos :cara_de_cerdo: llegan, peor está todo"
V3-00028,"Ya cállese, p4y4s0",1,v3_ofensivo_ofuscado,"ofensivo_ofuscado|Cerrá el hocico, {t}",Insulto,"Ya cállese, p4y4s0"
V3-00029,Ningún colombiano debería estar aquí,2,v3_odio_grupo,odio_grupo|Ningún {gs} debería estar aquí,Xenofobia,Ningún colombiano debería estar aquí
V3-00030,"Me da igual lo que digas, h0c1c0",1,v3_ofensivo_ofuscado,"ofensivo_ofuscado|No hablés de lo que no sabés, {t}",Insulto,"Me da igual lo que digas, h0c1c0"
V3-00031,"Mejor callate, p4l0ma",1,v3_ofensivo_ofuscado,"ofensivo_ofuscado|Volvé cuando aprendás, {t}",Palabras obscenas,"Mejor callate, p4l0ma"
V3-00032,Mirá al ch4cal1n este,1,v3_ofensivo_ofuscado,"ofensivo_ofuscado|Eso es lo que sos, un {t}",Insulto,Mirá al ch4cal1n este
V3-00033,Mirá al k1pote este,1,v3_ofensivo_ofuscado,ofensivo_ofuscado|Puro {t} el que escribió eso,Palabras obscenas,Mirá al k1pote este
V3-00034,"Qué asco das, imvec1l",1,v3_ofensivo_ofuscado,ofensivo_ofuscado|Ese {t} otra vez,Insulto,"Qué asco das, imvec1l"
V3-00035,Los indígenas tienen unas playas preciosas,0,v3_nacionalidad_notoxico,nacionalidad_notoxico|Los {g} tienen unas playas preciosas,,Los indígenas tienen unas playas preciosas
V3-00036,"Los gordos no son gente, así de simple 🐖",2,v3_emoji_clase2,emoji_clase2|emoji_🐖,Personas con sobrepeso,"Los gordos no son gente, así de simple :cerdo:"
V3-00037,"Los indígenas sobran en este país, así de simple",2,v3_odio_grupo,"odio_grupo|Los {g} {p}, así de simple",Xenofobia,"Los indígenas sobran en este país, así de simple"
V3-00038,El día amaneció bien chivo hoy,0,v3_jerga_notoxico,jerga_notoxico|El día amaneció bien {t} hoy,,El día amaneció bien chivo hoy
V3-00039,Deberían g*****r a todos esos,3,v3_amenaza_ofuscada,amenaza_ofuscada|Deberían {v} a todos esos,Amenaza Directa,Deberían g*****r a todos esos
V3-00040,Andá traeme el chunche ese que dejé,0,v3_jerga_notoxico,jerga_notoxico|Andá traeme el {t} ese que dejé,,Andá traeme el chunche ese que dejé
V3-00041,"Odio a los pobres, sobran en este país 🚽",2,v3_emoji_clase2,emoji_clase2|emoji_🚽,Migrantes y personas empobrecidas,"Odio a los pobres, sobran en este país :inodoro:"
V3-00042,"Andate de aquí, e.s.c.o.r.i.a",1,v3_ofensivo_ofuscado,"ofensivo_ofuscado|Ya cállese, {t}",Insulto,"Andate de aquí, e.s.c.o.r.i.a"
V3-00043,"Mejor callate, hdpz",1,v3_ofensivo_ofuscado,"ofensivo_ofuscado|Dejá de escribir, {t}",Insulto,"Mejor callate, hdpz"
V3-00044,No respondo si lo llego a liiinchar,3,v3_amenaza_ofuscada,amenaza_ofuscada|No respondo si lo llego a {v},Amenaza Directa,No respondo si lo llego a liiinchar
V3-00045,"Mejor callate, verqaso",1,v3_ofensivo_ofuscado,"ofensivo_ofuscado|Nadie te preguntó, {t}",Palabras obscenas,"Mejor callate, verqaso"
V3-00046,"Los peruanos son basura, así de simple",2,v3_odio_grupo,"odio_grupo|Los {g} {p}, así de simple",Xenofobia,"Los peruanos son basura, así de simple"
V3-00047,Estudié con dos compañeros mexicanos,0,v3_nacionalidad_notoxico,nacionalidad_notoxico|Estudié con dos compañeros {g},,Estudié con dos compañeros mexicanos
V3-00048,"Que se vayan los chinos, sobran en este país",2,v3_odio_grupo,"odio_grupo|Que se vayan los {g}, {p}",Xenofobia,"Que se vayan los chinos, sobran en este país"
V3-00049,"Odio a los tarados, no son gente 🗣️👊🤤",2,v3_emoji_clase2,emoji_clase2|emoji_🗣️👊🤤,Personas con discapacidad intelectual,"Odio a los tarados, no son gente :cabeza_parlante: :puño_cerrado: :cara_babeando:"
V3-00050,"Eso es lo que sos, un fascist4",1,v3_ofensivo_ofuscado,"ofensivo_ofuscado|Hablando pura paja, {t}",Insulto,"Eso es lo que sos, un fascist4"
V3-00051,"Los negros son 🌑 basura, así de simple",2,v3_emoji_clase2,emoji_clase2|emoji_🌑,Personas racializadas,"Los negros son :luna_nueva: basura, así de simple"
V3-00052,"Regresate de donde viniste, nargentin@",2,v3_odio_ofuscado,"odio_ofuscado|Gente como vos sobra, {t}",Xenofobia,"Regresate de donde viniste, nargentin@"
V3-00053,"No hablés de lo que no sabés, i-m-b-e-c-i-l",1,v3_ofensivo_ofuscado,ofensivo_ofuscado|Ese {t} otra vez,Insulto,"No hablés de lo que no sabés, i-m-b-e-c-i-l"
V3-00054,"Otra vez vos, muerto de hambr3",1,v3_ofensivo_ofuscado,"ofensivo_ofuscado|No hablés de lo que no sabés, {t}",Insulto,"Otra vez vos, muerto de hambr3"
V3-00055,"Regresate de donde viniste, chapiad0r4",2,v3_odio_ofuscado,"odio_ofuscado|Regresate de donde viniste, {t}",Sexismo,"Regresate de donde viniste, chapiad0r4"
V3-00056,🧼 Ya son demasiados judíos en este país,2,v3_emoji_clase2,emoji_clase2|emoji_🧼,Judíos,:jabón: Ya son demasiados judíos en este país
V3-00057,Mirá al 🐍 cvlero este,1,v3_emoji_clase1,emoji_clase1|emoji_🐍,Individuo,Mirá al :serpiente: cvlero este
V3-00058,"No jodás más, cvlez",1,v3_ofensivo_ofuscado,"ofensivo_ofuscado|Sos lo peor que hay, {t}",Palabras obscenas,"No jodás más, cvlez"
V3-00059,Hay que darles su merecido a esos,3,v3_amenaza_eufemismo,amenaza_eufemismo|eufemismo_simple,Amenaza Implícita,Hay que darles su merecido a esos
V3-00060,🏳️‍🌈👀 Fuera los homosexuales de nuestro país,2,v3_emoji_clase2,emoji_clase2|emoji_🏳️‍🌈👀,Personas LGBT,:bandera_blanca: :arcoíris: :ojos: Fuera los homosexuales de nuestro país
V3-00061,"Cerrá el hocico, manten1da",1,v3_ofensivo_ofuscado,"ofensivo_ofuscado|No sabés nada, {t}",Insulto,"Cerrá el hocico, manten1da"
V3-00062,"Regresate de donde viniste, qorrona",2,v3_odio_ofuscado,"odio_ofuscado|Aquí no te queremos, {t}",Sexismo,"Regresate de donde viniste, qorrona"
V3-00063,Voy a ir a b@le@rte a tu casa esperame afuera,3,v3_amenaza_ofuscada,amenaza_ofuscada|Voy a ir a {v}te a tu casa,Amenaza Directa,Voy a ir a b@le@rte a tu casa esperame afuera
V3-00064,Ya se acabó la trabajo y todos contentos,0,v3_jerga_control,jerga_control|Ya se acabó la {t} y todos contentos,,Ya se acabó la trabajo y todos contentos
V3-00065,Ya son demasiados centroamericanos en este país 🐒🇭🇳,2,v3_emoji_clase2,emoji_clase2|emoji_🐒🇭🇳,Latinoamericanos,Ya son demasiados centroamericanos en este país :mono: :bandera_honduras:
V3-00066,"Qué onda mentiroso, todo bien por allá",0,v3_jerga_control,"jerga_control|Qué onda {t}, todo bien por allá",,"Qué onda mentiroso, todo bien por allá"
V3-00067,"Me da igual lo que digas, subn0rmal",1,v3_ofensivo_ofuscado,"ofensivo_ofuscado|Volvé cuando aprendás, {t}",Insulto,"Me da igual lo que digas, subn0rmal"
V3-00068,Ya son demasiados indios en este país 🪲,2,v3_emoji_clase2,emoji_clase2|emoji_🪲,Migrantes y grupos étnicos,Ya son demasiados indios en este país :escarabajo:
V3-00069,"Me dan ganas de g.o.l.p.e.a.rlo y no es amenaza, es aviso",3,v3_amenaza_ofuscada,amenaza_ofuscada|Me dan ganas de {v}lo,Amenaza Directa,"Me dan ganas de g.o.l.p.e.a.rlo y no es amenaza, es aviso"
V3-00070,Ya llegamos bien a la casa ☕,0,v3_emoji_benigno,emoji_benigno|benigno_☕,,Ya llegamos bien a la casa :bebida_caliente:
V3-00071,"Ya me hartaste, c-u-l-o",1,v3_ofensivo_ofuscado,ofensivo_ofuscado|Puro {t} el que escribió eso,Palabras obscenas,"Ya me hartaste, c-u-l-o"
V3-00072,Los latinos 🐒🇸🇻 son mierda,2,v3_emoji_clase2,emoji_clase2|emoji_🐒🇸🇻,Latinoamericanos,Los latinos :mono: :bandera_el_salvador: son mierda
V3-00073,Los indios son basura y nadie lo dice 🪳,2,v3_emoji_clase2,emoji_clase2|emoji_🪳,Migrantes y grupos étnicos,Los indios son basura y nadie lo dice :cucaracha:
V3-00074,Ese amigo me cae bien la verdad,0,v3_jerga_control,jerga_control|Ese {t} me cae bien la verdad,,Ese amigo me cae bien la verdad
V3-00075,Alguien debería 7or7ur4r a ese tipo,3,v3_amenaza_ofuscada,amenaza_ofuscada|Alguien debería {v} a ese tipo,Amenaza Directa,Alguien debería 7or7ur4r a ese tipo
V3-00076,Ya se acabó la fiesta y todos contentos,0,v3_jerga_control,jerga_control|Ya se acabó la {t} y todos contentos,,Ya se acabó la fiesta y todos contentos
V3-00077,Los chinos traen unas recetas buenísimas,0,v3_nacionalidad_notoxico,nacionalidad_notoxico|Los {g} traen unas recetas buenísimas,,Los chinos traen unas recetas buenísimas
V3-00078,"Eso es lo que sos, un kipot3",1,v3_ofensivo_ofuscado,"ofensivo_ofuscado|Cerrá el hocico, {t}",Palabras obscenas,"Eso es lo que sos, un kipot3"
V3-00079,Con gusto lo matarría yo mismo 🔫,3,v3_emoji_clase3,emoji_clase3|emoji_🔫,Individuo,Con gusto lo matarría yo mismo :pistola:
V3-00080,"Regresate de donde viniste, terrorizta",2,v3_odio_ofuscado,"odio_ofuscado|Por gente como vos está así el país, {t}",Xenofobia,"Regresate de donde viniste, terrorizta"
V3-00081,Alguien debería l*****r a ese tipo esperame afuera,3,v3_amenaza_ofuscada,amenaza_ofuscada|Alguien debería {v} a ese tipo,Amenaza Directa,Alguien debería l*****r a ese tipo esperame afuera
V3-00082,"Regresate de donde viniste, lezviana",2,v3_odio_ofuscado,"odio_ofuscado|Ojalá te deporten, {t}",Homofobia,"Regresate de donde viniste, lezviana"
V3-00083,"Sos lo peor que hay, p3ndej0",1,v3_ofensivo_ofuscado,"ofensivo_ofuscado|Mejor callate, {t}",Insulto,"Sos lo peor que hay, p3ndej0"
V3-00084,Los colombianos sobran en este país,2,v3_odio_grupo,odio_grupo|Los {g} {p},Xenofobia,Los colombianos sobran en este país
V3-00085,"🧟 Qué pereza leerte, v@go",1,v3_emoji_clase1,emoji_clase1|emoji_🧟,Colectivo político,":zombi: Qué pereza leerte, v@go"
V3-00086,"Me da igual lo que digas, os1ko",1,v3_ofensivo_ofuscado,"ofensivo_ofuscado|Eso es lo que sos, un {t}",Insulto,"Me da igual lo que digas, os1ko"
V3-00087,"Los chinos son escoria, así de simple",2,v3_odio_grupo,"odio_grupo|Los {g} {p}, así de simple",Xenofobia,"Los chinos son escoria, así de simple"
V3-00088,Los ignorantes son mierda 😈📕 y nadie lo dice,2,v3_emoji_clase2,emoji_clase2|emoji_😈📕,Personas con baja educación,Los ignorantes son mierda :cara_sonriendo_con_cuernos: :libro_cerrado: y nadie lo dice
V3-00089,"Le van a apagar la luz a ese maje y no es amenaza, es aviso",3,v3_amenaza_eufemismo,amenaza_eufemismo|eufemismo_con_cola,Amenaza Implícita,"Le van a apagar la luz a ese maje y no es amenaza, es aviso"
V3-00090,Los retrasados 🗣️👊🤤 son puro estorbo,2,v3_emoji_clase2,emoji_clase2|emoji_🗣️👊🤤,Personas con discapacidad intelectual,Los retrasados :cabeza_parlante: :puño_cerrado: :cara_babeando: son puro estorbo
V3-00091,El concierto ⚽ estuvo increíble,0,v3_emoji_benigno,emoji_benigno|benigno_⚽,,El concierto :balón_de_fútbol: estuvo increíble
V3-00092,"Que se vayan los retrasados, son basura 🤤",2,v3_emoji_clase2,emoji_clase2|emoji_🤤,Personas con discapacidad intelectual,"Que se vayan los retrasados, son basura :cara_babeando:"
V3-00093,"Si lo vuelvo a ver lo voy a b@le@r y no es amenaza, es aviso",3,v3_amenaza_ofuscada,amenaza_ofuscada|Si lo vuelvo a ver lo voy a {v},Amenaza Directa,"Si lo vuelvo a ver lo voy a b@le@r y no es amenaza, es aviso"
V3-00094,Vinieron unos cubanos a la actividad,0,v3_nacionalidad_notoxico,nacionalidad_notoxico|Vinieron unos {g} a la actividad,,Vinieron unos cubanos a la actividad
V3-00095,"Andate de aquí, se l4 p1ca",1,v3_ofensivo_ofuscado,"ofensivo_ofuscado|Andá a trabajar, {t}",Palabras obscenas,"Andate de aquí, se l4 p1ca"
V3-00096,"Me da igual lo que digas, h1ju3put4",1,v3_ofensivo_ofuscado,"ofensivo_ofuscado|Callate ya, {t}",Insulto,"Me da igual lo que digas, h1ju3put4"
V3-00097,"Callate ya, j-o-d-i-d-o",1,v3_ofensivo_ofuscado,"ofensivo_ofuscado|Dejá de escribir, {t}",Tono agresivo,"Callate ya, j-o-d-i-d-o"
V3-00098,Los judíos sobran en este país 🙋‍♂️,2,v3_emoji_clase2,emoji_clase2|emoji_🙋‍♂️,Judíos,Los judíos sobran en este país :persona_con_la_mano_levantada: :signo_masculino:
V3-00099,"Andate de aquí, o*ico",1,v3_ofensivo_ofuscado,"ofensivo_ofuscado|Qué pereza leerte, {t}",Insulto,"Andate de aquí, o*ico"
V3-00100,Sos un tuf0 y punto,1,v3_ofensivo_ofuscado,"ofensivo_ofuscado|Andate de aquí, {t}",Insulto,Sos un tuf0 y punto
V3-00101,Ya sabe que le van a pasar factura,3,v3_amenaza_eufemismo,amenaza_eufemismo|eufemismo_reportado,Amenaza Implícita,Ya sabe que le van a pasar factura
V3-00102,Sos un vab0so y punto,1,v3_ofensivo_ofuscado,"ofensivo_ofuscado|Qué {t}, en serio",Insulto,Sos un vab0so y punto
V3-00103,"Todos los argentinos son mierda, sin excepción",2,v3_odio_grupo,"odio_grupo|Todos los {g} {p}, sin excepción",Xenofobia,"Todos los argentinos son mierda, sin excepción"
V3-00104,"No seás codo, pagá la cuenta vos",0,v3_jerga_notoxico,"jerga_notoxico|No seás {t}, pagá la cuenta vos",,"No seás codo, pagá la cuenta vos"
V3-00105,"Qué pereza leerte, kholer0",1,v3_ofensivo_ofuscado,"ofensivo_ofuscado|Ya cállese, {t}",Insulto,"Qué pereza leerte, kholer0"
V3-00106,💀 Lo van a dejar frío,3,v3_emoji_clase3,emoji_clase3|emoji_💀,Personas enfermas,:calavera: Lo van a dejar frío
V3-00107,Quedó excelente el trabajo que hicieron,0,v3_jerga_control,jerga_control|Quedó {t} el trabajo que hicieron,,Quedó excelente el trabajo que hicieron
V3-00108,"Cerrá el hocico, kurs0",1,v3_ofensivo_ofuscado,"ofensivo_ofuscado|No hablés de lo que no sabés, {t}",nan,"Cerrá el hocico, kurs0"
V3-00109,"Mejor callate, m*ricon",1,v3_ofensivo_ofuscado,"ofensivo_ofuscado|Hablando pura paja, {t}",Insulto,"Mejor callate, m*ricon"
V3-00110,Hay que fus1larlos a todos te lo juro,3,v3_amenaza_ofuscada,amenaza_ofuscada|Hay que {v}los a todos,Amenaza Directa,Hay que fus1larlos a todos te lo juro
V3-00111,"Qué 1mb3cil, en serio",1,v3_ofensivo_ofuscado,"ofensivo_ofuscado|Qué {t}, en serio",Insulto,"Qué 1mb3cil, en serio"
V3-00112,Vamos a c o l g a r a ese maje acordate de esto,3,v3_amenaza_ofuscada,amenaza_ofuscada|Vamos a {v} a ese maje,Amenaza Directa,Vamos a c o l g a r a ese maje acordate de esto
V3-00113,"Por gente como vos está así el país, p4ras1tar",2,v3_odio_ofuscado,"odio_ofuscado|Aquí no te queremos, {t}",Xenofobia,"Por gente como vos está así el país, p4ras1tar"
V3-00114,Prestame el pelota para el pasaje porfa,0,v3_jerga_control,jerga_control|Prestame el {t} para el pasaje porfa,,Prestame el pelota para el pasaje porfa
V3-00115,"Qué e*cobas, en serio",1,v3_ofensivo_ofuscado,"ofensivo_ofuscado|No jodás más, {t}",Insulto,"Qué e*cobas, en serio"
V3-00116,Conocí a un venezolano muy amable ayer,0,v3_nacionalidad_notoxico,nacionalidad_notoxico|Conocí a un {gs} muy amable ayer,,Conocí a un venezolano muy amable ayer
V3-00117,Ojalá lo maaataren pronto vas a ver,3,v3_amenaza_ofuscada,amenaza_ofuscada|Ojalá lo {v}en pronto,Amenaza Directa,Ojalá lo maaataren pronto vas a ver
V3-00118,"Mientras más negros llegan, peor está todo 🦶",2,v3_emoji_clase2,emoji_clase2|emoji_🦶,Personas racializadas,"Mientras más negros llegan, peor está todo :pie:"
V3-00119,"Mejor callate, payas0",1,v3_ofensivo_ofuscado,"ofensivo_ofuscado|No jodás más, {t}",Insulto,"Mejor callate, payas0"
V3-00120,"Aquí no te queremos, inm1grante",2,v3_odio_ofuscado,"odio_ofuscado|No perteneces aquí, {t}",Xenofobia,"Aquí no te queremos, inm1grante"
V3-00121,El maje está bien tranquilo hoy,0,v3_jerga_notoxico,jerga_notoxico|El {t} está bien tranquilo hoy,,El maje está bien tranquilo hoy
V3-00122,"Cerrá el hocico, bayunco mar1con",1,v3_jerga_ofensivo,"jerga_ofensivo|Cerrá el hocico, {t}",Insulto Directo,"Cerrá el hocico, bayunco mar1con"
V3-00123,Lo van a l1nchar a ese te lo juro,3,v3_amenaza_ofuscada,amenaza_ofuscada|Lo van a {v} a ese,Amenaza Directa,Lo van a l1nchar a ese te lo juro
V3-00124,Te voy a fu5ilar acordate de esto,3,v3_amenaza_ofuscada,amenaza_ofuscada|Te voy a {v},Amenaza Directa,Te voy a fu5ilar acordate de esto
V3-00125,"Dejá de escribir, fer!a",1,v3_ofensivo_ofuscado,"ofensivo_ofuscado|Me da igual lo que digas, {t}",Insulto,"Dejá de escribir, fer!a"
V3-00126,No respondo si lo llego a matar,3,v3_amenaza_ofuscada,amenaza_ofuscada|No respondo si lo llego a {v},Amenaza Directa,No respondo si lo llego a matar
V3-00127,"Cerrá el hocico, ker0te",1,v3_ofensivo_ofuscado,"ofensivo_ofuscado|Otra vez vos, {t}",Insulto,"Cerrá el hocico, ker0te"
V3-00128,Qué yuca se ve el paisaje desde aquí,0,v3_jerga_notoxico,jerga_notoxico|Qué {t} se ve el paisaje desde aquí,,Qué yuca se ve el paisaje desde aquí
V3-00129,Qué difícil se ve el paisaje desde aquí,0,v3_jerga_control,jerga_control|Qué {t} se ve el paisaje desde aquí,,Qué difícil se ve el paisaje desde aquí
V3-00130,Ese haraqan otra vez 🇺🇸🦅💩,1,v3_emoji_clase1,emoji_clase1|emoji_🇺🇸🦅💩,Estadounidenses,Ese haraqan otra vez :bandera_estados_unidos: :águila: :caca_con_ojos:
V3-00131,"Andate a tu país, valieron verg@",2,v3_odio_ofuscado,"odio_ofuscado|Ojalá te deporten, {t}",Xenofobia,"Andate a tu país, valieron verg@"
V3-00132,Ningún indígena debería estar aquí,2,v3_odio_grupo,odio_grupo|Ningún {gs} debería estar aquí,Xenofobia,Ningún indígena debería estar aquí
V3-00133,"Todos los venezolanos son basura, sin excepción",2,v3_odio_grupo,"odio_grupo|Todos los {g} {p}, sin excepción",Xenofobia,"Todos los venezolanos son basura, sin excepción"
V3-00134,Vamos a ver al chucho el domingo,0,v3_jerga_notoxico,jerga_notoxico|Vamos a ver al {t} el domingo,,Vamos a ver al chucho el domingo
V3-00135,"No sabés nada, m*ntenida",1,v3_ofensivo_ofuscado,"ofensivo_ofuscado|Cerrá el hocico, {t}",Insulto,"No sabés nada, m*ntenida"
V3-00136,Mi vecino es nicaragüense y es buena gente,0,v3_nacionalidad_notoxico,nacionalidad_notoxico|Mi vecino es {gs} y es buena gente,,Mi vecino es nicaragüense y es buena gente
V3-00137,Nos vemos en la pachanga del sábado 🙏,0,v3_emoji_benigno,emoji_benigno|benigno_🙏,,Nos vemos en la pachanga del sábado :manos_en_oración:
V3-00138,Ya quisiera fuuusilar a ese maje ya vas a ver,3,v3_amenaza_ofuscada,amenaza_ofuscada|Ya quisiera {v} a ese maje,Amenaza Directa,Ya quisiera fuuusilar a ese maje ya vas a ver
V3-00139,Saludos al perro de mi parte,0,v3_jerga_control,jerga_control|Saludos al {t} de mi parte,,Saludos al perro de mi parte
V3-00140,La comida de los hondureños está buenísima,0,v3_nacionalidad_notoxico,nacionalidad_notoxico|La comida de los {g} está buenísima,,La comida de los hondureños está buenísima
V3-00141,"Sos lo peor que hay, idiot@",1,v3_ofensivo_ofuscado,ofensivo_ofuscado|Sos un {t} y punto,Insulto,"Sos lo peor que hay, idiot@"
V3-00142,Quedó tuanis el trabajo que hicieron,0,v3_jerga_notoxico,jerga_notoxico|Quedó {t} el trabajo que hicieron,,Quedó tuanis el trabajo que hicieron
V3-00143,Puro vergas0 el que escribió eso,1,v3_ofensivo_ofuscado,"ofensivo_ofuscado|Ya me hartaste, {t}",Palabras obscenas,Puro vergas0 el que escribió eso
V3-00144,Me dan ganas de gooolpearlo anotalo,3,v3_amenaza_ofuscada,amenaza_ofuscada|Me dan ganas de {v}lo,Amenaza Directa,Me dan ganas de gooolpearlo anotalo
V3-00145,Ese chakal1n otra vez,1,v3_ofensivo_ofuscado,"ofensivo_ofuscado|Me da igual lo que digas, {t}",Insulto,Ese chakal1n otra vez
V3-00146,Los negros son mierda y nadie lo dice 🥷,2,v3_emoji_clase2,emoji_clase2|emoji_🥷,Afrodescendientes,Los negros son mierda y nadie lo dice :ninja:
V3-00147,"Que se vayan los gordos, son mierda 🐖",2,v3_emoji_clase2,emoji_clase2|emoji_🐖,Personas con sobrepeso,"Que se vayan los gordos, son mierda :cerdo:"
V3-00148,"Todos los tarados son basura, sin excepción 🧠❓",2,v3_emoji_clase2,emoji_clase2|emoji_🧠❓,Personas con discapacidad intelectual,"Todos los tarados son basura, sin excepción :cerebro: :interrogación_roja:"
V3-00149,Deberían torturar a todos esos acordate de esto,3,v3_amenaza_ofuscada,amenaza_ofuscada|Deberían {v} a todos esos,Amenaza Directa,Deberían torturar a todos esos acordate de esto
V3-00150,Puro cul3ro el que escribió eso,1,v3_ofensivo_ofuscado,ofensivo_ofuscado|Sos un {t} y punto,Insulto,Puro cul3ro el que escribió eso
V3-00151,"Qué asco das, ch1mbad4s",1,v3_ofensivo_ofuscado,"ofensivo_ofuscado|Nadie te preguntó, {t}",Palabras obscenas,"Qué asco das, ch1mbad4s"
V3-00152,"Regresate de donde viniste, khapiad0ra",2,v3_odio_ofuscado,"odio_ofuscado|No perteneces aquí, {t}",Sexismo,"Regresate de donde viniste, khapiad0ra"
V3-00153,"Regresate de donde viniste, mejis1mio",2,v3_odio_ofuscado,"odio_ofuscado|No perteneces aquí, {t}",Xenofobia,"Regresate de donde viniste, mejis1mio"
V3-00154,Los pobres sobran en este 🐀 país y nadie lo dice,2,v3_emoji_clase2,emoji_clase2|emoji_🐀,Migrantes y personas empobrecidas,Los pobres sobran en este :rata: país y nadie lo dice
V3-00155,Ese chero nunca falla cuando se le necesita,0,v3_jerga_notoxico,jerga_notoxico|Ese {t} nunca falla cuando se le necesita,,Ese chero nunca falla cuando se le necesita
V3-00156,Mañana tengo chamba desde temprano 💪,0,v3_emoji_benigno,emoji_benigno|benigno_💪,,Mañana tengo chamba desde temprano :bíceps_flexionado:
V3-00157,🪲 Fuera los migrantes de nuestro país,2,v3_emoji_clase2,emoji_clase2|emoji_🪲,Migrantes y grupos étnicos,:escarabajo: Fuera los migrantes de nuestro país
V3-00158,"Mejor callate, os1co",1,v3_ofensivo_ofuscado,"ofensivo_ofuscado|Andá a trabajar, {t}",Insulto,"Mejor callate, os1co"
V3-00159,"No jodás más, cu*era",1,v3_ofensivo_ofuscado,"ofensivo_ofuscado|Ya me hartaste, {t}",Insulto,"No jodás más, cu*era"
V3-00160,Uno de estos días lo van a qu3br4r esperame afuera,3,v3_amenaza_ofuscada,amenaza_ofuscada|Uno de estos días lo van a {v},Amenaza Directa,Uno de estos días lo van a qu3br4r esperame afuera
V3-00161,"Da asco verte, 4rrastr4da",2,v3_odio_ofuscado,"odio_ofuscado|Aquí no te queremos, {t}",Sexismo,"Da asco verte, 4rrastr4da"
V3-00162,Ya sabe que ya le pusieron precio a ese,3,v3_amenaza_eufemismo,amenaza_eufemismo|eufemismo_reportado,Amenaza Implícita,Ya sabe que ya le pusieron precio a ese
V3-00163,"Regresate de donde viniste, cukh3",2,v3_odio_ofuscado,"odio_ofuscado|Aquí no te queremos, {t}",Homofobia,"Regresate de donde viniste, cukh3"
V3-00164,Ese vergazooo otra vez,1,v3_ofensivo_ofuscado,ofensivo_ofuscado|Puro {t} el que escribió eso,Palabras obscenas,Ese vergazooo otra vez
V3-00165,Fuera los gordos de nuestro país 🐷,2,v3_emoji_clase2,emoji_clase2|emoji_🐷,Personas con sobrepeso,Fuera los gordos de nuestro país :cara_de_cerdo:
V3-00166,"Gente como vos sobra, 1nmigr4nte",2,v3_odio_ofuscado,"odio_ofuscado|Por gente como vos está así el país, {t}",Xenofobia,"Gente como vos sobra, 1nmigr4nte"
V3-00167,"Que se vayan los argentinos, dan asco",2,v3_odio_grupo,"odio_grupo|Que se vayan los {g}, {p}",Xenofobia,"Que se vayan los argentinos, dan asco"
V3-00168,"caramba, se me pasó la hora de la cita",0,v3_jerga_control,"jerga_control|{t}, se me pasó la hora de la cita",,"caramba, se me pasó la hora de la cita"
V3-00169,Trabajo con un nicaragüense muy responsable,0,v3_nacionalidad_notoxico,nacionalidad_notoxico|Trabajo con un {gs} muy responsable,,Trabajo con un nicaragüense muy responsable
V3-00170,"No respondo si lo llego a golpear y no es amenaza, es aviso",3,v3_amenaza_ofuscada,amenaza_ofuscada|No respondo si lo llego a {v},Amenaza Directa,"No respondo si lo llego a golpear y no es amenaza, es aviso"
V3-00171,"Andate a tu país, p4nd1llero",2,v3_odio_ofuscado,"odio_ofuscado|Por gente como vos está así el país, {t}",Xenofobia,"Andate a tu país, p4nd1llero"
V3-00172,El chero está bien tranquilo hoy,0,v3_jerga_notoxico,jerga_notoxico|El {t} está bien tranquilo hoy,,El chero está bien tranquilo hoy
V3-00173,"Qué pereza leerte, pij@",1,v3_ofensivo_ofuscado,"ofensivo_ofuscado|Andate de aquí, {t}",Palabras obscenas,"Qué pereza leerte, pij@"
V3-00174,Vamos a ver al maje el domingo 👏,0,v3_emoji_benigno,emoji_benigno|benigno_👏,,Vamos a ver al maje el domingo :manos_aplaudiendo:
V3-00175,Estudié con dos compañeros indígenas,0,v3_nacionalidad_notoxico,nacionalidad_notoxico|Estudié con dos compañeros {g},,Estudié con dos compañeros indígenas
V3-00176,Prestame el chunche para el pasaje porfa,0,v3_jerga_notoxico,jerga_notoxico|Prestame el {t} para el pasaje porfa,,Prestame el chunche para el pasaje porfa
V3-00177,Ese alero me cae bien la verdad,0,v3_jerga_notoxico,jerga_notoxico|Ese {t} me cae bien la verdad,,Ese alero me cae bien la verdad
V3-00178,Vinieron unos indígenas a la actividad,0,v3_nacionalidad_notoxico,nacionalidad_notoxico|Vinieron unos {g} a la actividad,,Vinieron unos indígenas a la actividad
V3-00179,"Que lo vayan a b****r de una vez y no es amenaza, es aviso",3,v3_amenaza_ofuscada,amenaza_ofuscada|Que lo vayan a {v} de una vez,Amenaza Directa,"Que lo vayan a b****r de una vez y no es amenaza, es aviso"
V3-00180,"Mientras más centroamericanos llegan, peor está todo 🐒🇲🇽",2,v3_emoji_clase2,emoji_clase2|emoji_🐒🇲🇽,Latinoamericanos,"Mientras más centroamericanos llegan, peor está todo :mono: :bandera_méxico:"
V3-00181,"Volvé cuando aprendás, putita",1,v3_ofensivo_ofuscado,"ofensivo_ofuscado|Ya cállese, {t}",Palabras obscenas,"Volvé cuando aprendás, putita"
V3-00182,Ese ya está rayado,3,v3_amenaza_eufemismo,amenaza_eufemismo|eufemismo_simple,Amenaza Implícita,Ese ya está rayado
V3-00183,"Gente como vos sobra, india",2,v3_odio_ofuscado,"odio_ofuscado|Regresate de donde viniste, {t}",Racismo,"Gente como vos sobra, india"
V3-00184,Voy a ir a fus1l4rte a tu casa anotalo,3,v3_amenaza_ofuscada,amenaza_ofuscada|Voy a ir a {v}te a tu casa,Amenaza Directa,Voy a ir a fus1l4rte a tu casa anotalo
V3-00185,Deberían fusil4r a todos esos,3,v3_amenaza_ofuscada,amenaza_ofuscada|Deberían {v} a todos esos,Amenaza Directa,Deberían fusil4r a todos esos
V3-00186,Prestame el guaro para el pasaje porfa,0,v3_jerga_notoxico,jerga_notoxico|Prestame el {t} para el pasaje porfa,,Prestame el guaro para el pasaje porfa
V3-00187,El jura está bien tranquilo hoy,0,v3_jerga_notoxico,jerga_notoxico|El {t} está bien tranquilo hoy,,El jura está bien tranquilo hoy
V3-00188,"Da asco verte, ch4pi4dor4",2,v3_odio_ofuscado,"odio_ofuscado|No perteneces aquí, {t}",Sexismo,"Da asco verte, ch4pi4dor4"
V3-00189,"Qué asco das, de5preciable",1,v3_ofensivo_ofuscado,"ofensivo_ofuscado|No sabés nada, {t}",Insulto,"Qué asco das, de5preciable"
V3-00190,Si lo vuelvo a ver lo voy a r3v3nt4r ya vas a ver,3,v3_amenaza_ofuscada,amenaza_ofuscada|Si lo vuelvo a ver lo voy a {v},Amenaza Directa,Si lo vuelvo a ver lo voy a r3v3nt4r ya vas a ver
V3-00191,"Otra vez vos, cholc0",1,v3_ofensivo_ofuscado,"ofensivo_ofuscado|Mejor callate, {t}",Insulto,"Otra vez vos, cholc0"
V3-00192,"Sos lo peor que hay, m4ld1t0",1,v3_ofensivo_ofuscado,"ofensivo_ofuscado|No sabés nada, {t}",Tono agresivo,"Sos lo peor que hay, m4ld1t0"
V3-00193,"Qué haraqan, en serio",1,v3_ofensivo_ofuscado,"ofensivo_ofuscado|Sos lo peor que hay, {t}",Insulto,"Qué haraqan, en serio"
V3-00194,Ya le tienen el hoyo cavado 🔪,3,v3_emoji_clase3,emoji_clase3|emoji_🔪,Individuo,Ya le tienen el hoyo cavado :cuchillo_de_cocina:
V3-00195,Ya quisiera a.p.u.ñ.a.l.a.r a ese maje,3,v3_amenaza_ofuscada,amenaza_ofuscada|Ya quisiera {v} a ese maje,Amenaza Directa,Ya quisiera a.p.u.ñ.a.l.a.r a ese maje
V3-00196,Que Dios los bendiga a todos 🙏,0,v3_emoji_benigno,emoji_benigno|benigno_🙏,,Que Dios los bendiga a todos :manos_en_oración:
V3-00197,Ya son demasiados negros en este país 🦶,2,v3_emoji_clase2,emoji_clase2|emoji_🦶,Personas racializadas,Ya son demasiados negros en este país :pie:
V3-00198,"Qué asco das, bicho m-i-c-o",1,v3_jerga_ofensivo,"jerga_ofensivo|Qué asco das, {t}",Insulto Directo,"Qué asco das, bicho m-i-c-o"
V3-00199,"Me da igual lo que digas, khakalin",1,v3_ofensivo_ofuscado,"ofensivo_ofuscado|Ya cállese, {t}",Insulto,"Me da igual lo que digas, khakalin"
V3-00200,"Nadie te preguntó, desprekiable",1,v3_ofensivo_ofuscado,"ofensivo_ofuscado|Nadie te preguntó, {t}",Insulto,"Nadie te preguntó, desprekiable"
V3-00201,"Odio a los brutos, son una plaga 😈📕",2,v3_emoji_clase2,emoji_clase2|emoji_😈📕,Personas con baja educación,"Odio a los brutos, son una plaga :cara_sonriendo_con_cuernos: :libro_cerrado:"
V3-00202,Un indígena siempre va a ser un problema,2,v3_odio_grupo,odio_grupo|Un {gs} siempre va a ser un problema,Xenofobia,Un indígena siempre va a ser un problema
V3-00203,Que lo vayan a t0rturar de una vez,3,v3_amenaza_ofuscada,amenaza_ofuscada|Que lo vayan a {v} de una vez,Amenaza Directa,Que lo vayan a t0rturar de una vez
V3-00204,"Por gente como vos está así el país, valieron verg",2,v3_odio_ofuscado,"odio_ofuscado|Aquí no te queremos, {t}",Xenofobia,"Por gente como vos está así el país, valieron verg"
V3-00205,"No perteneces aquí, gorrona",2,v3_odio_ofuscado,"odio_ofuscado|Regresate de donde viniste, {t}",Sexismo,"No perteneces aquí, gorrona"
V3-00206,"Qué asco das, jura cachudooo",1,v3_jerga_ofensivo,"jerga_ofensivo|Qué asco das, {t}",Insulto Directo,"Qué asco das, jura cachudooo"
V3-00207,"Ya me hartaste, kholco",1,v3_ofensivo_ofuscado,"ofensivo_ofuscado|Nadie te preguntó, {t}",Insulto,"Ya me hartaste, kholco"
V3-00208,Le va a llegar su hora,3,v3_amenaza_eufemismo,amenaza_eufemismo|eufemismo_simple,Amenaza Implícita,Le va a llegar su hora
V3-00209,Qué vergón se ve el paisaje desde aquí 🍀,0,v3_emoji_benigno,emoji_benigno|benigno_🍀,,Qué vergón se ve el paisaje desde aquí :trébol_de_cuatro_hojas:
V3-00210,"Por gente como vos está así el país, mej1simi0",2,v3_odio_ofuscado,"odio_ofuscado|Da asco verte, {t}",Xenofobia,"Por gente como vos está así el país, mej1simi0"
V3-00211,"Mejor callate, ch1mvadas",1,v3_ofensivo_ofuscado,"ofensivo_ofuscado|Qué {t}, en serio",Palabras obscenas,"Mejor callate, ch1mvadas"
V3-00212,"Que se vayan los nicaragüenses, son puro estorbo",2,v3_odio_grupo,"odio_grupo|Que se vayan los {g}, {p}",Xenofobia,"Que se vayan los nicaragüenses, son puro estorbo"
V3-00213,Ese cipote me cae bien la verdad,0,v3_jerga_notoxico,jerga_notoxico|Ese {t} me cae bien la verdad,,Ese cipote me cae bien la verdad
V3-00214,Saludos al mentiroso de mi parte,0,v3_jerga_control,jerga_control|Saludos al {t} de mi parte,,Saludos al mentiroso de mi parte
V3-00215,Puro eskori4 el que escribió eso,1,v3_ofensivo_ofuscado,"ofensivo_ofuscado|Me da igual lo que digas, {t}",Insulto,Puro eskori4 el que escribió eso
V3-00216,"Da asco verte, valieron v3rga",2,v3_odio_ofuscado,"odio_ofuscado|Regresate de donde viniste, {t}",Xenofobia,"Da asco verte, valieron v3rga"
V3-00217,"Odio a los 👨‍🌾🐒 indígenas, son escoria",2,v3_emoji_clase2,emoji_clase2|emoji_👨‍🌾🐒,Pueblos indígenas,"Odio a los :hombre: :espiga_de_arroz: :mono: indígenas, son escoria"
V3-00218,"Está bien chivo el lugar, se los recomiendo 🌮",0,v3_emoji_benigno,emoji_benigno|benigno_🌮,,"Está bien chivo el lugar, se los recomiendo :taco:"
V3-00219,Ahí le dejo el guaro que le debía,0,v3_jerga_notoxico,jerga_notoxico|Ahí le dejo el {t} que le debía,,Ahí le dejo el guaro que le debía
V3-00220,Ya son demasiados latinos en este país 🐒🇭🇳,2,v3_emoji_clase2,emoji_clase2|emoji_🐒🇭🇳,Latinoamericanos,Ya son demasiados latinos en este país :mono: :bandera_honduras:
V3-00221,"Vaya cerote, nos vemos mañana entonces",0,v3_jerga_notoxico,"jerga_notoxico|Vaya {t}, nos vemos mañana entonces",,"Vaya cerote, nos vemos mañana entonces"
V3-00222,"Ojalá te deporten, kvche",2,v3_odio_ofuscado,"odio_ofuscado|Aquí no te queremos, {t}",Homofobia,"Ojalá te deporten, kvche"
V3-00223,Qué rico estuvo el almuerzo de hoy ⚽,0,v3_emoji_benigno,emoji_benigno|benigno_⚽,,Qué rico estuvo el almuerzo de hoy :balón_de_fútbol:
V3-00224,"Ya me hartaste, p4sm4d0",1,v3_ofensivo_ofuscado,"ofensivo_ofuscado|Eso es lo que sos, un {t}",Insulto,"Ya me hartaste, p4sm4d0"
V3-00225,"Que se vayan los hondureños, son mierda",2,v3_odio_grupo,"odio_grupo|Que se vayan los {g}, {p}",Xenofobia,"Que se vayan los hondureños, son mierda"
V3-00226,"Odio a los 😈📕 brutos, dan asco",2,v3_emoji_clase2,emoji_clase2|emoji_😈📕,Personas con baja educación,"Odio a los :cara_sonriendo_con_cuernos: :libro_cerrado: brutos, dan asco"
V3-00227,Está chivo el 👏 examen de mañana,0,v3_emoji_benigno,emoji_benigno|benigno_👏,,Está chivo el :manos_aplaudiendo: examen de mañana
V3-00228,"Sos lo peor que hay, m@mala",1,v3_ofensivo_ofuscado,"ofensivo_ofuscado|Me da igual lo que digas, {t}",Palabras obscenas,"Sos lo peor que hay, m@mala"
V3-00229,Mirá al z0rr4 este,1,v3_ofensivo_ofuscado,"ofensivo_ofuscado|Nadie te preguntó, {t}",Insulto,Mirá al z0rr4 este
V3-00230,Avisale que que lo pongan a descansar de una vez,3,v3_amenaza_eufemismo,amenaza_eufemismo|eufemismo_reportado,Amenaza Implícita,Avisale que que lo pongan a descansar de una vez
V3-00231,Quedó chuco el trabajo que hicieron,0,v3_jerga_notoxico,jerga_notoxico|Quedó {t} el trabajo que hicieron,,Quedó chuco el trabajo que hicieron
V3-00232,"Está bien yuca el lugar, se los recomiendo",0,v3_jerga_notoxico,"jerga_notoxico|Está bien {t} el lugar, se los recomiendo",,"Está bien yuca el lugar, se los recomiendo"
V3-00233,"Todo bien con el 🌮 alero, no hay pleito",0,v3_emoji_benigno,emoji_benigno|benigno_🌮,,"Todo bien con el :taco: alero, no hay pleito"
V3-00234,"Nadie te preguntó, chucooo",1,v3_ofensivo_ofuscado,"ofensivo_ofuscado|No hablés de lo que no sabés, {t}",Insulto,"Nadie te preguntó, chucooo"
V3-00235,Estudié con dos compañeros peruanos,0,v3_nacionalidad_notoxico,nacionalidad_notoxico|Estudié con dos compañeros {g},,Estudié con dos compañeros peruanos
V3-00236,Buena suerte en el examen 😊,0,v3_emoji_benigno,emoji_benigno|benigno_😊,,Buena suerte en el examen :cara_feliz_con_ojos_sonrientes:
V3-00237,Los obesos son escoria y nadie lo dice 🐋,2,v3_emoji_clase2,emoji_clase2|emoji_🐋,Personas con sobrepeso,Los obesos son escoria y nadie lo dice :ballena:
V3-00238,"Que se vayan los indios, son puro estorbo 🪳",2,v3_emoji_clase2,emoji_clase2|emoji_🪳,Migrantes y grupos étnicos,"Que se vayan los indios, son puro estorbo :cucaracha:"
V3-00239,Los viejos son una plaga y nadie lo dice 👴💀,2,v3_emoji_clase2,emoji_clase2|emoji_👴💀,Adultos mayores,Los viejos son una plaga y nadie lo dice :anciano: :calavera:
V3-00240,"Callate ya, dezmadr3",1,v3_ofensivo_ofuscado,"ofensivo_ofuscado|No jodás más, {t}",Tono agresivo,"Callate ya, dezmadr3"
V3-00241,"Odio a los judíos, son una plaga 🙋‍♂️",2,v3_emoji_clase2,emoji_clase2|emoji_🙋‍♂️,Judíos,"Odio a los judíos, son una plaga :persona_con_la_mano_levantada: :signo_masculino:"
V3-00242,Está vergón el examen de mañana,0,v3_jerga_notoxico,jerga_notoxico|Está {t} el examen de mañana,,Está vergón el examen de mañana
V3-00243,"Otra vez vos, ma*ala",1,v3_ofensivo_ofuscado,"ofensivo_ofuscado|Qué asco das, {t}",Palabras obscenas,"Otra vez vos, ma*ala"
V3-00244,La comida de los peruanos está buenísima,0,v3_nacionalidad_notoxico,nacionalidad_notoxico|La comida de los {g} está buenísima,,La comida de los peruanos está buenísima
V3-00245,"A ese hay que quem4rlo antes de que siga y no es amenaza, es aviso",3,v3_amenaza_ofuscada,amenaza_ofuscada|A ese hay que {v}lo antes de que siga,Amenaza Directa,"A ese hay que quem4rlo antes de que siga y no es amenaza, es aviso"
V3-00246,"cabal, qué bonito amaneció hoy",0,v3_jerga_notoxico,"jerga_notoxico|{t}, qué bonito amaneció hoy",,"cabal, qué bonito amaneció hoy"
V3-00247,"Ya me hartaste, estupid0",1,v3_ofensivo_ofuscado,"ofensivo_ofuscado|Eso es lo que sos, un {t}",Insulto,"Ya me hartaste, estupid0"
V3-00248,Ningún venezolano debería estar aquí,2,v3_odio_grupo,odio_grupo|Ningún {gs} debería estar aquí,Xenofobia,Ningún venezolano debería estar aquí
V3-00249,El concierto estuvo increíble 😊,0,v3_emoji_benigno,emoji_benigno|benigno_😊,,El concierto estuvo increíble :cara_feliz_con_ojos_sonrientes:
V3-00250,Ese jura es mi mejor amigo desde la escuela,0,v3_jerga_notoxico,jerga_notoxico|Ese {t} es mi mejor amigo desde la escuela,,Ese jura es mi mejor amigo desde la escuela
V3-00251,Dejame el chibola sobre la mesa,0,v3_jerga_notoxico,jerga_notoxico|Dejame el {t} sobre la mesa,,Dejame el chibola sobre la mesa
V3-00252,"Mejor callate, f.a.s.i.s.t.a",1,v3_ofensivo_ofuscado,"ofensivo_ofuscado|Qué {t}, en serio",Insulto,"Mejor callate, f.a.s.i.s.t.a"
V3-00253,Ese payaso es mi mejor amigo desde la escuela,0,v3_jerga_control,jerga_control|Ese {t} es mi mejor amigo desde la escuela,,Ese payaso es mi mejor amigo desde la escuela
V3-00254,"No jodás más, pipian",1,v3_ofensivo_ofuscado,"ofensivo_ofuscado|Mejor callate, {t}",Insulto,"No jodás más, pipian"
V3-00255,"Voy a ir a c0lg4rte a tu casa y no es amenaza, es aviso",3,v3_amenaza_ofuscada,amenaza_ofuscada|Voy a ir a {v}te a tu casa,Amenaza Directa,"Voy a ir a c0lg4rte a tu casa y no es amenaza, es aviso"
V3-00256,"Gente como vos sobra, trompud",2,v3_odio_ofuscado,"odio_ofuscado|Da asco verte, {t}",Racismo,"Gente como vos sobra, trompud"
V3-00257,"Volvé cuando aprendás, cu*ero",1,v3_ofensivo_ofuscado,ofensivo_ofuscado|Ese {t} otra vez,Insulto,"Volvé cuando aprendás, cu*ero"
V3-00258,"Todo bien con el niño, no hay pleito",0,v3_jerga_control,"jerga_control|Todo bien con el {t}, no hay pleito",,"Todo bien con el niño, no hay pleito"
V3-00259,"Odio a los homosexuales, son escoria 🏳️‍🌈🤨",2,v3_emoji_clase2,emoji_clase2|emoji_🏳️‍🌈🤨,Personas LGBT,"Odio a los homosexuales, son escoria :bandera_blanca: :arcoíris: :cara_con_ceja_alzada:"
V3-00260,"Me da igual lo que digas, ezcoria",1,v3_ofensivo_ofuscado,"ofensivo_ofuscado|No hablés de lo que no sabés, {t}",Insulto,"Me da igual lo que digas, ezcoria"
V3-00261,Puro p3ndejos el que escribió eso,1,v3_ofensivo_ofuscado,"ofensivo_ofuscado|Qué pereza leerte, {t}",Insulto,Puro p3ndejos el que escribió eso
V3-00262,Los guatemaltecos traen unas recetas buenísimas,0,v3_nacionalidad_notoxico,nacionalidad_notoxico|Los {g} traen unas recetas buenísimas,,Los guatemaltecos traen unas recetas buenísimas
V3-00263,No quiero ni un peruano cerca de mi familia,2,v3_odio_grupo,odio_grupo|No quiero ni un {gs} cerca de mi familia,Xenofobia,No quiero ni un peruano cerca de mi familia
V3-00264,"Por gente como vos está así el país, p4razitar",2,v3_odio_ofuscado,"odio_ofuscado|Por gente como vos está así el país, {t}",Xenofobia,"Por gente como vos está así el país, p4razitar"
V3-00265,"Qué bayunco m-a-l-d-i-t-o, en serio",1,v3_jerga_ofensivo,"jerga_ofensivo|Qué {t}, en serio",Insulto Directo,"Qué bayunco m-a-l-d-i-t-o, en serio"
V3-00266,"Andate de aquí, m@ntenida",1,v3_ofensivo_ofuscado,"ofensivo_ofuscado|Ya me hartaste, {t}",Insulto,"Andate de aquí, m@ntenida"
V3-00267,"Eso es lo que sos, un despreci@ble",1,v3_ofensivo_ofuscado,ofensivo_ofuscado|Sos un {t} y punto,Insulto,"Eso es lo que sos, un despreci@ble"
V3-00268,"Cerrá el hocico, chota c4khudo",1,v3_jerga_ofensivo,"jerga_ofensivo|Cerrá el hocico, {t}",Insulto Directo,"Cerrá el hocico, chota c4khudo"
V3-00269,Que lo pongan a descansar de una vez ⚰️,3,v3_emoji_clase3,emoji_clase3|emoji_⚰️,Personas enfermas,Que lo pongan a descansar de una vez :ataúd:
V3-00270,"Gente como vos sobra, terror1st4",2,v3_odio_ofuscado,"odio_ofuscado|Regresate de donde viniste, {t}",Xenofobia,"Gente como vos sobra, terror1st4"
V3-00271,Qué difícil te quedó la casa,0,v3_jerga_control,jerga_control|Qué {t} te quedó la casa,,Qué difícil te quedó la casa
V3-00272,"No sabés nada, s* la pica",1,v3_ofensivo_ofuscado,"ofensivo_ofuscado|Ya me hartaste, {t}",Palabras obscenas,"No sabés nada, s* la pica"
V3-00273,"Sos lo peor que hay, tonta 🧟",1,v3_emoji_clase1,emoji_clase1|emoji_🧟,Colectivo político,"Sos lo peor que hay, tonta :zombi:"
V3-00274,Mi vecino es venezolano y es buena gente,0,v3_nacionalidad_notoxico,nacionalidad_notoxico|Mi vecino es {gs} y es buena gente,,Mi vecino es venezolano y es buena gente
V3-00275,"Me da igual lo que digas, m3diocre",1,v3_ofensivo_ofuscado,"ofensivo_ofuscado|Qué {t}, en serio",Insulto,"Me da igual lo que digas, m3diocre"
V3-00276,"Ya cállese, pajer",1,v3_ofensivo_ofuscado,"ofensivo_ofuscado|Ya me hartaste, {t}",Palabras obscenas,"Ya cállese, pajer"
V3-00277,"No perteneces aquí, 1ndi0",2,v3_odio_ofuscado,"odio_ofuscado|Aquí no te queremos, {t}",Racismo,"No perteneces aquí, 1ndi0"
V3-00278,"Me da igual lo que digas, ridikvlo",1,v3_ofensivo_ofuscado,ofensivo_ofuscado|Ese {t} otra vez,Insulto,"Me da igual lo que digas, ridikvlo"
V3-00279,Los pobres sobran en este país y nadie lo dice 🐀,2,v3_emoji_clase2,emoji_clase2|emoji_🐀,Migrantes y personas empobrecidas,Los pobres sobran en este país y nadie lo dice :rata:
V3-00280,"Andate de aquí, ch1mb4d4s",1,v3_ofensivo_ofuscado,"ofensivo_ofuscado|Me da igual lo que digas, {t}",Palabras obscenas,"Andate de aquí, ch1mb4d4s"
V3-00281,"Odio a los 🚽 migrantes, son escoria",2,v3_emoji_clase2,emoji_clase2|emoji_🚽,Migrantes y personas empobrecidas,"Odio a los :inodoro: migrantes, son escoria"
V3-00282,Lo van a mandar a dormir ya vas a ver,3,v3_amenaza_eufemismo,amenaza_eufemismo|eufemismo_con_cola,Amenaza Implícita,Lo van a mandar a dormir ya vas a ver
V3-00283,"Los cipotes no son 🍍 gente, así de simple",2,v3_emoji_clase2,emoji_clase2|emoji_🍍,Menores de edad,"Los cipotes no son :piña: gente, así de simple"
V3-00284,Sos un bayunc0 y punto,1,v3_ofensivo_ofuscado,"ofensivo_ofuscado|Ya me hartaste, {t}",Insulto,Sos un bayunc0 y punto
V3-00285,Los morenos dan asco y nadie lo dice 🌑,2,v3_emoji_clase2,emoji_clase2|emoji_🌑,Personas racializadas,Los morenos dan asco y nadie lo dice :luna_nueva:
V3-00286,"Odio a los mocosos, son mierda 🍍",2,v3_emoji_clase2,emoji_clase2|emoji_🍍,Menores de edad,"Odio a los mocosos, son mierda :piña:"
V3-00287,El pajero está bien tranquilo hoy,0,v3_jerga_notoxico,jerga_notoxico|El {t} está bien tranquilo hoy,,El pajero está bien tranquilo hoy
V3-00288,El equipo de los colombianos jugó limpio,0,v3_nacionalidad_notoxico,nacionalidad_notoxico|El equipo de los {g} jugó limpio,,El equipo de los colombianos jugó limpio
V3-00289,Ese alero f4scizta otra vez,1,v3_jerga_ofensivo,jerga_ofensivo|Ese {t} otra vez,Insulto Directo,Ese alero f4scizta otra vez
V3-00290,"Sos lo peor que hay, p@loma",1,v3_ofensivo_ofuscado,"ofensivo_ofuscado|Volvé cuando aprendás, {t}",Palabras obscenas,"Sos lo peor que hay, p@loma"
V3-00291,"Mejor callate, maricon",1,v3_ofensivo_ofuscado,"ofensivo_ofuscado|Qué asco das, {t}",Insulto,"Mejor callate, maricon"
V3-00292,Si lo vuelvo a ver lo voy a reven7ar esperame afuera,3,v3_amenaza_ofuscada,amenaza_ofuscada|Si lo vuelvo a ver lo voy a {v},Amenaza Directa,Si lo vuelvo a ver lo voy a reven7ar esperame afuera
V3-00293,"cabal, qué alegre verte de nuevo",0,v3_jerga_notoxico,"jerga_notoxico|{t}, qué alegre verte de nuevo",,"cabal, qué alegre verte de nuevo"
V3-00294,"Vaya policía, nos vemos mañana entonces",0,v3_jerga_control,"jerga_control|Vaya {t}, nos vemos mañana entonces",,"Vaya policía, nos vemos mañana entonces"
V3-00295,"No perteneces aquí, m*rero",2,v3_odio_ofuscado,"odio_ofuscado|Ojalá te deporten, {t}",Xenofobia,"No perteneces aquí, m*rero"
V3-00296,Un chino siempre va a ser un problema,2,v3_odio_grupo,odio_grupo|Un {gs} siempre va a ser un problema,Xenofobia,Un chino siempre va a ser un problema
V3-00297,Ese chota me ⚽ cae bien la verdad,0,v3_emoji_benigno,emoji_benigno|benigno_⚽,,Ese chota me :balón_de_fútbol: cae bien la verdad
V3-00298,"Por gente como vos está así el país, g0rron4",2,v3_odio_ofuscado,"odio_ofuscado|Gente como vos sobra, {t}",Sexismo,"Por gente como vos está así el país, g0rron4"
V3-00299,Los latinos son una plaga 🐒,2,v3_emoji_clase2,emoji_clase2|emoji_🐒,Latinoamericanos,Los latinos son una plaga :mono:
V3-00300,"Que se vayan los pobres, son mierda 🚽🧻",2,v3_emoji_clase2,emoji_clase2|emoji_🚽🧻,Migrantes y personas empobrecidas,"Que se vayan los pobres, son mierda :inodoro: :rollo_de_papel:"
V3-00301,Se ve bonito el paisaje desde aquí ☕,0,v3_emoji_benigno,emoji_benigno|benigno_☕,,Se ve bonito el paisaje desde aquí :bebida_caliente:
V3-00302,"Me da igual lo que digas, estupidooo",1,v3_ofensivo_ofuscado,"ofensivo_ofuscado|Ya cállese, {t}",Insulto,"Me da igual lo que digas, estupidooo"
V3-00303,"Alguien debería fus1l4r a ese tipo y no es amenaza, es aviso",3,v3_amenaza_ofuscada,amenaza_ofuscada|Alguien debería {v} a ese tipo,Amenaza Directa,"Alguien debería fus1l4r a ese tipo y no es amenaza, es aviso"
V3-00304,Le va a 🔪 llegar su hora,3,v3_emoji_clase3,emoji_clase3|emoji_🔪,Individuo,Le va a :cuchillo_de_cocina: llegar su hora
V3-00305,No respondo si lo llego a p4r7ir,3,v3_amenaza_ofuscada,amenaza_ofuscada|No respondo si lo llego a {v},Amenaza Directa,No respondo si lo llego a p4r7ir
V3-00306,"Eso es lo que sos, un fas1st4",1,v3_ofensivo_ofuscado,"ofensivo_ofuscado|Otra vez vos, {t}",Insulto,"Eso es lo que sos, un fas1st4"
V3-00307,"Ojalá te deporten, t3rrorist4",2,v3_odio_ofuscado,"odio_ofuscado|No perteneces aquí, {t}",Xenofobia,"Ojalá te deporten, t3rrorist4"
V3-00308,Te voy a quemar acordate de esto,3,v3_amenaza_ofuscada,amenaza_ofuscada|Te voy a {v},Amenaza Directa,Te voy a quemar acordate de esto
V3-00309,Trabajo con un colombiano muy responsable,0,v3_nacionalidad_notoxico,nacionalidad_notoxico|Trabajo con un {gs} muy responsable,,Trabajo con un colombiano muy responsable
V3-00310,"Dejá de escribir, best!a",1,v3_ofensivo_ofuscado,"ofensivo_ofuscado|Cerrá el hocico, {t}",Insulto,"Dejá de escribir, best!a"
V3-00311,Ese policía es mi mejor amigo desde la escuela,0,v3_jerga_control,jerga_control|Ese {t} es mi mejor amigo desde la escuela,,Ese policía es mi mejor amigo desde la escuela
V3-00312,Vamos a matar a ese maje ⚰️,3,v3_emoji_clase3,emoji_clase3|emoji_⚰️,Personas enfermas,Vamos a matar a ese maje :ataúd:
V3-00313,"Mientras más centroamericanos llegan, peor está todo 🐒🇸🇻",2,v3_emoji_clase2,emoji_clase2|emoji_🐒🇸🇻,Latinoamericanos,"Mientras más centroamericanos llegan, peor está todo :mono: :bandera_el_salvador:"
V3-00314,"Por gente como vos está así el país, va*ieron verga",2,v3_odio_ofuscado,"odio_ofuscado|Gente como vos sobra, {t}",Xenofobia,"Por gente como vos está así el país, va*ieron verga"
V3-00315,"Eso es lo que sos, un e$cobas",1,v3_ofensivo_ofuscado,ofensivo_ofuscado|Puro {t} el que escribió eso,Insulto,"Eso es lo que sos, un e$cobas"
V3-00316,"caramba, qué alegre verte de nuevo",0,v3_jerga_control,"jerga_control|{t}, qué alegre verte de nuevo",,"caramba, qué alegre verte de nuevo"
V3-00317,"Los pobres no son gente, así de simple 🚽",2,v3_emoji_clase2,emoji_clase2|emoji_🚽,Migrantes y personas empobrecidas,"Los pobres no son gente, así de simple :inodoro:"
V3-00318,"Andá a trabajar, m3d1ocre",1,v3_ofensivo_ofuscado,"ofensivo_ofuscado|No hablés de lo que no sabés, {t}",Insulto,"Andá a trabajar, m3d1ocre"
V3-00319,"Ya cállese, cer0te",1,v3_ofensivo_ofuscado,"ofensivo_ofuscado|No jodás más, {t}",Insulto,"Ya cállese, cer0te"
V3-00320,El día amaneció bien vergón hoy,0,v3_jerga_notoxico,jerga_notoxico|El día amaneció bien {t} hoy,,El día amaneció bien vergón hoy
V3-00321,"Todos los centroamericanos son basura, sin excepción 🐒🇸🇻",2,v3_emoji_clase2,emoji_clase2|emoji_🐒🇸🇻,Latinoamericanos,"Todos los centroamericanos son basura, sin excepción :mono: :bandera_el_salvador:"
V3-00322,No respondo si lo llego a quuuemar ya vas a ver,3,v3_amenaza_ofuscada,amenaza_ofuscada|No respondo si lo llego a {v},Amenaza Directa,No respondo si lo llego a quuuemar ya vas a ver
V3-00323,Alguien debería l.i.n.c.h.a.r a ese tipo,3,v3_amenaza_ofuscada,amenaza_ofuscada|Alguien debería {v} a ese tipo,Amenaza Directa,Alguien debería l.i.n.c.h.a.r a ese tipo
V3-00324,Buena suerte 🎂 en el examen,0,v3_emoji_benigno,emoji_benigno|benigno_🎂,,Buena suerte :tarta_de_cumpleaños: en el examen
V3-00325,"Qué ve*gazo, en serio",1,v3_ofensivo_ofuscado,"ofensivo_ofuscado|Qué pereza leerte, {t}",Palabras obscenas,"Qué ve*gazo, en serio"
V3-00326,Ojalá lo c.o.l.g.a.ren pronto,3,v3_amenaza_ofuscada,amenaza_ofuscada|Ojalá lo {v}en pronto,Amenaza Directa,Ojalá lo c.o.l.g.a.ren pronto
V3-00327,La comida de los chinos está buenísima,0,v3_nacionalidad_notoxico,nacionalidad_notoxico|La comida de los {g} está buenísima,,La comida de los chinos está buenísima
V3-00328,Ya son demasiados centroamericanos en este país 🐒🇻🇪,2,v3_emoji_clase2,emoji_clase2|emoji_🐒🇻🇪,Latinoamericanos,Ya son demasiados centroamericanos en este país :mono: :bandera_venezuela:
V3-00329,Me dan ganas de 7or7ur4rlo,3,v3_amenaza_ofuscada,amenaza_ofuscada|Me dan ganas de {v}lo,Amenaza Directa,Me dan ganas de 7or7ur4rlo
V3-00330,Uno de estos días lo van a t******r esperame afuera,3,v3_amenaza_ofuscada,amenaza_ofuscada|Uno de estos días lo van a {v},Amenaza Directa,Uno de estos días lo van a t******r esperame afuera
V3-00331,El niño está bien tranquilo hoy,0,v3_jerga_control,jerga_control|El {t} está bien tranquilo hoy,,El niño está bien tranquilo hoy
V3-00332,"Todos los cubanos no son gente, sin excepción",2,v3_odio_grupo,"odio_grupo|Todos los {g} {p}, sin excepción",Xenofobia,"Todos los cubanos no son gente, sin excepción"
V3-00333,"Volvé cuando aprendás, mamala",1,v3_ofensivo_ofuscado,ofensivo_ofuscado|Mirá al {t} este,Palabras obscenas,"Volvé cuando aprendás, mamala"
V3-00334,Vamos a ver al jura el domingo 🌻,0,v3_emoji_benigno,emoji_benigno|benigno_🌻,,Vamos a ver al jura el domingo :girasol:
V3-00335,Puro culer el que escribió eso,1,v3_ofensivo_ofuscado,"ofensivo_ofuscado|Callate ya, {t}",Insulto,Puro culer el que escribió eso
V3-00336,"Todo bien con el cerote, no hay pleito",0,v3_jerga_notoxico,"jerga_notoxico|Todo bien con el {t}, no hay pleito",,"Todo bien con el cerote, no hay pleito"
V3-00337,Me dan ganas de lincharlo te lo juro,3,v3_amenaza_ofuscada,amenaza_ofuscada|Me dan ganas de {v}lo,Amenaza Directa,Me dan ganas de lincharlo te lo juro
V3-00338,"Ya cállese, perrooo",1,v3_ofensivo_ofuscado,"ofensivo_ofuscado|Dejá de escribir, {t}",Insulto,"Ya cállese, perrooo"
V3-00339,Los guatemaltecos tienen unas playas preciosas,0,v3_nacionalidad_notoxico,nacionalidad_notoxico|Los {g} tienen unas playas preciosas,,Los guatemaltecos tienen unas playas preciosas
V3-00340,"Ya cállese, cipote d3svergu3",1,v3_jerga_ofensivo,"jerga_ofensivo|Ya cállese, {t}",Insulto Directo,"Ya cállese, cipote d3svergu3"
V3-00341,Conocí a un colombiano muy amable ayer,0,v3_nacionalidad_notoxico,nacionalidad_notoxico|Conocí a un {gs} muy amable ayer,,Conocí a un colombiano muy amable ayer
V3-00342,"Nadie te preguntó, f-e-r-i-a",1,v3_ofensivo_ofuscado,"ofensivo_ofuscado|Eso es lo que sos, un {t}",Insulto,"Nadie te preguntó, f-e-r-i-a"
V3-00343,Deberían bal3ar a todos esos te lo juro,3,v3_amenaza_ofuscada,amenaza_ofuscada|Deberían {v} a todos esos,Amenaza Directa,Deberían bal3ar a todos esos te lo juro
V3-00344,No quiero ni un indígena cerca de mi familia,2,v3_odio_grupo,odio_grupo|No quiero ni un {gs} cerca de mi familia,Xenofobia,No quiero ni un indígena cerca de mi familia
V3-00345,"No hablés de lo que no sabés, brvtiko",1,v3_ofensivo_ofuscado,"ofensivo_ofuscado|Nadie te preguntó, {t}",Insulto,"No hablés de lo que no sabés, brvtiko"
V3-00346,"Ojalá te deporten, cvche",2,v3_odio_ofuscado,"odio_ofuscado|Da asco verte, {t}",Homofobia,"Ojalá te deporten, cvche"
V3-00347,Ya sabe que te voy a dar piso,3,v3_amenaza_eufemismo,amenaza_eufemismo|eufemismo_reportado,Amenaza Implícita,Ya sabe que te voy a dar piso
V3-00348,"Mejor callate, mant3nid4",1,v3_ofensivo_ofuscado,"ofensivo_ofuscado|No jodás más, {t}",Insulto,"Mejor callate, mant3nid4"
V3-00349,"No perteneces aquí, lesbianaaa",2,v3_odio_ofuscado,"odio_ofuscado|Regresate de donde viniste, {t}",Homofobia,"No perteneces aquí, lesbianaaa"
V3-00350,Hay que fu5il4rlos a todos ya vas a ver,3,v3_amenaza_ofuscada,amenaza_ofuscada|Hay que {v}los a todos,Amenaza Directa,Hay que fu5il4rlos a todos ya vas a ver
V3-00351,"Odio a los 🐒🇸🇻 centroamericanos, son puro estorbo",2,v3_emoji_clase2,emoji_clase2|emoji_🐒🇸🇻,Latinoamericanos,"Odio a los :mono: :bandera_el_salvador: centroamericanos, son puro estorbo"
V3-00352,"Los israelíes son escoria, así de simple 🇮🇱🤢",2,v3_emoji_clase2,emoji_clase2|emoji_🇮🇱🤢,Judíos e israelíes,"Los israelíes son escoria, así de simple :bandera_israel: :cara_de_náuseas:"
V3-00353,Con gusto lo fusil@rría yo mismo acordate de esto,3,v3_amenaza_ofuscada,amenaza_ofuscada|Con gusto lo {v}ría yo mismo,Amenaza Directa,Con gusto lo fusil@rría yo mismo acordate de esto
V3-00354,Los judíos son puro estorbo 🧼🇮🇱,2,v3_emoji_clase2,emoji_clase2|emoji_🧼🇮🇱,Judíos,Los judíos son puro estorbo :jabón: :bandera_israel:
V3-00355,Sos un m1c0 y punto,1,v3_ofensivo_ofuscado,"ofensivo_ofuscado|Qué {t}, en serio",Palabras obscenas,Sos un m1c0 y punto
V3-00356,"Vaya alero, nos vemos mañana entonces 🙏",0,v3_emoji_benigno,emoji_benigno|benigno_🙏,,"Vaya alero, nos vemos mañana entonces :manos_en_oración:"
V3-00357,"No perteneces aquí, pand1ll3ro",2,v3_odio_ofuscado,"odio_ofuscado|Andate a tu país, {t}",Xenofobia,"No perteneces aquí, pand1ll3ro"
V3-00358,Si lo vuelvo a ver lo voy a golpe4r anotalo,3,v3_amenaza_ofuscada,amenaza_ofuscada|Si lo vuelvo a ver lo voy a {v},Amenaza Directa,Si lo vuelvo a ver lo voy a golpe4r anotalo
V3-00359,"Volvé cuando aprendás, tonta",1,v3_ofensivo_ofuscado,"ofensivo_ofuscado|Andate de aquí, {t}",Insulto,"Volvé cuando aprendás, tonta"
V3-00360,Mirá al pinches este,1,v3_ofensivo_ofuscado,"ofensivo_ofuscado|Qué asco das, {t}",Insulto,Mirá al pinches este
V3-00361,Mirá al escobaz este,1,v3_ofensivo_ofuscado,"ofensivo_ofuscado|Andá a trabajar, {t}",Insulto,Mirá al escobaz este
V3-00362,"Nadie te preguntó, pizto 🐍",1,v3_emoji_clase1,emoji_clase1|emoji_🐍,Individuo,"Nadie te preguntó, pizto :serpiente:"
V3-00363,"Que se vayan los 🇮🇱🤢 judíos, son una plaga",2,v3_emoji_clase2,emoji_clase2|emoji_🇮🇱🤢,Judíos e israelíes,"Que se vayan los :bandera_israel: :cara_de_náuseas: judíos, son una plaga"
V3-00364,"Qué onda chero, todo bien por allá",0,v3_jerga_notoxico,"jerga_notoxico|Qué onda {t}, todo bien por allá",,"Qué onda chero, todo bien por allá"
V3-00365,"Vaya maje, nos vemos mañana entonces",0,v3_jerga_notoxico,"jerga_notoxico|Vaya {t}, nos vemos mañana entonces",,"Vaya maje, nos vemos mañana entonces"
V3-00366,"Mientras más sudacas llegan, peor está todo 🐒",2,v3_emoji_clase2,emoji_clase2|emoji_🐒,Latinoamericanos,"Mientras más sudacas llegan, peor está todo :mono:"
V3-00367,Qué tuanis te quedó la casa 👏,0,v3_emoji_benigno,emoji_benigno|benigno_👏,,Qué tuanis te quedó la casa :manos_aplaudiendo:
V3-00368,"Feliz cumpleaños, que 🥳 la pases bonito",0,v3_emoji_benigno,emoji_benigno|benigno_🥳,,"Feliz cumpleaños, que :cara_de_fiesta: la pases bonito"
V3-00369,"Andate a tu país, terr0rizta",2,v3_odio_ofuscado,"odio_ofuscado|Andate a tu país, {t}",Xenofobia,"Andate a tu país, terr0rizta"
V3-00370,Mirá al f*ca este,1,v3_ofensivo_ofuscado,"ofensivo_ofuscado|No hablés de lo que no sabés, {t}",Insulto,Mirá al f*ca este
V3-00371,Ese perro siempre llega tarde pero llega,0,v3_jerga_control,jerga_control|Ese {t} siempre llega tarde pero llega,,Ese perro siempre llega tarde pero llega
V3-00372,Se lo 🪦 van a cargar,3,v3_emoji_clase3,emoji_clase3|emoji_🪦,Individuo,Se lo :lápida: van a cargar
V3-00373,"Hablando pura paja, h0kico",1,v3_ofensivo_ofuscado,"ofensivo_ofuscado|Mejor callate, {t}",Insulto,"Hablando pura paja, h0kico"
V3-00374,Ese ya está rayado 🪦,3,v3_emoji_clase3,emoji_clase3|emoji_🪦,Individuo,Ese ya está rayado :lápida:
V3-00375,"No jodás más, p.a.j.a",1,v3_ofensivo_ofuscado,"ofensivo_ofuscado|Me da igual lo que digas, {t}",Insulto,"No jodás más, p.a.j.a"
V3-00376,Le van 💀 a dar cran,3,v3_emoji_clase3,emoji_clase3|emoji_💀,Personas enfermas,Le van :calavera: a dar cran
V3-00377,"No perteneces aquí, mejiz1mio",2,v3_odio_ofuscado,"odio_ofuscado|Por gente como vos está así el país, {t}",Xenofobia,"No perteneces aquí, mejiz1mio"
V3-00378,Ya son demasiados peruanos en este país,2,v3_odio_grupo,odio_grupo|Ya son demasiados {g} en este país,Xenofobia,Ya son demasiados peruanos en este país
V3-00379,"Ojalá te deporten, indi0",2,v3_odio_ofuscado,"odio_ofuscado|Regresate de donde viniste, {t}",Racismo,"Ojalá te deporten, indi0"
V3-00380,Los judíos no son gente 🇮🇱🤢,2,v3_emoji_clase2,emoji_clase2|emoji_🇮🇱🤢,Judíos e israelíes,Los judíos no son gente :bandera_israel: :cara_de_náuseas:
V3-00381,"No seás codo, pagá la cuenta vos 🌟",0,v3_emoji_benigno,emoji_benigno|benigno_🌟,,"No seás codo, pagá la cuenta vos :estrella_brillante:"
V3-00382,Con un colombiano no se puede razonar,2,v3_odio_grupo,odio_grupo|Con un {gs} no se puede razonar,Xenofobia,Con un colombiano no se puede razonar
V3-00383,"No jodás más, desm4dre",1,v3_ofensivo_ofuscado,ofensivo_ofuscado|Sos un {t} y punto,Tono agresivo,"No jodás más, desm4dre"
V3-00384,"Los indios dan asco, así de simple 🪳",2,v3_emoji_clase2,emoji_clase2|emoji_🪳,Migrantes y grupos étnicos,"Los indios dan asco, así de simple :cucaracha:"
V3-00385,Puro rid1culo el que escribió eso,1,v3_ofensivo_ofuscado,"ofensivo_ofuscado|Callate ya, {t}",Insulto,Puro rid1culo el que escribió eso
V3-00386,"Que se vayan los 🐒🇦🇷 latinos, son puro estorbo",2,v3_emoji_clase2,emoji_clase2|emoji_🐒🇦🇷,Latinoamericanos,"Que se vayan los :mono: :bandera_argentina: latinos, son puro estorbo"
V3-00387,"Mientras más tarados llegan, peor está todo 🗣️👊🤤",2,v3_emoji_clase2,emoji_clase2|emoji_🗣️👊🤤,Personas con discapacidad intelectual,"Mientras más tarados llegan, peor está todo :cabeza_parlante: :puño_cerrado: :cara_babeando:"
V3-00388,Dejame el chibola 🤝 sobre la mesa,0,v3_emoji_benigno,emoji_benigno|benigno_🤝,,Dejame el chibola :apretón_de_manos: sobre la mesa
V3-00389,"Mientras más pobres llegan, peor está todo 🚽",2,v3_emoji_clase2,emoji_clase2|emoji_🚽,Migrantes y personas empobrecidas,"Mientras más pobres llegan, peor está todo :inodoro:"
V3-00390,Los venezolanos traen unas recetas buenísimas,0,v3_nacionalidad_notoxico,nacionalidad_notoxico|Los {g} traen unas recetas buenísimas,,Los venezolanos traen unas recetas buenísimas
V3-00391,"Andá a trabajar, bayunc",1,v3_ofensivo_ofuscado,"ofensivo_ofuscado|Qué asco das, {t}",Insulto,"Andá a trabajar, bayunc"
V3-00392,"Qué pereza leerte, p-u-t-o",1,v3_ofensivo_ofuscado,"ofensivo_ofuscado|Nadie te preguntó, {t}",Palabras obscenas,"Qué pereza leerte, p-u-t-o"
V3-00393,"Mejor callate, jura q0rgojos",1,v3_jerga_ofensivo,"jerga_ofensivo|Mejor callate, {t}",Insulto Directo,"Mejor callate, jura q0rgojos"
V3-00394,Me gusta mucho la música de los hondureños,0,v3_nacionalidad_notoxico,nacionalidad_notoxico|Me gusta mucho la música de los {g},,Me gusta mucho la música de los hondureños
V3-00395,"Gente como vos sobra, mar3ro",2,v3_odio_ofuscado,"odio_ofuscado|Aquí no te queremos, {t}",Xenofobia,"Gente como vos sobra, mar3ro"
V3-00396,"No perteneces aquí, kukhe",2,v3_odio_ofuscado,"odio_ofuscado|No perteneces aquí, {t}",Homofobia,"No perteneces aquí, kukhe"
V3-00397,"Que se vayan los judíos, son escoria 🧼",2,v3_emoji_clase2,emoji_clase2|emoji_🧼,Judíos,"Que se vayan los judíos, son escoria :jabón:"
V3-00398,"Los mexicanos son mierda, así de simple",2,v3_odio_grupo,"odio_grupo|Los {g} {p}, así de simple",Xenofobia,"Los mexicanos son mierda, así de simple"
V3-00399,"Cerrá el hocico, venqansa",1,v3_ofensivo_ofuscado,"ofensivo_ofuscado|Qué pereza leerte, {t}",nan,"Cerrá el hocico, venqansa"
V3-00400,Ese p4smado otra vez,1,v3_ofensivo_ofuscado,"ofensivo_ofuscado|Qué {t}, en serio",Insulto,Ese p4smado otra vez
V3-00401,"Qué onda niño, todo bien por allá",0,v3_jerga_control,"jerga_control|Qué onda {t}, todo bien por allá",,"Qué onda niño, todo bien por allá"
V3-00402,"No perteneces aquí, gorr0n4",2,v3_odio_ofuscado,"odio_ofuscado|Por gente como vos está así el país, {t}",Sexismo,"No perteneces aquí, gorr0n4"
V3-00403,"Da asco verte, mejicanos",2,v3_odio_ofuscado,"odio_ofuscado|Aquí no te queremos, {t}",Xenofobia,"Da asco verte, mejicanos"
V3-00404,Te van a matar si seguís así 🧹👷,3,v3_emoji_clase3,emoji_clase3|emoji_🧹👷,Migrantes y grupos étnicos,Te van a matar si seguís así :escoba: :profesional_de_la_construcción:
V3-00405,Ya sabe que te vamos a bajar del bus,3,v3_amenaza_eufemismo,amenaza_eufemismo|eufemismo_reportado,Amenaza Implícita,Ya sabe que te vamos a bajar del bus
V3-00406,Ese amigo siempre llega tarde pero llega,0,v3_jerga_control,jerga_control|Ese {t} siempre llega tarde pero llega,,Ese amigo siempre llega tarde pero llega
V3-00407,La chamba me tiene cansado esta semana,0,v3_jerga_notoxico,jerga_notoxico|La {t} me tiene cansado esta semana,,La chamba me tiene cansado esta semana
V3-00408,"Odio a los nicaragüenses, son una plaga",2,v3_odio_grupo,"odio_grupo|Odio a los {g}, {p}",Xenofobia,"Odio a los nicaragüenses, son una plaga"
V3-00409,"Eso es lo que sos, un mantenid",1,v3_ofensivo_ofuscado,"ofensivo_ofuscado|Nadie te preguntó, {t}",Insulto,"Eso es lo que sos, un mantenid"
V3-00410,"Eso es lo que sos, un t*fo",1,v3_ofensivo_ofuscado,ofensivo_ofuscado|Ese {t} otra vez,Insulto,"Eso es lo que sos, un t*fo"
V3-00411,"Ya cállese, pat4d4",1,v3_ofensivo_ofuscado,"ofensivo_ofuscado|Callate ya, {t}",nan,"Ya cállese, pat4d4"
V3-00412,Vinieron unos guatemaltecos a la actividad,0,v3_nacionalidad_notoxico,nacionalidad_notoxico|Vinieron unos {g} a la actividad,,Vinieron unos guatemaltecos a la actividad
V3-00413,Ya son demasiados argentinos en este país,2,v3_odio_grupo,odio_grupo|Ya son demasiados {g} en este país,Xenofobia,Ya son demasiados argentinos en este país
V3-00414,Ese mentiroso nunca falla cuando se le necesita,0,v3_jerga_control,jerga_control|Ese {t} nunca falla cuando se le necesita,,Ese mentiroso nunca falla cuando se le necesita
V3-00415,Qué bueno que ya te sentís mejor 🌟,0,v3_emoji_benigno,emoji_benigno|benigno_🌟,,Qué bueno que ya te sentís mejor :estrella_brillante:
V3-00416,Tengo varios amigos hondureños en el trabajo,0,v3_nacionalidad_notoxico,nacionalidad_notoxico|Tengo varios amigos {g} en el trabajo,,Tengo varios amigos hondureños en el trabajo
V3-00417,Va a amanecer tieso ese,3,v3_amenaza_eufemismo,amenaza_eufemismo|eufemismo_simple,Amenaza Implícita,Va a amanecer tieso ese
V3-00418,"Todo bien con el payaso, no hay pleito",0,v3_jerga_control,"jerga_control|Todo bien con el {t}, no hay pleito",,"Todo bien con el payaso, no hay pleito"
V3-00419,Ese payaso nunca falla cuando se le necesita,0,v3_jerga_control,jerga_control|Ese {t} nunca falla cuando se le necesita,,Ese payaso nunca falla cuando se le necesita
V3-00420,"No sabés nada, cvrs0",1,v3_ofensivo_ofuscado,ofensivo_ofuscado|Puro {t} el que escribió eso,nan,"No sabés nada, cvrs0"
V3-00421,Mirá al maitr0 este,1,v3_ofensivo_ofuscado,"ofensivo_ofuscado|Ya cállese, {t}",Insulto,Mirá al maitr0 este
V3-00422,"Andate de aquí, putonz",1,v3_ofensivo_ofuscado,"ofensivo_ofuscado|Callate ya, {t}",Palabras obscenas,"Andate de aquí, putonz"
V3-00423,Estudié con dos compañeros guatemaltecos,0,v3_nacionalidad_notoxico,nacionalidad_notoxico|Estudié con dos compañeros {g},,Estudié con dos compañeros guatemaltecos
V3-00424,Me gusta mucho la música de los nicaragüenses,0,v3_nacionalidad_notoxico,nacionalidad_notoxico|Me gusta mucho la música de los {g},,Me gusta mucho la música de los nicaragüenses
V3-00425,No respondo si lo llego a r3v3ntar te lo juro,3,v3_amenaza_ofuscada,amenaza_ofuscada|No respondo si lo llego a {v},Amenaza Directa,No respondo si lo llego a r3v3ntar te lo juro
V3-00426,El profesor nuevo es guatemalteco,0,v3_nacionalidad_notoxico,nacionalidad_notoxico|El profesor nuevo es {gs},,El profesor nuevo es guatemalteco
V3-00427,"Por gente como vos está así el país, c-u-c-h-e",2,v3_odio_ofuscado,"odio_ofuscado|Da asco verte, {t}",Homofobia,"Por gente como vos está así el país, c-u-c-h-e"
V3-00428,"Mientras más sudacas llegan, peor está todo 🐒🇻🇪",2,v3_emoji_clase2,emoji_clase2|emoji_🐒🇻🇪,Latinoamericanos,"Mientras más sudacas llegan, peor está todo :mono: :bandera_venezuela:"
V3-00429,Ojalá lo l i n c h a ren pronto vas a ver,3,v3_amenaza_ofuscada,amenaza_ofuscada|Ojalá lo {v}en pronto,Amenaza Directa,Ojalá lo l i n c h a ren pronto vas a ver
V3-00430,Decile que lo van a mandar a dormir,3,v3_amenaza_eufemismo,amenaza_eufemismo|eufemismo_reportado,Amenaza Implícita,Decile que lo van a mandar a dormir
V3-00431,"Volvé cuando aprendás, desm@dre",1,v3_ofensivo_ofuscado,"ofensivo_ofuscado|No sabés nada, {t}",Tono agresivo,"Volvé cuando aprendás, desm@dre"
V3-00432,"Vaya bayunco, nos vemos mañana entonces",0,v3_jerga_notoxico,"jerga_notoxico|Vaya {t}, nos vemos mañana entonces",,"Vaya bayunco, nos vemos mañana entonces"
V3-00433,"Regresate de donde viniste, m-a-r-e-r-o",2,v3_odio_ofuscado,"odio_ofuscado|Gente como vos sobra, {t}",Xenofobia,"Regresate de donde viniste, m-a-r-e-r-o"
V3-00434,Muchas gracias por la ayuda de ayer 💪,0,v3_emoji_benigno,emoji_benigno|benigno_💪,,Muchas gracias por la ayuda de ayer :bíceps_flexionado:
V3-00435,"Ya cállese, cul3r0",1,v3_ofensivo_ofuscado,ofensivo_ofuscado|Sos un {t} y punto,Insulto,"Ya cállese, cul3r0"
V3-00436,Los indios sobran en este país 👨‍🌾🐒,2,v3_emoji_clase2,emoji_clase2|emoji_👨‍🌾🐒,Pueblos indígenas,Los indios sobran en este país :hombre: :espiga_de_arroz: :mono:
V3-00437,Con un hondureño no se puede razonar,2,v3_odio_grupo,odio_grupo|Con un {gs} no se puede razonar,Xenofobia,Con un hondureño no se puede razonar
V3-00438,Alguien debería revent4r a ese tipo,3,v3_amenaza_ofuscada,amenaza_ofuscada|Alguien debería {v} a ese tipo,Amenaza Directa,Alguien debería revent4r a ese tipo
V3-00439,"Qué onda payaso, todo bien por allá",0,v3_jerga_control,"jerga_control|Qué onda {t}, todo bien por allá",,"Qué onda payaso, todo bien por allá"
V3-00440,"Mientras más judíos 🧼🇮🇱 llegan, peor está todo",2,v3_emoji_clase2,emoji_clase2|emoji_🧼🇮🇱,Judíos,"Mientras más judíos :jabón: :bandera_israel: llegan, peor está todo"
V3-00441,"Ya me hartaste, t.u.f.o",1,v3_ofensivo_ofuscado,"ofensivo_ofuscado|Qué {t}, en serio",Insulto,"Ya me hartaste, t.u.f.o"
V3-00442,Decile que le van a dar cuello a ese,3,v3_amenaza_eufemismo,amenaza_eufemismo|eufemismo_reportado,Amenaza Implícita,Decile que le van a dar cuello a ese
V3-00443,Fuera los judíos de nuestro país 🇮🇱🤢,2,v3_emoji_clase2,emoji_clase2|emoji_🇮🇱🤢,Judíos e israelíes,Fuera los judíos de nuestro país :bandera_israel: :cara_de_náuseas:
V3-00444,Ese maje es mi mejor amigo desde la escuela,0,v3_jerga_notoxico,jerga_notoxico|Ese {t} es mi mejor amigo desde la escuela,,Ese maje es mi mejor amigo desde la escuela
V3-00445,Los cipotes 🍍 son escoria,2,v3_emoji_clase2,emoji_clase2|emoji_🍍,Menores de edad,Los cipotes :piña: son escoria
V3-00446,"Andate a tu país, vali3ron verga",2,v3_odio_ofuscado,"odio_ofuscado|Da asco verte, {t}",Xenofobia,"Andate a tu país, vali3ron verga"
V3-00447,"Ya cállese, osico",1,v3_ofensivo_ofuscado,"ofensivo_ofuscado|Ya me hartaste, {t}",Insulto,"Ya cállese, osico"
V3-00448,Voy a ir a 4puñ4l4rte a tu casa,3,v3_amenaza_ofuscada,amenaza_ofuscada|Voy a ir a {v}te a tu casa,Amenaza Directa,Voy a ir a 4puñ4l4rte a tu casa
V3-00449,Ese chucho nunca falla cuando se le necesita,0,v3_jerga_notoxico,jerga_notoxico|Ese {t} nunca falla cuando se le necesita,,Ese chucho nunca falla cuando se le necesita
V3-00450,"Nadie te preguntó, vasura",1,v3_ofensivo_ofuscado,"ofensivo_ofuscado|Hablando pura paja, {t}",Insulto,"Nadie te preguntó, vasura"
V3-00451,La pachanga me tiene cansado esta semana,0,v3_jerga_notoxico,jerga_notoxico|La {t} me tiene cansado esta semana,,La pachanga me tiene cansado esta semana
V3-00452,"Sos lo peor que hay, fascistaaa",1,v3_ofensivo_ofuscado,"ofensivo_ofuscado|Dejá de escribir, {t}",Insulto,"Sos lo peor que hay, fascistaaa"
V3-00453,"Da asco verte, arrastrad@",2,v3_odio_ofuscado,"odio_ofuscado|Ojalá te deporten, {t}",Sexismo,"Da asco verte, arrastrad@"
V3-00454,Ahí le dejo el pelota que le debía,0,v3_jerga_control,jerga_control|Ahí le dejo el {t} que le debía,,Ahí le dejo el pelota que le debía
V3-00455,"Los tarados dan asco, así de simple 🗣️👊🤤",2,v3_emoji_clase2,emoji_clase2|emoji_🗣️👊🤤,Personas con discapacidad intelectual,"Los tarados dan asco, así de simple :cabeza_parlante: :puño_cerrado: :cara_babeando:"
V3-00456,Ojalá lo a.p.u.ñ.a.l.a.ren pronto anotalo,3,v3_amenaza_ofuscada,amenaza_ofuscada|Ojalá lo {v}en pronto,Amenaza Directa,Ojalá lo a.p.u.ñ.a.l.a.ren pronto anotalo
V3-00457,Qué rico estuvo el almuerzo de hoy 💪,0,v3_emoji_benigno,emoji_benigno|benigno_💪,,Qué rico estuvo el almuerzo de hoy :bíceps_flexionado:
V3-00458,Sos un verqazo y punto 🧟,1,v3_emoji_clase1,emoji_clase1|emoji_🧟,Colectivo político,Sos un verqazo y punto :zombi:
V3-00459,Fuera los retrasados de nuestro país 🗣️👊🤤,2,v3_emoji_clase2,emoji_clase2|emoji_🗣️👊🤤,Personas con discapacidad intelectual,Fuera los retrasados de nuestro país :cabeza_parlante: :puño_cerrado: :cara_babeando:
V3-00460,Vamos a b****r a ese maje te lo juro,3,v3_amenaza_ofuscada,amenaza_ofuscada|Vamos a {v} a ese maje,Amenaza Directa,Vamos a b****r a ese maje te lo juro
V3-00461,Prestame el objeto para el pasaje porfa,0,v3_jerga_control,jerga_control|Prestame el {t} para el pasaje porfa,,Prestame el objeto para el pasaje porfa
V3-00462,Te voy a r3v3nt4r anotalo,3,v3_amenaza_ofuscada,amenaza_ofuscada|Te voy a {v},Amenaza Directa,Te voy a r3v3nt4r anotalo
V3-00463,Mirá al m!co este,1,v3_ofensivo_ofuscado,"ofensivo_ofuscado|Nadie te preguntó, {t}",Palabras obscenas,Mirá al m!co este
V3-00464,👴👻 Ya son demasiados ancianos en este país,2,v3_emoji_clase2,emoji_clase2|emoji_👴👻,Adultos mayores,:anciano: :fantasma: Ya son demasiados ancianos en este país
V3-00465,No quiero ni un hondureño cerca de mi familia,2,v3_odio_grupo,odio_grupo|No quiero ni un {gs} cerca de mi familia,Xenofobia,No quiero ni un hondureño cerca de mi familia
V3-00466,"Ojalá te deporten, inmigr4nte",2,v3_odio_ofuscado,"odio_ofuscado|Ojalá te deporten, {t}",Xenofobia,"Ojalá te deporten, inmigr4nte"
V3-00467,"Que se vayan los obesos, son una plaga 🐋🚫",2,v3_emoji_clase2,emoji_clase2|emoji_🐋🚫,Personas con sobrepeso,"Que se vayan los obesos, son una plaga :ballena: :prohibido:"
V3-00468,Le van a hacer la visita 🧹👷,3,v3_emoji_clase3,emoji_clase3|emoji_🧹👷,Migrantes y grupos étnicos,Le van a hacer la visita :escoba: :profesional_de_la_construcción:
V3-00469,"Nadie te preguntó, palom",1,v3_ofensivo_ofuscado,"ofensivo_ofuscado|Qué asco das, {t}",Palabras obscenas,"Nadie te preguntó, palom"
V3-00470,Le van a dar cuello a ese acordate de esto,3,v3_amenaza_eufemismo,amenaza_eufemismo|eufemismo_con_cola,Amenaza Implícita,Le van a dar cuello a ese acordate de esto
V3-00471,"Qué t-o-n-t-o, en serio",1,v3_ofensivo_ofuscado,"ofensivo_ofuscado|Nadie te preguntó, {t}",Insulto,"Qué t-o-n-t-o, en serio"
V3-00472,Lo van a mandar a dormir acordate de esto,3,v3_amenaza_eufemismo,amenaza_eufemismo|eufemismo_con_cola,Amenaza Implícita,Lo van a mandar a dormir acordate de esto
V3-00473,"No respondo si lo llego a c0lg4r y no es amenaza, es aviso",3,v3_amenaza_ofuscada,amenaza_ofuscada|No respondo si lo llego a {v},Amenaza Directa,"No respondo si lo llego a c0lg4r y no es amenaza, es aviso"
V3-00474,"Andá a trabajar, culeroo",1,v3_ofensivo_ofuscado,"ofensivo_ofuscado|Volvé cuando aprendás, {t}",Insulto,"Andá a trabajar, culeroo"
V3-00475,"Qué onda cerote, todo bien por allá",0,v3_jerga_notoxico,"jerga_notoxico|Qué onda {t}, todo bien por allá",,"Qué onda cerote, todo bien por allá"
V3-00476,"Que se vayan los judíos, son una plaga 🧼🇮🇱",2,v3_emoji_clase2,emoji_clase2|emoji_🧼🇮🇱,Judíos,"Que se vayan los judíos, son una plaga :jabón: :bandera_israel:"
V3-00477,Va a terminar en el noticiero ⚰️,3,v3_emoji_clase3,emoji_clase3|emoji_⚰️,Personas enfermas,Va a terminar en el noticiero :ataúd:
V3-00478,"Odio a los centroamericanos, no son gente 🐒🇦🇷",2,v3_emoji_clase2,emoji_clase2|emoji_🐒🇦🇷,Latinoamericanos,"Odio a los centroamericanos, no son gente :mono: :bandera_argentina:"
V3-00479,"No perteneces aquí, p@ndillero",2,v3_odio_ofuscado,"odio_ofuscado|Da asco verte, {t}",Xenofobia,"No perteneces aquí, p@ndillero"
V3-00480,No encuentro el dinero por ningún lado,0,v3_jerga_control,jerga_control|No encuentro el {t} por ningún lado,,No encuentro el dinero por ningún lado
V3-00481,No encuentro el pelota por ningún lado,0,v3_jerga_control,jerga_control|No encuentro el {t} por ningún lado,,No encuentro el pelota por ningún lado
V3-00482,Ese pajero nunca falla cuando se le necesita,0,v3_jerga_notoxico,jerga_notoxico|Ese {t} nunca falla cuando se le necesita,,Ese pajero nunca falla cuando se le necesita
V3-00483,Hay que qu3brarlos a todos ya vas a ver,3,v3_amenaza_ofuscada,amenaza_ofuscada|Hay que {v}los a todos,Amenaza Directa,Hay que qu3brarlos a todos ya vas a ver
V3-00484,Deberían p4rtir a todos esos vas a ver,3,v3_amenaza_ofuscada,amenaza_ofuscada|Deberían {v} a todos esos,Amenaza Directa,Deberían p4rtir a todos esos vas a ver
V3-00485,"Da asco verte, in*io",2,v3_odio_ofuscado,"odio_ofuscado|Gente como vos sobra, {t}",Racismo,"Da asco verte, in*io"
V3-00486,Mirá al jura palomax este,1,v3_jerga_ofensivo,jerga_ofensivo|Mirá al {t} este,Insulto Directo,Mirá al jura palomax este
V3-00487,Que lo vayan a p a r t i r de una vez anotalo,3,v3_amenaza_ofuscada,amenaza_ofuscada|Que lo vayan a {v} de una vez,Amenaza Directa,Que lo vayan a p a r t i r de una vez anotalo
V3-00488,"No jodás más, zo*ra 🐍",1,v3_emoji_clase1,emoji_clase1|emoji_🐍,Individuo,"No jodás más, zo*ra :serpiente:"
V3-00489,Alguien debería r e v e n t a r a ese tipo acordate de esto,3,v3_amenaza_ofuscada,amenaza_ofuscada|Alguien debería {v} a ese tipo,Amenaza Directa,Alguien debería r e v e n t a r a ese tipo acordate de esto
V3-00490,Ahí le dejo el chibola que le debía,0,v3_jerga_notoxico,jerga_notoxico|Ahí le dejo el {t} que le debía,,Ahí le dejo el chibola que le debía
V3-00491,"Da asco verte, gorron@",2,v3_odio_ofuscado,"odio_ofuscado|Andate a tu país, {t}",Sexismo,"Da asco verte, gorron@"
V3-00492,Ese hombre es bien 🌻 codo con la familia,0,v3_emoji_benigno,emoji_benigno|benigno_🌻,,Ese hombre es bien :girasol: codo con la familia
V3-00493,Uno de estos días lo van a linchar te lo juro,3,v3_amenaza_ofuscada,amenaza_ofuscada|Uno de estos días lo van a {v},Amenaza Directa,Uno de estos días lo van a linchar te lo juro
V3-00494,Uno de estos días lo van a m a t a r vas a ver,3,v3_amenaza_ofuscada,amenaza_ofuscada|Uno de estos días lo van a {v},Amenaza Directa,Uno de estos días lo van a m a t a r vas a ver
V3-00495,Ya le llegó su día a ese 🧹,3,v3_emoji_clase3,emoji_clase3|emoji_🧹,Migrantes y grupos étnicos,Ya le llegó su día a ese :escoba:
V3-00496,"Volvé cuando aprendás, pajero vergazooo",1,v3_jerga_ofensivo,"jerga_ofensivo|Volvé cuando aprendás, {t}",Insulto Directo,"Volvé cuando aprendás, pajero vergazooo"
V3-00497,El policía está bien tranquilo hoy,0,v3_jerga_control,jerga_control|El {t} está bien tranquilo hoy,,El policía está bien tranquilo hoy
V3-00498,"Aquí no te queremos, n*rgentina",2,v3_odio_ofuscado,"odio_ofuscado|Aquí no te queremos, {t}",Xenofobia,"Aquí no te queremos, n*rgentina"
V3-00499,Los israelíes 🇮🇱🤢 son mierda,2,v3_emoji_clase2,emoji_clase2|emoji_🇮🇱🤢,Judíos e israelíes,Los israelíes :bandera_israel: :cara_de_náuseas: son mierda
V3-00500,"Gente como vos sobra, indio",2,v3_odio_ofuscado,"odio_ofuscado|Da asco verte, {t}",Racismo,"Gente como vos sobra, indio"
V3-00501,"Qué pereza leerte, desmadreee",1,v3_ofensivo_ofuscado,"ofensivo_ofuscado|No hablés de lo que no sabés, {t}",Tono agresivo,"Qué pereza leerte, desmadreee"
V3-00502,"Ya cállese, brutos",1,v3_ofensivo_ofuscado,"ofensivo_ofuscado|No sabés nada, {t}",Insulto,"Ya cállese, brutos"
V3-00503,Qué buena estuvo la chamba de anoche,0,v3_jerga_notoxico,jerga_notoxico|Qué buena estuvo la {t} de anoche,,Qué buena estuvo la chamba de anoche
V3-00504,"Mejor callate, i*becil",1,v3_ofensivo_ofuscado,"ofensivo_ofuscado|Volvé cuando aprendás, {t}",Insulto,"Mejor callate, i*becil"
V3-00505,"No sabés nada, pij4",1,v3_ofensivo_ofuscado,"ofensivo_ofuscado|Eso es lo que sos, un {t}",Palabras obscenas,"No sabés nada, pij4"
V3-00506,"Que se vayan los muertos de hambre, no son gente 🐶",2,v3_emoji_clase2,emoji_clase2|emoji_🐶,Personas en situación de pobreza,"Que se vayan los muertos de hambre, no son gente :cara_de_perro:"
V3-00507,"Andate a tu país, mejizimi0",2,v3_odio_ofuscado,"odio_ofuscado|No perteneces aquí, {t}",Xenofobia,"Andate a tu país, mejizimi0"
V3-00508,"No jodás más, v3rqa",1,v3_ofensivo_ofuscado,"ofensivo_ofuscado|Andá a trabajar, {t}",Palabras obscenas,"No jodás más, v3rqa"
V3-00509,Qué chivo se ve el paisaje desde aquí,0,v3_jerga_notoxico,jerga_notoxico|Qué {t} se ve el paisaje desde aquí,,Qué chivo se ve el paisaje desde aquí
V3-00510,"Andá a trabajar, mrd",1,v3_ofensivo_ofuscado,"ofensivo_ofuscado|Cerrá el hocico, {t}",Palabras obscenas,"Andá a trabajar, mrd"
V3-00511,Me gusta mucho la música de los chinos,0,v3_nacionalidad_notoxico,nacionalidad_notoxico|Me gusta mucho la música de los {g},,Me gusta mucho la música de los chinos
V3-00512,Nos vemos en la fiesta del sábado,0,v3_jerga_control,jerga_control|Nos vemos en la {t} del sábado,,Nos vemos en la fiesta del sábado
V3-00513,"Qué onda alero, todo bien por allá",0,v3_jerga_notoxico,"jerga_notoxico|Qué onda {t}, todo bien por allá",,"Qué onda alero, todo bien por allá"
V3-00514,Ese chucho me cae bien la verdad,0,v3_jerga_notoxico,jerga_notoxico|Ese {t} me cae bien la verdad,,Ese chucho me cae bien la verdad
V3-00515,Ya viene el niño con las pupusas,0,v3_jerga_control,jerga_control|Ya viene el {t} con las pupusas,,Ya viene el niño con las pupusas
V3-00516,Conocí a un hondureño muy amable ayer,0,v3_nacionalidad_notoxico,nacionalidad_notoxico|Conocí a un {gs} muy amable ayer,,Conocí a un hondureño muy amable ayer
V3-00517,"Hablando pura paja, sinverquenza",1,v3_ofensivo_ofuscado,"ofensivo_ofuscado|Me da igual lo que digas, {t}",Insulto,"Hablando pura paja, sinverquenza"
V3-00518,Felicidades por el nuevo trabajo 😊,0,v3_emoji_benigno,emoji_benigno|benigno_😊,,Felicidades por el nuevo trabajo :cara_feliz_con_ojos_sonrientes:
V3-00519,"Odio a los obesos, sobran en este país 🐷",2,v3_emoji_clase2,emoji_clase2|emoji_🐷,Personas con sobrepeso,"Odio a los obesos, sobran en este país :cara_de_cerdo:"
V3-00520,Va a terminar en el noticiero ⚱️,3,v3_emoji_clase3,emoji_clase3|emoji_⚱️,Individuo,Va a terminar en el noticiero :urna_funeraria:
V3-00521,"🐍 Qué pereza leerte, 1n3pto",1,v3_emoji_clase1,emoji_clase1|emoji_🐍,Individuo,":serpiente: Qué pereza leerte, 1n3pto"
V3-00522,"Que se vayan los guatemaltecos, sobran en este país",2,v3_odio_grupo,"odio_grupo|Que se vayan los {g}, {p}",Xenofobia,"Que se vayan los guatemaltecos, sobran en este país"
V3-00523,Hay que darles su merecido a esos anotalo,3,v3_amenaza_eufemismo,amenaza_eufemismo|eufemismo_con_cola,Amenaza Implícita,Hay que darles su merecido a esos anotalo
V3-00524,Hay que reven74rlos a todos vas a ver,3,v3_amenaza_ofuscada,amenaza_ofuscada|Hay que {v}los a todos,Amenaza Directa,Hay que reven74rlos a todos vas a ver
V3-00525,"Andate de aquí, p.e.n.d.e.j.o",1,v3_ofensivo_ofuscado,"ofensivo_ofuscado|Qué asco das, {t}",Insulto,"Andate de aquí, p.e.n.d.e.j.o"
V3-00526,"Qué tvf0, en serio",1,v3_ofensivo_ofuscado,"ofensivo_ofuscado|No sabés nada, {t}",Insulto,"Qué tvf0, en serio"
V3-00527,Que Dios los bendiga a todos 🌻,0,v3_emoji_benigno,emoji_benigno|benigno_🌻,,Que Dios los bendiga a todos :girasol:
V3-00528,Ese v4g0 otra vez,1,v3_ofensivo_ofuscado,"ofensivo_ofuscado|Dejá de escribir, {t}",Insulto,Ese v4g0 otra vez
V3-00529,Avisale que se va a topar con quien no debe,3,v3_amenaza_eufemismo,amenaza_eufemismo|eufemismo_reportado,Amenaza Implícita,Avisale que se va a topar con quien no debe
V3-00530,"Regresate de donde viniste, mejisimiooo",2,v3_odio_ofuscado,"odio_ofuscado|Gente como vos sobra, {t}",Xenofobia,"Regresate de donde viniste, mejisimiooo"
V3-00531,Trabajo con un chino muy responsable,0,v3_nacionalidad_notoxico,nacionalidad_notoxico|Trabajo con un {gs} muy responsable,,Trabajo con un chino muy responsable
V3-00532,Ese bicho siempre llega tarde pero llega,0,v3_jerga_notoxico,jerga_notoxico|Ese {t} siempre llega tarde pero llega,,Ese bicho siempre llega tarde pero llega
V3-00533,"Qué h*jueputa, en serio",1,v3_ofensivo_ofuscado,"ofensivo_ofuscado|Cerrá el hocico, {t}",Insulto,"Qué h*jueputa, en serio"
V3-00534,"Qué ce*ote, en serio",1,v3_ofensivo_ofuscado,"ofensivo_ofuscado|Hablando pura paja, {t}",Insulto,"Qué ce*ote, en serio"
V3-00535,"Ya me hartaste, in3pt0 🧟",1,v3_emoji_clase1,emoji_clase1|emoji_🧟,Colectivo político,"Ya me hartaste, in3pt0 :zombi:"
V3-00536,"Da asco verte, chap1ad0ra",2,v3_odio_ofuscado,"odio_ofuscado|No perteneces aquí, {t}",Sexismo,"Da asco verte, chap1ad0ra"
V3-00537,Fuera los mexicanos de nuestro país,2,v3_odio_grupo,odio_grupo|Fuera los {g} de nuestro país,Xenofobia,Fuera los mexicanos de nuestro país
V3-00538,Está excelente el examen de mañana,0,v3_jerga_control,jerga_control|Está {t} el examen de mañana,,Está excelente el examen de mañana
V3-00539,"Gente como vos sobra, g-o-r-r-o-n-a",2,v3_odio_ofuscado,"odio_ofuscado|Gente como vos sobra, {t}",Sexismo,"Gente como vos sobra, g-o-r-r-o-n-a"
V3-00540,Te van a m a t a r si seguís así acordate de esto,3,v3_amenaza_ofuscada,amenaza_ofuscada|Te van a {v} si seguís así,Amenaza Directa,Te van a m a t a r si seguís así acordate de esto
V3-00541,"Qué despreciabl, en serio",1,v3_ofensivo_ofuscado,"ofensivo_ofuscado|Volvé cuando aprendás, {t}",Insulto,"Qué despreciabl, en serio"
V3-00542,El profesor nuevo es hondureño,0,v3_nacionalidad_notoxico,nacionalidad_notoxico|El profesor nuevo es {gs},,El profesor nuevo es hondureño
V3-00543,"Hablando pura paja, cu*o",1,v3_ofensivo_ofuscado,"ofensivo_ofuscado|Nadie te preguntó, {t}",Palabras obscenas,"Hablando pura paja, cu*o"
V3-00544,"Ya cállese, cur5o",1,v3_ofensivo_ofuscado,"ofensivo_ofuscado|Qué {t}, en serio",nan,"Ya cállese, cur5o"
V3-00545,Ese cerote siempre llega tarde pero llega,0,v3_jerga_notoxico,jerga_notoxico|Ese {t} siempre llega tarde pero llega,,Ese cerote siempre llega tarde pero llega
V3-00546,"puchica, qué alegre verte de nuevo 😂",0,v3_emoji_benigno,emoji_benigno|benigno_😂,,"puchica, qué alegre verte de nuevo :cara_llorando_de_risa:"
V3-00547,Mirá al pasmadooo este,1,v3_ofensivo_ofuscado,"ofensivo_ofuscado|Qué asco das, {t}",Insulto,Mirá al pasmadooo este
V3-00548,Nos vemos en la trabajo del sábado,0,v3_jerga_control,jerga_control|Nos vemos en la {t} del sábado,,Nos vemos en la trabajo del sábado
V3-00549,"Que se vayan los cubanos, sobran en este país",2,v3_odio_grupo,"odio_grupo|Que se vayan los {g}, {p}",Xenofobia,"Que se vayan los cubanos, sobran en este país"
V3-00550,Vamos a p4r7ir a ese maje,3,v3_amenaza_ofuscada,amenaza_ofuscada|Vamos a {v} a ese maje,Amenaza Directa,Vamos a p4r7ir a ese maje
V3-00551,Lo van a 4puñ4l4r a ese te lo juro,3,v3_amenaza_ofuscada,amenaza_ofuscada|Lo van a {v} a ese,Amenaza Directa,Lo van a 4puñ4l4r a ese te lo juro
V3-00552,Decile que lo van a dejar frío,3,v3_amenaza_eufemismo,amenaza_eufemismo|eufemismo_reportado,Amenaza Implícita,Decile que lo van a dejar frío
V3-00553,"Qué pereza leerte, o5ico",1,v3_ofensivo_ofuscado,"ofensivo_ofuscado|Otra vez vos, {t}",Insulto,"Qué pereza leerte, o5ico"
V3-00554,"cabal, ya se me hizo tarde otra vez",0,v3_jerga_notoxico,"jerga_notoxico|{t}, ya se me hizo tarde otra vez",,"cabal, ya se me hizo tarde otra vez"
V3-00555,Alguien debería t o r t u r a r a ese tipo esperame afuera,3,v3_amenaza_ofuscada,amenaza_ofuscada|Alguien debería {v} a ese tipo,Amenaza Directa,Alguien debería t o r t u r a r a ese tipo esperame afuera
V3-00556,"Eso es lo que sos, un c4khudo",1,v3_ofensivo_ofuscado,"ofensivo_ofuscado|Cerrá el hocico, {t}",Insulto,"Eso es lo que sos, un c4khudo"
V3-00557,"No perteneces aquí, arrastr4d4",2,v3_odio_ofuscado,"odio_ofuscado|No perteneces aquí, {t}",Sexismo,"No perteneces aquí, arrastr4d4"
V3-00558,Si lo vuelvo a ver lo voy a p4rt1r vas a ver,3,v3_amenaza_ofuscada,amenaza_ofuscada|Si lo vuelvo a ver lo voy a {v},Amenaza Directa,Si lo vuelvo a ver lo voy a p4rt1r vas a ver
V3-00559,La comida de los nicaragüenses está buenísima,0,v3_nacionalidad_notoxico,nacionalidad_notoxico|La comida de los {g} está buenísima,,La comida de los nicaragüenses está buenísima
V3-00560,"No jodás más, mi3rd4",1,v3_ofensivo_ofuscado,"ofensivo_ofuscado|Me da igual lo que digas, {t}",Palabras obscenas,"No jodás más, mi3rd4"
V3-00561,"No hablés de lo que no sabés, bicho va*o",1,v3_jerga_ofensivo,"jerga_ofensivo|No hablés de lo que no sabés, {t}",Insulto Directo,"No hablés de lo que no sabés, bicho va*o"
V3-00562,"Aquí no te queremos, 1nm1gr4nt3",2,v3_odio_ofuscado,"odio_ofuscado|Regresate de donde viniste, {t}",Xenofobia,"Aquí no te queremos, 1nm1gr4nt3"
V3-00563,"A ese hay que qu3m4rlo antes de que siga y no es amenaza, es aviso",3,v3_amenaza_ofuscada,amenaza_ofuscada|A ese hay que {v}lo antes de que siga,Amenaza Directa,"A ese hay que qu3m4rlo antes de que siga y no es amenaza, es aviso"
V3-00564,"Volvé cuando aprendás, esc0ri4",1,v3_ofensivo_ofuscado,"ofensivo_ofuscado|Qué {t}, en serio",Insulto,"Volvé cuando aprendás, esc0ri4"
V3-00565,Fuera los sudacas de nuestro país 🐒🇦🇷,2,v3_emoji_clase2,emoji_clase2|emoji_🐒🇦🇷,Latinoamericanos,Fuera los sudacas de nuestro país :mono: :bandera_argentina:
V3-00566,"Los gays son basura, así de simple 🏳️‍🌈👀",2,v3_emoji_clase2,emoji_clase2|emoji_🏳️‍🌈👀,Personas LGBT,"Los gays son basura, así de simple :bandera_blanca: :arcoíris: :ojos:"
V3-00567,"Eso es lo que sos, un pendejooo",1,v3_ofensivo_ofuscado,"ofensivo_ofuscado|Andate de aquí, {t}",Insulto,"Eso es lo que sos, un pendejooo"
V3-00568,Ya le tocó a ese,3,v3_amenaza_eufemismo,amenaza_eufemismo|eufemismo_simple,Amenaza Implícita,Ya le tocó a ese
V3-00569,Ahí le dejo el pisto que le debía,0,v3_jerga_notoxico,jerga_notoxico|Ahí le dejo el {t} que le debía,,Ahí le dejo el pisto que le debía
V3-00570,Que lo pongan a descansar de una vez te lo juro,3,v3_amenaza_eufemismo,amenaza_eufemismo|eufemismo_con_cola,Amenaza Implícita,Que lo pongan a descansar de una vez te lo juro
V3-00571,Lo van a linch4r a ese te lo juro,3,v3_amenaza_ofuscada,amenaza_ofuscada|Lo van a {v} a ese,Amenaza Directa,Lo van a linch4r a ese te lo juro
V3-00572,Ese bayunco siempre llega tarde pero llega,0,v3_jerga_notoxico,jerga_notoxico|Ese {t} siempre llega tarde pero llega,,Ese bayunco siempre llega tarde pero llega
V3-00573,Hay que colg@rlos a todos esperame afuera,3,v3_amenaza_ofuscada,amenaza_ofuscada|Hay que {v}los a todos,Amenaza Directa,Hay que colg@rlos a todos esperame afuera
V3-00574,A ese ya le tienen el cajón listo 🔫,3,v3_emoji_clase3,emoji_clase3|emoji_🔫,Individuo,A ese ya le tienen el cajón listo :pistola:
V3-00575,"Cerrá el hocico, g0rgoj0s",1,v3_ofensivo_ofuscado,ofensivo_ofuscado|Ese {t} otra vez,Insulto,"Cerrá el hocico, g0rgoj0s"
V3-00576,"Nadie te preguntó, brvtic0",1,v3_ofensivo_ofuscado,ofensivo_ofuscado|Ese {t} otra vez,Insulto,"Nadie te preguntó, brvtic0"
V3-00577,Los migrantes sobran en este país 🪲,2,v3_emoji_clase2,emoji_clase2|emoji_🪲,Migrantes y grupos étnicos,Los migrantes sobran en este país :escarabajo:
V3-00578,Ya son demasiados 🐒🇻🇪 sudacas en este país,2,v3_emoji_clase2,emoji_clase2|emoji_🐒🇻🇪,Latinoamericanos,Ya son demasiados :mono: :bandera_venezuela: sudacas en este país
V3-00579,"Qué med1ocre, en serio",1,v3_ofensivo_ofuscado,ofensivo_ofuscado|Sos un {t} y punto,Insulto,"Qué med1ocre, en serio"
V3-00580,"Regresate de donde viniste, mejisim10",2,v3_odio_ofuscado,"odio_ofuscado|Regresate de donde viniste, {t}",Xenofobia,"Regresate de donde viniste, mejisim10"
V3-00581,Te van a fusil@r si seguís así,3,v3_amenaza_ofuscada,amenaza_ofuscada|Te van a {v} si seguís así,Amenaza Directa,Te van a fusil@r si seguís así
V3-00582,"Odio a los pobres, son puro estorbo 🐁",2,v3_emoji_clase2,emoji_clase2|emoji_🐁,Migrantes y personas empobrecidas,"Odio a los pobres, son puro estorbo :ratón:"
V3-00583,"Está bien excelente el lugar, se los recomiendo",0,v3_jerga_control,"jerga_control|Está bien {t} el lugar, se los recomiendo",,"Está bien excelente el lugar, se los recomiendo"
V3-00584,Qué excelente se ve el paisaje desde aquí,0,v3_jerga_control,jerga_control|Qué {t} se ve el paisaje desde aquí,,Qué excelente se ve el paisaje desde aquí
V3-00585,Fuera los gays de nuestro país 🏳️‍🌈👀,2,v3_emoji_clase2,emoji_clase2|emoji_🏳️‍🌈👀,Personas LGBT,Fuera los gays de nuestro país :bandera_blanca: :arcoíris: :ojos:
V3-00586,"Ya me hartaste, ze la pica",1,v3_ofensivo_ofuscado,"ofensivo_ofuscado|Nadie te preguntó, {t}",Palabras obscenas,"Ya me hartaste, ze la pica"
V3-00587,Andá traeme el bolado ese que dejé,0,v3_jerga_notoxico,jerga_notoxico|Andá traeme el {t} ese que dejé,,Andá traeme el bolado ese que dejé
V3-00588,"No jodás más, foc4",1,v3_ofensivo_ofuscado,"ofensivo_ofuscado|Eso es lo que sos, un {t}",Insulto,"No jodás más, foc4"
V3-00589,"Aquí no te queremos, m3j1s1m10",2,v3_odio_ofuscado,"odio_ofuscado|Aquí no te queremos, {t}",Xenofobia,"Aquí no te queremos, m3j1s1m10"
V3-00590,El equipo de los indígenas jugó limpio,0,v3_nacionalidad_notoxico,nacionalidad_notoxico|El equipo de los {g} jugó limpio,,El equipo de los indígenas jugó limpio
V3-00591,Mirá al qorg0jos este,1,v3_ofensivo_ofuscado,"ofensivo_ofuscado|Hablando pura paja, {t}",Insulto,Mirá al qorg0jos este
V3-00592,Ya son demasiados sudacas en este país 🐒🇦🇷,2,v3_emoji_clase2,emoji_clase2|emoji_🐒🇦🇷,Latinoamericanos,Ya son demasiados sudacas en este país :mono: :bandera_argentina:
V3-00593,Te van a maaatar si seguís así vas a ver,3,v3_amenaza_ofuscada,amenaza_ofuscada|Te van a {v} si seguís así,Amenaza Directa,Te van a maaatar si seguís así vas a ver
V3-00594,Si lo vuelvo a ver lo voy a p4rtir esperame afuera,3,v3_amenaza_ofuscada,amenaza_ofuscada|Si lo vuelvo a ver lo voy a {v},Amenaza Directa,Si lo vuelvo a ver lo voy a p4rtir esperame afuera
V3-00595,"Gente como vos sobra, mejisimios",2,v3_odio_ofuscado,"odio_ofuscado|Andate a tu país, {t}",Xenofobia,"Gente como vos sobra, mejisimios"
V3-00596,Sos un vaq0 y punto,1,v3_ofensivo_ofuscado,ofensivo_ofuscado|Ese {t} otra vez,Insulto,Sos un vaq0 y punto
V3-00597,Los pobres son una plaga y nadie lo dice 🐕,2,v3_emoji_clase2,emoji_clase2|emoji_🐕,Personas en situación de pobreza,Los pobres son una plaga y nadie lo dice :perro:
V3-00598,😈📕 Fuera los ignorantes de nuestro país,2,v3_emoji_clase2,emoji_clase2|emoji_😈📕,Personas con baja educación,:cara_sonriendo_con_cuernos: :libro_cerrado: Fuera los ignorantes de nuestro país
V3-00599,"Gente como vos sobra, arr4strad4",2,v3_odio_ofuscado,"odio_ofuscado|Andate a tu país, {t}",Sexismo,"Gente como vos sobra, arr4strad4"
V3-00600,Trabajo con un hondureño muy responsable,0,v3_nacionalidad_notoxico,nacionalidad_notoxico|Trabajo con un {gs} muy responsable,,Trabajo con un hondureño muy responsable
V3-00601,Con gusto lo bal3arría yo mismo,3,v3_amenaza_ofuscada,amenaza_ofuscada|Con gusto lo {v}ría yo mismo,Amenaza Directa,Con gusto lo bal3arría yo mismo
V3-00602,Con gusto lo r.e.v.e.n.t.a.rría yo mismo acordate de esto,3,v3_amenaza_ofuscada,amenaza_ofuscada|Con gusto lo {v}ría yo mismo,Amenaza Directa,Con gusto lo r.e.v.e.n.t.a.rría yo mismo acordate de esto
V3-00603,El profesor nuevo es argentino,0,v3_nacionalidad_notoxico,nacionalidad_notoxico|El profesor nuevo es {gs},,El profesor nuevo es argentino
V3-00604,Lo van a mandar a dormir 🧹,3,v3_emoji_clase3,emoji_clase3|emoji_🧹,Migrantes y grupos étnicos,Lo van a mandar a dormir :escoba:
V3-00605,"Volvé cuando aprendás, m4ld1to",1,v3_ofensivo_ofuscado,"ofensivo_ofuscado|Andate de aquí, {t}",Tono agresivo,"Volvé cuando aprendás, m4ld1to"
V3-00606,"Mejor callate, idiotaaa",1,v3_ofensivo_ofuscado,"ofensivo_ofuscado|Andá a trabajar, {t}",Insulto,"Mejor callate, idiotaaa"
V3-00607,"Callate ya, hijueput4",1,v3_ofensivo_ofuscado,"ofensivo_ofuscado|Cerrá el hocico, {t}",Insulto,"Callate ya, hijueput4"
V3-00608,Le tienen el traje listo,3,v3_amenaza_eufemismo,amenaza_eufemismo|eufemismo_simple,Amenaza Implícita,Le tienen el traje listo
V3-00609,"Otra vez vos, foca",1,v3_ofensivo_ofuscado,ofensivo_ofuscado|Mirá al {t} este,Insulto,"Otra vez vos, foca"
V3-00610,"Ya me hartaste, pasm4do",1,v3_ofensivo_ofuscado,"ofensivo_ofuscado|No sabés nada, {t}",Insulto,"Ya me hartaste, pasm4do"
V3-00611,Me dan ganas de b a l e a rlo,3,v3_amenaza_ofuscada,amenaza_ofuscada|Me dan ganas de {v}lo,Amenaza Directa,Me dan ganas de b a l e a rlo
V3-00612,Que lo pongan a descansar de una vez acordate de esto,3,v3_amenaza_eufemismo,amenaza_eufemismo|eufemismo_con_cola,Amenaza Implícita,Que lo pongan a descansar de una vez acordate de esto
V3-00613,Qué chivo te quedó la casa,0,v3_jerga_notoxico,jerga_notoxico|Qué {t} te quedó la casa,,Qué chivo te quedó la casa
V3-00614,"Mientras más gordos llegan, peor está todo 🐋🚫",2,v3_emoji_clase2,emoji_clase2|emoji_🐋🚫,Personas con sobrepeso,"Mientras más gordos llegan, peor está todo :ballena: :prohibido:"
V3-00615,Ese niño nunca falla cuando se le necesita,0,v3_jerga_control,jerga_control|Ese {t} nunca falla cuando se le necesita,,Ese niño nunca falla cuando se le necesita
V3-00616,"Me da igual lo que digas, p*jero",1,v3_ofensivo_ofuscado,"ofensivo_ofuscado|Dejá de escribir, {t}",Palabras obscenas,"Me da igual lo que digas, p*jero"
V3-00617,Qué bueno que ya te sentís mejor 🌻,0,v3_emoji_benigno,emoji_benigno|benigno_🌻,,Qué bueno que ya te sentís mejor :girasol:
V3-00618,"Por gente como vos está así el país, negr0",2,v3_odio_ofuscado,"odio_ofuscado|Regresate de donde viniste, {t}",Racismo,"Por gente como vos está así el país, negr0"
V3-00619,🍀 Mañana tengo pachanga desde temprano,0,v3_emoji_benigno,emoji_benigno|benigno_🍀,,:trébol_de_cuatro_hojas: Mañana tengo pachanga desde temprano
V3-00620,"Gente como vos sobra, p4r4sitar",2,v3_odio_ofuscado,"odio_ofuscado|Gente como vos sobra, {t}",Xenofobia,"Gente como vos sobra, p4r4sitar"
V3-00621,Saludos al cipote de mi parte,0,v3_jerga_notoxico,jerga_notoxico|Saludos al {t} de mi parte,,Saludos al cipote de mi parte
V3-00622,"Da asco verte, l3sviana",2,v3_odio_ofuscado,"odio_ofuscado|Por gente como vos está así el país, {t}",Homofobia,"Da asco verte, l3sviana"
V3-00623,Mirá al zubn0rmal este,1,v3_ofensivo_ofuscado,"ofensivo_ofuscado|Qué pereza leerte, {t}",Insulto,Mirá al zubn0rmal este
V3-00624,Deberían gooolpear a todos esos acordate de esto,3,v3_amenaza_ofuscada,amenaza_ofuscada|Deberían {v} a todos esos,Amenaza Directa,Deberían gooolpear a todos esos acordate de esto
V3-00625,"No sabés nada, m4lcriado",1,v3_ofensivo_ofuscado,"ofensivo_ofuscado|Cerrá el hocico, {t}",Insulto,"No sabés nada, m4lcriado"
V3-00626,"Ya me hartaste, c-i-p-o-t-e",1,v3_ofensivo_ofuscado,"ofensivo_ofuscado|Cerrá el hocico, {t}",Palabras obscenas,"Ya me hartaste, c-i-p-o-t-e"
V3-00627,"Andate de aquí, babos",1,v3_ofensivo_ofuscado,"ofensivo_ofuscado|Volvé cuando aprendás, {t}",Insulto,"Andate de aquí, babos"
V3-00628,Los gordos 🐷 no son gente,2,v3_emoji_clase2,emoji_clase2|emoji_🐷,Personas con sobrepeso,Los gordos :cara_de_cerdo: no son gente
V3-00629,A ese ya lo tienen fichado ⚱️,3,v3_emoji_clase3,emoji_clase3|emoji_⚱️,Individuo,A ese ya lo tienen fichado :urna_funeraria:
V3-00630,Ya son demasiados indígenas en este país,2,v3_odio_grupo,odio_grupo|Ya son demasiados {g} en este país,Xenofobia,Ya son demasiados indígenas en este país
V3-00631,"Dejá de escribir, i.d.i.o.t.a",1,v3_ofensivo_ofuscado,"ofensivo_ofuscado|Nadie te preguntó, {t}",Insulto,"Dejá de escribir, i.d.i.o.t.a"
V3-00632,"Andá a trabajar, khinqado",1,v3_ofensivo_ofuscado,"ofensivo_ofuscado|Hablando pura paja, {t}",Tono agresivo,"Andá a trabajar, khinqado"
V3-00633,"No sabés nada, c-a-c-a",1,v3_ofensivo_ofuscado,"ofensivo_ofuscado|Nadie te preguntó, {t}",Palabras obscenas,"No sabés nada, c-a-c-a"
V3-00634,Que lo vayan a matar de una vez 💀,3,v3_emoji_clase3,emoji_clase3|emoji_💀,Personas enfermas,Que lo vayan a matar de una vez :calavera:
V3-00635,Qué vergón se ve el paisaje desde aquí,0,v3_jerga_notoxico,jerga_notoxico|Qué {t} se ve el paisaje desde aquí,,Qué vergón se ve el paisaje desde aquí
V3-00636,No va a contar lo que vio 🧹👷,3,v3_emoji_clase3,emoji_clase3|emoji_🧹👷,Migrantes y grupos étnicos,No va a contar lo que vio :escoba: :profesional_de_la_construcción:
V3-00637,Qué rico estuvo 🍀 el almuerzo de hoy,0,v3_emoji_benigno,emoji_benigno|benigno_🍀,,Qué rico estuvo :trébol_de_cuatro_hojas: el almuerzo de hoy
V3-00638,"Regresate de donde viniste, g0rr0na",2,v3_odio_ofuscado,"odio_ofuscado|Aquí no te queremos, {t}",Sexismo,"Regresate de donde viniste, g0rr0na"
V3-00639,Los pobres son basura y nadie lo dice 🐶,2,v3_emoji_clase2,emoji_clase2|emoji_🐶,Personas en situación de pobreza,Los pobres son basura y nadie lo dice :cara_de_perro:
V3-00640,"Eso es lo que sos, un s3 la p1c4",1,v3_ofensivo_ofuscado,"ofensivo_ofuscado|Volvé cuando aprendás, {t}",Palabras obscenas,"Eso es lo que sos, un s3 la p1c4"
V3-00641,Sos un chimvadaz y punto,1,v3_ofensivo_ofuscado,"ofensivo_ofuscado|Eso es lo que sos, un {t}",Palabras obscenas,Sos un chimvadaz y punto
V3-00642,"Todo bien con el bicho, no hay pleito",0,v3_jerga_notoxico,"jerga_notoxico|Todo bien con el {t}, no hay pleito",,"Todo bien con el bicho, no hay pleito"
V3-00643,"Andate de aquí, cakhud0",1,v3_ofensivo_ofuscado,"ofensivo_ofuscado|Hablando pura paja, {t}",Insulto,"Andate de aquí, cakhud0"
V3-00644,Puro chero pisto el que escribió eso,1,v3_jerga_ofensivo,jerga_ofensivo|Puro {t} el que escribió eso,Insulto Directo,Puro chero pisto el que escribió eso
V3-00645,"Aquí no te queremos, mejis1m1o",2,v3_odio_ofuscado,"odio_ofuscado|Andate a tu país, {t}",Xenofobia,"Aquí no te queremos, mejis1m1o"
V3-00646,"puchica, nos vemos 😊 el domingo entonces",0,v3_emoji_benigno,emoji_benigno|benigno_😊,,"puchica, nos vemos :cara_feliz_con_ojos_sonrientes: el domingo entonces"
V3-00647,"Todo bien con el pajero, no hay pleito",0,v3_jerga_notoxico,"jerga_notoxico|Todo bien con el {t}, no hay pleito",,"Todo bien con el pajero, no hay pleito"
V3-00648,"Ya me hartaste, j.o.d.e.r",1,v3_ofensivo_ofuscado,"ofensivo_ofuscado|Ya me hartaste, {t}",Tono agresivo,"Ya me hartaste, j.o.d.e.r"
V3-00649,"Qué j0dido, en serio",1,v3_ofensivo_ofuscado,"ofensivo_ofuscado|Volvé cuando aprendás, {t}",Tono agresivo,"Qué j0dido, en serio"
V3-00650,El profesor nuevo es cubano,0,v3_nacionalidad_notoxico,nacionalidad_notoxico|El profesor nuevo es {gs},,El profesor nuevo es cubano
V3-00651,"Qué m-a-l-d-i-t-o, en serio",1,v3_ofensivo_ofuscado,"ofensivo_ofuscado|No sabés nada, {t}",Tono agresivo,"Qué m-a-l-d-i-t-o, en serio"
V3-00652,Ese bayunco me cae bien la verdad,0,v3_jerga_notoxico,jerga_notoxico|Ese {t} me cae bien la verdad,,Ese bayunco me cae bien la verdad
V3-00653,"Odio a los obesos, son puro estorbo 🐋",2,v3_emoji_clase2,emoji_clase2|emoji_🐋,Personas con sobrepeso,"Odio a los obesos, son puro estorbo :ballena:"
V3-00654,"Dejá de escribir, perr0",1,v3_ofensivo_ofuscado,ofensivo_ofuscado|Puro {t} el que escribió eso,Insulto,"Dejá de escribir, perr0"
V3-00655,"Gente como vos sobra, pandilleros",2,v3_odio_ofuscado,"odio_ofuscado|Por gente como vos está así el país, {t}",Xenofobia,"Gente como vos sobra, pandilleros"
V3-00656,"Gente como vos sobra, nargentinaaa",2,v3_odio_ofuscado,"odio_ofuscado|Gente como vos sobra, {t}",Xenofobia,"Gente como vos sobra, nargentinaaa"
V3-00657,El amigo está bien tranquilo hoy,0,v3_jerga_control,jerga_control|El {t} está bien tranquilo hoy,,El amigo está bien tranquilo hoy
V3-00658,Los pobres son mierda y nadie lo dice 🐀,2,v3_emoji_clase2,emoji_clase2|emoji_🐀,Migrantes y personas empobrecidas,Los pobres son mierda y nadie lo dice :rata:
V3-00659,"Si lo vuelvo a ver lo voy a revent@r y no es amenaza, es aviso",3,v3_amenaza_ofuscada,amenaza_ofuscada|Si lo vuelvo a ver lo voy a {v},Amenaza Directa,"Si lo vuelvo a ver lo voy a revent@r y no es amenaza, es aviso"
V3-00660,Ese j0d3r otra vez,1,v3_ofensivo_ofuscado,"ofensivo_ofuscado|Eso es lo que sos, un {t}",Tono agresivo,Ese j0d3r otra vez
V3-00661,"Andate de aquí, z.o.r.r.a",1,v3_ofensivo_ofuscado,ofensivo_ofuscado|Ese {t} otra vez,Insulto,"Andate de aquí, z.o.r.r.a"
V3-00662,"No perteneces aquí, terrori5ta",2,v3_odio_ofuscado,"odio_ofuscado|Gente como vos sobra, {t}",Xenofobia,"No perteneces aquí, terrori5ta"
V3-00663,"Está bien difícil el lugar, se los recomiendo",0,v3_jerga_control,"jerga_control|Está bien {t} el lugar, se los recomiendo",,"Está bien difícil el lugar, se los recomiendo"
V3-00664,"Me da igual lo que digas, c*lera",1,v3_ofensivo_ofuscado,ofensivo_ofuscado|Sos un {t} y punto,Insulto,"Me da igual lo que digas, c*lera"
V3-00665,"Mientras más negros llegan, peor está todo 🥷",2,v3_emoji_clase2,emoji_clase2|emoji_🥷,Afrodescendientes,"Mientras más negros llegan, peor está todo :ninja:"
V3-00666,Los pobres sobran 🚽 en este país,2,v3_emoji_clase2,emoji_clase2|emoji_🚽,Migrantes y personas empobrecidas,Los pobres sobran :inodoro: en este país
V3-00667,Los negros son basura 🤮🙈,2,v3_emoji_clase2,emoji_clase2|emoji_🤮🙈,Personas racializadas,Los negros son basura :cara_vomitando: :mono_con_los_ojos_tapados:
V3-00668,Lo van a mandar a dormir,3,v3_amenaza_eufemismo,amenaza_eufemismo|eufemismo_simple,Amenaza Implícita,Lo van a mandar a dormir
V3-00669,"Qué asco das, perra",1,v3_ofensivo_ofuscado,ofensivo_ofuscado|Mirá al {t} este,Insulto,"Qué asco das, perra"
V3-00670,Ya son demasiados morenos en este país 🌑,2,v3_emoji_clase2,emoji_clase2|emoji_🌑,Personas racializadas,Ya son demasiados morenos en este país :luna_nueva:
V3-00671,Ningún hondureño debería estar aquí,2,v3_odio_grupo,odio_grupo|Ningún {gs} debería estar aquí,Xenofobia,Ningún hondureño debería estar aquí
V3-00672,"No jodás más, rid1cvlo",1,v3_ofensivo_ofuscado,"ofensivo_ofuscado|Andá a trabajar, {t}",Insulto,"No jodás más, rid1cvlo"
V3-00673,"Aquí no te queremos, gorron",2,v3_odio_ofuscado,"odio_ofuscado|Ojalá te deporten, {t}",Sexismo,"Aquí no te queremos, gorron"
V3-00674,"Gente como vos sobra, g.o.r.r.o.n.a",2,v3_odio_ofuscado,"odio_ofuscado|Por gente como vos está así el país, {t}",Sexismo,"Gente como vos sobra, g.o.r.r.o.n.a"
V3-00675,"Qué pereza leerte, p.e.d.o",1,v3_ofensivo_ofuscado,"ofensivo_ofuscado|Andá a trabajar, {t}",Palabras obscenas,"Qué pereza leerte, p.e.d.o"
V3-00676,"Ya lo mandé a traer, vos sabés 🔫",3,v3_emoji_clase3,emoji_clase3|emoji_🔫,Individuo,"Ya lo mandé a traer, vos sabés :pistola:"
V3-00677,Ese fasistaaa otra vez,1,v3_ofensivo_ofuscado,"ofensivo_ofuscado|Cerrá el hocico, {t}",Insulto,Ese fasistaaa otra vez
V3-00678,Ya viene el cipote con las pupusas,0,v3_jerga_notoxico,jerga_notoxico|Ya viene el {t} con las pupusas,,Ya viene el cipote con las pupusas
V3-00679,Sos un ch1ng4do y punto,1,v3_ofensivo_ofuscado,"ofensivo_ofuscado|Callate ya, {t}",Tono agresivo,Sos un ch1ng4do y punto
V3-00680,"Cerrá el hocico, pa*oma",1,v3_ofensivo_ofuscado,ofensivo_ofuscado|Sos un {t} y punto,Palabras obscenas,"Cerrá el hocico, pa*oma"
V3-00681,"No perteneces aquí, te*rorista",2,v3_odio_ofuscado,"odio_ofuscado|Por gente como vos está así el país, {t}",Xenofobia,"No perteneces aquí, te*rorista"
V3-00682,"Gente como vos sobra, negr",2,v3_odio_ofuscado,"odio_ofuscado|Por gente como vos está así el país, {t}",Racismo,"Gente como vos sobra, negr"
V3-00683,El chota está bien tranquilo hoy,0,v3_jerga_notoxico,jerga_notoxico|El {t} está bien tranquilo hoy,,El chota está bien tranquilo hoy
V3-00684,Mirá al prepaq0 este,1,v3_ofensivo_ofuscado,"ofensivo_ofuscado|Ya me hartaste, {t}",Insulto,Mirá al prepaq0 este
V3-00685,Los haitianos son puro estorbo y nadie lo dice,2,v3_odio_grupo,odio_grupo|Los {g} {p} y nadie lo dice,Xenofobia,Los haitianos son puro estorbo y nadie lo dice
V3-00686,Fuera los negros de nuestro país 🥷,2,v3_emoji_clase2,emoji_clase2|emoji_🥷,Afrodescendientes,Fuera los negros de nuestro país :ninja:
V3-00687,Conocí a un peruano muy amable ayer,0,v3_nacionalidad_notoxico,nacionalidad_notoxico|Conocí a un {gs} muy amable ayer,,Conocí a un peruano muy amable ayer
V3-00688,No respondo si lo llego a part1r anotalo,3,v3_amenaza_ofuscada,amenaza_ofuscada|No respondo si lo llego a {v},Amenaza Directa,No respondo si lo llego a part1r anotalo
V3-00689,"Qué asco das, p*rro",1,v3_ofensivo_ofuscado,"ofensivo_ofuscado|Sos lo peor que hay, {t}",Insulto,"Qué asco das, p*rro"
V3-00690,Si lo vuelvo a ver lo voy a quebrar te lo juro,3,v3_amenaza_ofuscada,amenaza_ofuscada|Si lo vuelvo a ver lo voy a {v},Amenaza Directa,Si lo vuelvo a ver lo voy a quebrar te lo juro
V3-00691,Que lo vayan a reven74r de una vez,3,v3_amenaza_ofuscada,amenaza_ofuscada|Que lo vayan a {v} de una vez,Amenaza Directa,Que lo vayan a reven74r de una vez
V3-00692,"Qué pereza leerte, imb3cil",1,v3_ofensivo_ofuscado,"ofensivo_ofuscado|Qué {t}, en serio",Insulto,"Qué pereza leerte, imb3cil"
V3-00693,Los venezolanos son escoria,2,v3_odio_grupo,odio_grupo|Los {g} {p},Xenofobia,Los venezolanos son escoria
V3-00694,"No jodás más, perrros",1,v3_ofensivo_ofuscado,"ofensivo_ofuscado|Otra vez vos, {t}",Insulto,"No jodás más, perrros"
V3-00695,"No jodás más, paj4",1,v3_ofensivo_ofuscado,"ofensivo_ofuscado|Qué pereza leerte, {t}",Insulto,"No jodás más, paj4"
V3-00696,Está chivo el examen de mañana,0,v3_jerga_notoxico,jerga_notoxico|Está {t} el examen de mañana,,Está chivo el examen de mañana
V3-00697,Tengo varios amigos haitianos en el trabajo,0,v3_nacionalidad_notoxico,nacionalidad_notoxico|Tengo varios amigos {g} en el trabajo,,Tengo varios amigos haitianos en el trabajo
V3-00698,Te vamos a bajar del bus,3,v3_amenaza_eufemismo,amenaza_eufemismo|eufemismo_simple,Amenaza Implícita,Te vamos a bajar del bus
V3-00699,"Sos lo peor que hay, cipoteee",1,v3_ofensivo_ofuscado,"ofensivo_ofuscado|Sos lo peor que hay, {t}",Palabras obscenas,"Sos lo peor que hay, cipoteee"
V3-00700,"Sos lo peor que hay, m*co",1,v3_ofensivo_ofuscado,"ofensivo_ofuscado|Qué asco das, {t}",Palabras obscenas,"Sos lo peor que hay, m*co"
V3-00701,"Qué asco das, p1ja",1,v3_ofensivo_ofuscado,"ofensivo_ofuscado|Cerrá el hocico, {t}",Palabras obscenas,"Qué asco das, p1ja"
V3-00702,"Ya me hartaste, hiju3puta",1,v3_ofensivo_ofuscado,ofensivo_ofuscado|Sos un {t} y punto,Insulto,"Ya me hartaste, hiju3puta"
V3-00703,Te van a golp34r si seguís así vas a ver,3,v3_amenaza_ofuscada,amenaza_ofuscada|Te van a {v} si seguís así,Amenaza Directa,Te van a golp34r si seguís así vas a ver
V3-00704,Tengo varios amigos venezolanos en el trabajo,0,v3_nacionalidad_notoxico,nacionalidad_notoxico|Tengo varios amigos {g} en el trabajo,,Tengo varios amigos venezolanos en el trabajo
V3-00705,Ningún chino debería estar aquí,2,v3_odio_grupo,odio_grupo|Ningún {gs} debería estar aquí,Xenofobia,Ningún chino debería estar aquí
V3-00706,"Que se vayan los judíos, dan asco 🙋‍♂️",2,v3_emoji_clase2,emoji_clase2|emoji_🙋‍♂️,Judíos,"Que se vayan los judíos, dan asco :persona_con_la_mano_levantada: :signo_masculino:"
V3-00707,Ya viene el bayunco con las pupusas,0,v3_jerga_notoxico,jerga_notoxico|Ya viene el {t} con las pupusas,,Ya viene el bayunco con las pupusas
V3-00708,"Odio a los hondureños, son basura",2,v3_odio_grupo,"odio_grupo|Odio a los {g}, {p}",Xenofobia,"Odio a los hondureños, son basura"
V3-00709,Ningún peruano debería estar aquí,2,v3_odio_grupo,odio_grupo|Ningún {gs} debería estar aquí,Xenofobia,Ningún peruano debería estar aquí
V3-00710,Prestame el dinero para el pasaje porfa,0,v3_jerga_control,jerga_control|Prestame el {t} para el pasaje porfa,,Prestame el dinero para el pasaje porfa
V3-00711,"Todo bien con el alero, no hay pleito",0,v3_jerga_notoxico,"jerga_notoxico|Todo bien con el {t}, no hay pleito",,"Todo bien con el alero, no hay pleito"
V3-00712,"Dejá de escribir, vesti4",1,v3_ofensivo_ofuscado,ofensivo_ofuscado|Ese {t} otra vez,Insulto,"Dejá de escribir, vesti4"
V3-00713,"Ya me hartaste, ch*co",1,v3_ofensivo_ofuscado,"ofensivo_ofuscado|Callate ya, {t}",Insulto,"Ya me hartaste, ch*co"
V3-00714,"No perteneces aquí, v*lieron verga",2,v3_odio_ofuscado,"odio_ofuscado|No perteneces aquí, {t}",Xenofobia,"No perteneces aquí, v*lieron verga"
V3-00715,"Todos los colombianos sobran en este país, sin excepción",2,v3_odio_grupo,"odio_grupo|Todos los {g} {p}, sin excepción",Xenofobia,"Todos los colombianos sobran en este país, sin excepción"
V3-00716,Fuera los indígenas de nuestro país 👨‍🌾🐒,2,v3_emoji_clase2,emoji_clase2|emoji_👨‍🌾🐒,Pueblos indígenas,Fuera los indígenas de nuestro país :hombre: :espiga_de_arroz: :mono:
V3-00717,Muchas gracias por la ayuda de ayer ☕,0,v3_emoji_benigno,emoji_benigno|benigno_☕,,Muchas gracias por la ayuda de ayer :bebida_caliente:
V3-00718,"No sabés nada, p.a.y.a.s.o",1,v3_ofensivo_ofuscado,"ofensivo_ofuscado|Qué pereza leerte, {t}",Insulto,"No sabés nada, p.a.y.a.s.o"
V3-00719,"Odio a los judíos, sobran en este país 🧃",2,v3_emoji_clase2,emoji_clase2|emoji_🧃,Judíos,"Odio a los judíos, sobran en este país :tetrabrik:"
V3-00720,Tengo varios amigos guatemaltecos en el trabajo,0,v3_nacionalidad_notoxico,nacionalidad_notoxico|Tengo varios amigos {g} en el trabajo,,Tengo varios amigos guatemaltecos en el trabajo
V3-00721,"Regresate de donde viniste, nargentin4",2,v3_odio_ofuscado,"odio_ofuscado|Da asco verte, {t}",Xenofobia,"Regresate de donde viniste, nargentin4"
V3-00722,Ese niño me cae bien la verdad,0,v3_jerga_control,jerga_control|Ese {t} me cae bien la verdad,,Ese niño me cae bien la verdad
V3-00723,Con un venezolano no se puede razonar,2,v3_odio_grupo,odio_grupo|Con un {gs} no se puede razonar,Xenofobia,Con un venezolano no se puede razonar
V3-00724,Ese despreciableee otra vez,1,v3_ofensivo_ofuscado,"ofensivo_ofuscado|Sos lo peor que hay, {t}",Insulto,Ese despreciableee otra vez
V3-00725,"Eso es lo que sos, un a$queroso",1,v3_ofensivo_ofuscado,ofensivo_ofuscado|Sos un {t} y punto,Insulto,"Eso es lo que sos, un a$queroso"
V3-00726,"Cerrá el 🇺🇸🦅💩 hocico, c*acalin",1,v3_emoji_clase1,emoji_clase1|emoji_🇺🇸🦅💩,Estadounidenses,"Cerrá el :bandera_estados_unidos: :águila: :caca_con_ojos: hocico, c*acalin"
V3-00727,"No hablés de lo que no sabés, bav0so",1,v3_ofensivo_ofuscado,"ofensivo_ofuscado|No jodás más, {t}",Insulto,"No hablés de lo que no sabés, bav0so"
V3-00728,"Voy a ir a tortur4rte a tu casa y no es amenaza, es aviso",3,v3_amenaza_ofuscada,amenaza_ofuscada|Voy a ir a {v}te a tu casa,Amenaza Directa,"Voy a ir a tortur4rte a tu casa y no es amenaza, es aviso"
V3-00729,Si lo vuelvo a ver lo voy a r3v3ntar,3,v3_amenaza_ofuscada,amenaza_ofuscada|Si lo vuelvo a ver lo voy a {v},Amenaza Directa,Si lo vuelvo a ver lo voy a r3v3ntar
V3-00730,"No hablés de lo que no sabés, desmadre",1,v3_ofensivo_ofuscado,ofensivo_ofuscado|Puro {t} el que escribió eso,Tono agresivo,"No hablés de lo que no sabés, desmadre"
V3-00731,La trabajo me tiene cansado esta semana,0,v3_jerga_control,jerga_control|La {t} me tiene cansado esta semana,,La trabajo me tiene cansado esta semana
V3-00732,Ya compré el bolado para el domingo ⚽,0,v3_emoji_benigno,emoji_benigno|benigno_⚽,,Ya compré el bolado para el domingo :balón_de_fútbol:
V3-00733,"No jodás más, c*rso",1,v3_ofensivo_ofuscado,"ofensivo_ofuscado|Hablando pura paja, {t}",nan,"No jodás más, c*rso"
V3-00734,"Sos lo peor que hay, chambro5o",1,v3_ofensivo_ofuscado,"ofensivo_ofuscado|Ya me hartaste, {t}",Insulto,"Sos lo peor que hay, chambro5o"
V3-00735,Vamos a tooorturar a ese maje ya vas a ver,3,v3_amenaza_ofuscada,amenaza_ofuscada|Vamos a {v} a ese maje,Amenaza Directa,Vamos a tooorturar a ese maje ya vas a ver
V3-00736,Se lo van a llevar los cheros esperame afuera,3,v3_amenaza_eufemismo,amenaza_eufemismo|eufemismo_con_cola,Amenaza Implícita,Se lo van a llevar los cheros esperame afuera
V3-00737,Puro zinverguenza el que escribió eso,1,v3_ofensivo_ofuscado,"ofensivo_ofuscado|Callate ya, {t}",Insulto,Puro zinverguenza el que escribió eso
V3-00738,Te voy a dar piso esperame afuera,3,v3_amenaza_eufemismo,amenaza_eufemismo|eufemismo_con_cola,Amenaza Implícita,Te voy a dar piso esperame afuera
V3-00739,Vinieron unos haitianos a la actividad,0,v3_nacionalidad_notoxico,nacionalidad_notoxico|Vinieron unos {g} a la actividad,,Vinieron unos haitianos a la actividad
V3-00740,"Mejor callate, f4zista",1,v3_ofensivo_ofuscado,"ofensivo_ofuscado|Andá a trabajar, {t}",Insulto,"Mejor callate, f4zista"
V3-00741,"Otra vez vos, z3 la pica",1,v3_ofensivo_ofuscado,ofensivo_ofuscado|Ese {t} otra vez,Palabras obscenas,"Otra vez vos, z3 la pica"
V3-00742,"Alguien debería q.u.e.b.r.a.r a ese tipo y no es amenaza, es aviso",3,v3_amenaza_ofuscada,amenaza_ofuscada|Alguien debería {v} a ese tipo,Amenaza Directa,"Alguien debería q.u.e.b.r.a.r a ese tipo y no es amenaza, es aviso"
V3-00743,"Ya me hartaste, desverqu3",1,v3_ofensivo_ofuscado,"ofensivo_ofuscado|Qué pereza leerte, {t}",Tono agresivo,"Ya me hartaste, desverqu3"
V3-00744,"Ya me hartaste, b.a.y.u.n.c.o",1,v3_ofensivo_ofuscado,"ofensivo_ofuscado|Eso es lo que sos, un {t}",Insulto,"Ya me hartaste, b.a.y.u.n.c.o"
V3-00745,Voy a ir a matarte a tu casa 🪦,3,v3_emoji_clase3,emoji_clase3|emoji_🪦,Individuo,Voy a ir a matarte a tu casa :lápida:
V3-00746,"No sabés nada, mantenida",1,v3_ofensivo_ofuscado,"ofensivo_ofuscado|Qué {t}, en serio",Insulto,"No sabés nada, mantenida"
V3-00747,"Ojalá te deporten, narg3ntin4",2,v3_odio_ofuscado,"odio_ofuscado|Aquí no te queremos, {t}",Xenofobia,"Ojalá te deporten, narg3ntin4"
V3-00748,"Odio a los mexicanos, son una plaga",2,v3_odio_grupo,"odio_grupo|Odio a los {g}, {p}",Xenofobia,"Odio a los mexicanos, son una plaga"
V3-00749,"Vaya chucho, nos vemos mañana entonces",0,v3_jerga_notoxico,"jerga_notoxico|Vaya {t}, nos vemos mañana entonces",,"Vaya chucho, nos vemos mañana entonces"
V3-00750,"No perteneces aquí, ch4piador4",2,v3_odio_ofuscado,"odio_ofuscado|Regresate de donde viniste, {t}",Sexismo,"No perteneces aquí, ch4piador4"
V3-00751,"Eso es lo que sos, un d*svergue",1,v3_ofensivo_ofuscado,"ofensivo_ofuscado|Volvé cuando aprendás, {t}",Tono agresivo,"Eso es lo que sos, un d*svergue"
V3-00752,"Andate a tu país, chapiador4",2,v3_odio_ofuscado,"odio_ofuscado|Andate a tu país, {t}",Sexismo,"Andate a tu país, chapiador4"
V3-00753,"Andate a tu país, negras",2,v3_odio_ofuscado,"odio_ofuscado|Ojalá te deporten, {t}",Racismo,"Andate a tu país, negras"
V3-00754,Voy a ir a c****rte a tu casa ya vas a ver,3,v3_amenaza_ofuscada,amenaza_ofuscada|Voy a ir a {v}te a tu casa,Amenaza Directa,Voy a ir a c****rte a tu casa ya vas a ver
V3-00755,"Qué asco das, 1diot4",1,v3_ofensivo_ofuscado,"ofensivo_ofuscado|Volvé cuando aprendás, {t}",Insulto,"Qué asco das, 1diot4"
V3-00756,Los colombianos traen unas recetas buenísimas,0,v3_nacionalidad_notoxico,nacionalidad_notoxico|Los {g} traen unas recetas buenísimas,,Los colombianos traen unas recetas buenísimas
V3-00757,"Volvé cuando aprendás, despr3ciable",1,v3_ofensivo_ofuscado,ofensivo_ofuscado|Ese {t} otra vez,Insulto,"Volvé cuando aprendás, despr3ciable"
V3-00758,🐒🇪🇨 Los sudacas son escoria y nadie lo dice,2,v3_emoji_clase2,emoji_clase2|emoji_🐒🇪🇨,Latinoamericanos,:mono: :bandera_ecuador: Los sudacas son escoria y nadie lo dice
V3-00759,Lo van a fusilar a ese ya vas a ver,3,v3_amenaza_ofuscada,amenaza_ofuscada|Lo van a {v} a ese,Amenaza Directa,Lo van a fusilar a ese ya vas a ver
V3-00760,El día amaneció bien bonito hoy,0,v3_jerga_control,jerga_control|El día amaneció bien {t} hoy,,El día amaneció bien bonito hoy
V3-00761,"exacto, qué alegre verte de nuevo",0,v3_jerga_control,"jerga_control|{t}, qué alegre verte de nuevo",,"exacto, qué alegre verte de nuevo"
V3-00762,Quedó chuco el trabajo que hicieron 🌮,0,v3_emoji_benigno,emoji_benigno|benigno_🌮,,Quedó chuco el trabajo que hicieron :taco:
V3-00763,"Aquí no te queremos, kuch3",2,v3_odio_ofuscado,"odio_ofuscado|Da asco verte, {t}",Homofobia,"Aquí no te queremos, kuch3"
V3-00764,Los peruanos tienen unas playas preciosas,0,v3_nacionalidad_notoxico,nacionalidad_notoxico|Los {g} tienen unas playas preciosas,,Los peruanos tienen unas playas preciosas
V3-00765,Vinieron unos nicaragüenses a la actividad,0,v3_nacionalidad_notoxico,nacionalidad_notoxico|Vinieron unos {g} a la actividad,,Vinieron unos nicaragüenses a la actividad
V3-00766,Le van a dar su vuelta 🧹,3,v3_emoji_clase3,emoji_clase3|emoji_🧹,Migrantes y grupos étnicos,Le van a dar su vuelta :escoba:
V3-00767,Ya son demasiados sudacas en este país 🐒🇸🇻,2,v3_emoji_clase2,emoji_clase2|emoji_🐒🇸🇻,Latinoamericanos,Ya son demasiados sudacas en este país :mono: :bandera_el_salvador:
V3-00768,Un peruano siempre va a ser un problema,2,v3_odio_grupo,odio_grupo|Un {gs} siempre va a ser un problema,Xenofobia,Un peruano siempre va a ser un problema
V3-00769,Sos un basvra y punto,1,v3_ofensivo_ofuscado,"ofensivo_ofuscado|Andate de aquí, {t}",Insulto,Sos un basvra y punto
V3-00770,"Los judíos son puro estorbo, así de simple 🙋‍♂️",2,v3_emoji_clase2,emoji_clase2|emoji_🙋‍♂️,Judíos,"Los judíos son puro estorbo, así de simple :persona_con_la_mano_levantada: :signo_masculino:"
V3-00771,"Ya cállese, p4loma",1,v3_ofensivo_ofuscado,"ofensivo_ofuscado|Me da igual lo que digas, {t}",Palabras obscenas,"Ya cállese, p4loma"
V3-00772,"Andate de aquí, 1di0ta",1,v3_ofensivo_ofuscado,"ofensivo_ofuscado|Hablando pura paja, {t}",Insulto,"Andate de aquí, 1di0ta"
V3-00773,La comida de los argentinos está buenísima,0,v3_nacionalidad_notoxico,nacionalidad_notoxico|La comida de los {g} está buenísima,,La comida de los argentinos está buenísima
V3-00774,"Qué pereza leerte, h!jueputa",1,v3_ofensivo_ofuscado,"ofensivo_ofuscado|No hablés de lo que no sabés, {t}",Insulto,"Qué pereza leerte, h!jueputa"
V3-00775,"Otra vez vos, mar1c0n",1,v3_ofensivo_ofuscado,"ofensivo_ofuscado|Qué {t}, en serio",Insulto,"Otra vez vos, mar1c0n"
V3-00776,"Dejá de escribir, chingado",1,v3_ofensivo_ofuscado,"ofensivo_ofuscado|Hablando pura paja, {t}",Tono agresivo,"Dejá de escribir, chingado"
V3-00777,El día amaneció bien difícil hoy,0,v3_jerga_control,jerga_control|El día amaneció bien {t} hoy,,El día amaneció bien difícil hoy
V3-00778,"Da asco verte, 1nd10",2,v3_odio_ofuscado,"odio_ofuscado|Andate a tu país, {t}",Racismo,"Da asco verte, 1nd10"
V3-00779,"Volvé cuando aprendás, r1dicvlo",1,v3_ofensivo_ofuscado,"ofensivo_ofuscado|Otra vez vos, {t}",Insulto,"Volvé cuando aprendás, r1dicvlo"
V3-00780,Vamos a golpear a ese maje esperame afuera,3,v3_amenaza_ofuscada,amenaza_ofuscada|Vamos a {v} a ese maje,Amenaza Directa,Vamos a golpear a ese maje esperame afuera
V3-00781,"Por gente como vos está así el país, tr0mpud0",2,v3_odio_ofuscado,"odio_ofuscado|No perteneces aquí, {t}",Racismo,"Por gente como vos está así el país, tr0mpud0"
V3-00782,"Está bien bonito el lugar, se los recomiendo",0,v3_jerga_control,"jerga_control|Está bien {t} el lugar, se los recomiendo",,"Está bien bonito el lugar, se los recomiendo"
V3-00783,"🐒🇲🇽 Mientras más latinos llegan, peor está todo",2,v3_emoji_clase2,emoji_clase2|emoji_🐒🇲🇽,Latinoamericanos,":mono: :bandera_méxico: Mientras más latinos llegan, peor está todo"
V3-00784,"Mientras más ancianos llegan, peor está todo 👴👻",2,v3_emoji_clase2,emoji_clase2|emoji_👴👻,Adultos mayores,"Mientras más ancianos llegan, peor está todo :anciano: :fantasma:"
V3-00785,"Ojalá te deporten, lesbian@",2,v3_odio_ofuscado,"odio_ofuscado|Gente como vos sobra, {t}",Homofobia,"Ojalá te deporten, lesbian@"
V3-00786,"Qué onda maje, todo bien por allá",0,v3_jerga_notoxico,"jerga_notoxico|Qué onda {t}, todo bien por allá",,"Qué onda maje, todo bien por allá"
V3-00787,Ya salieron las notas ☕ y me fue bien,0,v3_emoji_benigno,emoji_benigno|benigno_☕,,Ya salieron las notas :bebida_caliente: y me fue bien
V3-00788,Mi vecino es chino y es buena gente,0,v3_nacionalidad_notoxico,nacionalidad_notoxico|Mi vecino es {gs} y es buena gente,,Mi vecino es chino y es buena gente
V3-00789,El profesor nuevo es nicaragüense,0,v3_nacionalidad_notoxico,nacionalidad_notoxico|El profesor nuevo es {gs},,El profesor nuevo es nicaragüense
V3-00790,Un hondureño siempre va a ser un problema,2,v3_odio_grupo,odio_grupo|Un {gs} siempre va a ser un problema,Xenofobia,Un hondureño siempre va a ser un problema
V3-00791,Ya llegamos bien a la casa 👏,0,v3_emoji_benigno,emoji_benigno|benigno_👏,,Ya llegamos bien a la casa :manos_aplaudiendo:
V3-00792,Los tarados sobran en este país y nadie lo dice 🧠🚫,2,v3_emoji_clase2,emoji_clase2|emoji_🧠🚫,Personas con discapacidad intelectual,Los tarados sobran en este país y nadie lo dice :cerebro: :prohibido:
V3-00793,"Qué asco das, ching4do",1,v3_ofensivo_ofuscado,"ofensivo_ofuscado|Qué pereza leerte, {t}",Tono agresivo,"Qué asco das, ching4do"
V3-00794,Te van a fusilar si seguís así esperame afuera,3,v3_amenaza_ofuscada,amenaza_ofuscada|Te van a {v} si seguís así,Amenaza Directa,Te van a fusilar si seguís así esperame afuera
V3-00795,👏 El día amaneció bien chivo hoy,0,v3_emoji_benigno,emoji_benigno|benigno_👏,,:manos_aplaudiendo: El día amaneció bien chivo hoy
V3-00796,"Andá a trabajar, se la pic4",1,v3_ofensivo_ofuscado,ofensivo_ofuscado|Mirá al {t} este,Palabras obscenas,"Andá a trabajar, se la pic4"
V3-00797,Puro r*ta el que escribió eso,1,v3_ofensivo_ofuscado,"ofensivo_ofuscado|Cerrá el hocico, {t}",Insulto,Puro r*ta el que escribió eso
V3-00798,"Regresate de donde viniste, inm1qrante",2,v3_odio_ofuscado,"odio_ofuscado|Gente como vos sobra, {t}",Xenofobia,"Regresate de donde viniste, inm1qrante"
V3-00799,Fuera los retrasados de nuestro país 🤤,2,v3_emoji_clase2,emoji_clase2|emoji_🤤,Personas con discapacidad intelectual,Fuera los retrasados de nuestro país :cara_babeando:
V3-00800,"No jodás más, hij0puta",1,v3_ofensivo_ofuscado,"ofensivo_ofuscado|Ya cállese, {t}",Insulto,"No jodás más, hij0puta"
V3-00801,Los argentinos ganaron el partido de ayer,0,v3_nacionalidad_notoxico,nacionalidad_notoxico|Los {g} ganaron el partido de ayer,,Los argentinos ganaron el partido de ayer
V3-00802,"Qué asco das, se l@ pica",1,v3_ofensivo_ofuscado,ofensivo_ofuscado|Ese {t} otra vez,Palabras obscenas,"Qué asco das, se l@ pica"
V3-00803,Los mocosos sobran en este país y nadie lo dice 🍍,2,v3_emoji_clase2,emoji_clase2|emoji_🍍,Menores de edad,Los mocosos sobran en este país y nadie lo dice :piña:
V3-00804,Ya sabe lo que le espera ⚱️,3,v3_emoji_clase3,emoji_clase3|emoji_⚱️,Individuo,Ya sabe lo que le espera :urna_funeraria:
V3-00805,"Ya me hartaste, putas",1,v3_ofensivo_ofuscado,"ofensivo_ofuscado|Dejá de escribir, {t}",Palabras obscenas,"Ya me hartaste, putas"
V3-00806,No encuentro el pisto por ningún lado 🎉,0,v3_emoji_benigno,emoji_benigno|benigno_🎉,,No encuentro el pisto por ningún lado :cañón_de_confeti:
V3-00807,"Dejá de escribir, venqanza",1,v3_ofensivo_ofuscado,"ofensivo_ofuscado|Callate ya, {t}",nan,"Dejá de escribir, venqanza"
V3-00808,"Qué desverqve, en serio",1,v3_ofensivo_ofuscado,"ofensivo_ofuscado|Callate ya, {t}",Tono agresivo,"Qué desverqve, en serio"
V3-00809,"Qué onda perro, todo bien por allá",0,v3_jerga_control,"jerga_control|Qué onda {t}, todo bien por allá",,"Qué onda perro, todo bien por allá"
V3-00810,Los sudacas 🐒🇭🇳 son basura,2,v3_emoji_clase2,emoji_clase2|emoji_🐒🇭🇳,Latinoamericanos,Los sudacas :mono: :bandera_honduras: son basura
V3-00811,"Otra vez vos, f-a-s-i-s-t-a",1,v3_ofensivo_ofuscado,"ofensivo_ofuscado|Otra vez vos, {t}",Insulto,"Otra vez vos, f-a-s-i-s-t-a"
V3-00812,"Odio a los latinos, 🐒🇪🇨 sobran en este país",2,v3_emoji_clase2,emoji_clase2|emoji_🐒🇪🇨,Latinoamericanos,"Odio a los latinos, :mono: :bandera_ecuador: sobran en este país"
V3-00813,Ya compré el dinero para el domingo,0,v3_jerga_control,jerga_control|Ya compré el {t} para el domingo,,Ya compré el dinero para el domingo
V3-00814,"Eso es lo que sos, un escor14",1,v3_ofensivo_ofuscado,"ofensivo_ofuscado|Mejor callate, {t}",Insulto,"Eso es lo que sos, un escor14"
V3-00815,"Andá a trabajar, cvlero",1,v3_ofensivo_ofuscado,"ofensivo_ofuscado|Hablando pura paja, {t}",Insulto,"Andá a trabajar, cvlero"
V3-00816,"Callate ya, b-r-u-t-i-c-o",1,v3_ofensivo_ofuscado,"ofensivo_ofuscado|Qué {t}, en serio",Insulto,"Callate ya, b-r-u-t-i-c-o"
V3-00817,Lo van a f u s i l a r a ese ya vas a ver,3,v3_amenaza_ofuscada,amenaza_ofuscada|Lo van a {v} a ese,Amenaza Directa,Lo van a f u s i l a r a ese ya vas a ver
V3-00818,"Odio a los indígenas, son una plaga",2,v3_odio_grupo,"odio_grupo|Odio a los {g}, {p}",Xenofobia,"Odio a los indígenas, son una plaga"
V3-00819,"Ojalá te deporten, 4rr4strada",2,v3_odio_ofuscado,"odio_ofuscado|No perteneces aquí, {t}",Sexismo,"Ojalá te deporten, 4rr4strada"
V3-00820,"Qué pereza leerte, chambros",1,v3_ofensivo_ofuscado,"ofensivo_ofuscado|Eso es lo que sos, un {t}",Insulto,"Qué pereza leerte, chambros"
V3-00821,Me dan ganas de p a r t i rlo acordate de esto,3,v3_amenaza_ofuscada,amenaza_ofuscada|Me dan ganas de {v}lo,Amenaza Directa,Me dan ganas de p a r t i rlo acordate de esto
V3-00822,"Qué onda pajero, todo bien por allá",0,v3_jerga_notoxico,"jerga_notoxico|Qué onda {t}, todo bien por allá",,"Qué onda pajero, todo bien por allá"
V3-00823,"Otra vez vos, m4nt3n1d4",1,v3_ofensivo_ofuscado,"ofensivo_ofuscado|Dejá de escribir, {t}",Insulto,"Otra vez vos, m4nt3n1d4"
V3-00824,Saludos al bicho de mi parte,0,v3_jerga_notoxico,jerga_notoxico|Saludos al {t} de mi parte,,Saludos al bicho de mi parte
V3-00825,Uno de estos días lo van a r e v e n t a r ya vas a ver,3,v3_amenaza_ofuscada,amenaza_ofuscada|Uno de estos días lo van a {v},Amenaza Directa,Uno de estos días lo van a r e v e n t a r ya vas a ver
V3-00826,Los mexicanos traen unas recetas buenísimas,0,v3_nacionalidad_notoxico,nacionalidad_notoxico|Los {g} traen unas recetas buenísimas,,Los mexicanos traen unas recetas buenísimas
V3-00827,"No sabés nada, med1okre",1,v3_ofensivo_ofuscado,"ofensivo_ofuscado|Hablando pura paja, {t}",Insulto,"No sabés nada, med1okre"
V3-00828,Lo van a r.e.v.e.n.t.a.r a ese acordate de esto,3,v3_amenaza_ofuscada,amenaza_ofuscada|Lo van a {v} a ese,Amenaza Directa,Lo van a r.e.v.e.n.t.a.r a ese acordate de esto
V3-00829,"Odio a los migrantes, sobran en este país 🚽",2,v3_emoji_clase2,emoji_clase2|emoji_🚽,Migrantes y personas empobrecidas,"Odio a los migrantes, sobran en este país :inodoro:"
V3-00830,"Otra vez vos, fa*cista",1,v3_ofensivo_ofuscado,"ofensivo_ofuscado|Ya cállese, {t}",Insulto,"Otra vez vos, fa*cista"
V3-00831,"Todo bien con el chota, no hay pleito",0,v3_jerga_notoxico,"jerga_notoxico|Todo bien con el {t}, no hay pleito",,"Todo bien con el chota, no hay pleito"
V3-00832,Que lo vayan a b a l e a r de una vez anotalo,3,v3_amenaza_ofuscada,amenaza_ofuscada|Que lo vayan a {v} de una vez,Amenaza Directa,Que lo vayan a b a l e a r de una vez anotalo
V3-00833,"Qué pereza leerte, p4ja",1,v3_ofensivo_ofuscado,"ofensivo_ofuscado|Otra vez vos, {t}",Insulto,"Qué pereza leerte, p4ja"
V3-00834,Ese chota nunca falla cuando se le necesita,0,v3_jerga_notoxico,jerga_notoxico|Ese {t} nunca falla cuando se le necesita,,Ese chota nunca falla cuando se le necesita
V3-00835,"Dejá de escribir, p-i-p-i-a-n",1,v3_ofensivo_ofuscado,ofensivo_ofuscado|Puro {t} el que escribió eso,Insulto,"Dejá de escribir, p-i-p-i-a-n"
V3-00836,Deberían m.a.t.a.r a todos esos,3,v3_amenaza_ofuscada,amenaza_ofuscada|Deberían {v} a todos esos,Amenaza Directa,Deberían m.a.t.a.r a todos esos
V3-00837,"No jodás más, putaa",1,v3_ofensivo_ofuscado,ofensivo_ofuscado|Mirá al {t} este,Palabras obscenas,"No jodás más, putaa"
V3-00838,"Hablando pura paja, suvnormal",1,v3_ofensivo_ofuscado,"ofensivo_ofuscado|Hablando pura paja, {t}",Insulto,"Hablando pura paja, suvnormal"
V3-00839,Ya quisiera g0lpear a ese maje anotalo,3,v3_amenaza_ofuscada,amenaza_ofuscada|Ya quisiera {v} a ese maje,Amenaza Directa,Ya quisiera g0lpear a ese maje anotalo
V3-00840,Los cubanos juegan muy bien al fútbol,0,v3_nacionalidad_notoxico,nacionalidad_notoxico|Los {g} juegan muy bien al fútbol,,Los cubanos juegan muy bien al fútbol
V3-00841,Le van a 🔪 hacer la visita,3,v3_emoji_clase3,emoji_clase3|emoji_🔪,Individuo,Le van a :cuchillo_de_cocina: hacer la visita
V3-00842,"Odio a los migrantes, dan asco 🚽",2,v3_emoji_clase2,emoji_clase2|emoji_🚽,Migrantes y personas empobrecidas,"Odio a los migrantes, dan asco :inodoro:"
V3-00843,Ya sabe que va a amanecer tieso ese,3,v3_amenaza_eufemismo,amenaza_eufemismo|eufemismo_reportado,Amenaza Implícita,Ya sabe que va a amanecer tieso ese
V3-00844,Los obesos son puro estorbo y nadie lo dice 🐋🚫,2,v3_emoji_clase2,emoji_clase2|emoji_🐋🚫,Personas con sobrepeso,Los obesos son puro estorbo y nadie lo dice :ballena: :prohibido:
V3-00845,"Callate ya, fasista",1,v3_ofensivo_ofuscado,"ofensivo_ofuscado|Mejor callate, {t}",Insulto,"Callate ya, fasista"
V3-00846,"Todos los peruanos son mierda, sin excepción",2,v3_odio_grupo,"odio_grupo|Todos los {g} {p}, sin excepción",Xenofobia,"Todos los peruanos son mierda, sin excepción"
V3-00847,"Andate de aquí, cvl3ra",1,v3_ofensivo_ofuscado,"ofensivo_ofuscado|Nadie te preguntó, {t}",Insulto,"Andate de aquí, cvl3ra"
V3-00848,Fuera los hondureños de nuestro país,2,v3_odio_grupo,odio_grupo|Fuera los {g} de nuestro país,Xenofobia,Fuera los hondureños de nuestro país
V3-00849,"Mientras más negros 🌑 llegan, peor está todo",2,v3_emoji_clase2,emoji_clase2|emoji_🌑,Personas racializadas,"Mientras más negros :luna_nueva: llegan, peor está todo"
V3-00850,El equipo de los hondureños jugó limpio,0,v3_nacionalidad_notoxico,nacionalidad_notoxico|El equipo de los {g} jugó limpio,,El equipo de los hondureños jugó limpio
V3-00851,Los nicaragüenses son puro estorbo y nadie lo dice,2,v3_odio_grupo,odio_grupo|Los {g} {p} y nadie lo dice,Xenofobia,Los nicaragüenses son puro estorbo y nadie lo dice
V3-00852,Vamos a ma7ar a ese maje acordate de esto,3,v3_amenaza_ofuscada,amenaza_ofuscada|Vamos a {v} a ese maje,Amenaza Directa,Vamos a ma7ar a ese maje acordate de esto
V3-00853,"Todos los retrasados dan asco, sin excepción 🧠❓",2,v3_emoji_clase2,emoji_clase2|emoji_🧠❓,Personas con discapacidad intelectual,"Todos los retrasados dan asco, sin excepción :cerebro: :interrogación_roja:"
V3-00854,Sos un maje o*ico y punto,1,v3_jerga_ofensivo,jerga_ofensivo|Sos un {t} y punto,Insulto Directo,Sos un maje o*ico y punto
V3-00855,Decile que ya sabe lo que le espera,3,v3_amenaza_eufemismo,amenaza_eufemismo|eufemismo_reportado,Amenaza Implícita,Decile que ya sabe lo que le espera
V3-00856,"Volvé cuando aprendás, dezpreciable",1,v3_ofensivo_ofuscado,ofensivo_ofuscado|Puro {t} el que escribió eso,Insulto,"Volvé cuando aprendás, dezpreciable"
V3-00857,Voy a ir a f*****rte a tu casa vas a ver,3,v3_amenaza_ofuscada,amenaza_ofuscada|Voy a ir a {v}te a tu casa,Amenaza Directa,Voy a ir a f*****rte a tu casa vas a ver
V3-00858,"Da asco verte, n4rqentina",2,v3_odio_ofuscado,"odio_ofuscado|Gente como vos sobra, {t}",Xenofobia,"Da asco verte, n4rqentina"
V3-00859,"Mejor callate, verqazo",1,v3_ofensivo_ofuscado,"ofensivo_ofuscado|Sos lo peor que hay, {t}",Palabras obscenas,"Mejor callate, verqazo"
V3-00860,"No perteneces aquí, arra$trada",2,v3_odio_ofuscado,"odio_ofuscado|Da asco verte, {t}",Sexismo,"No perteneces aquí, arra$trada"
V3-00861,Fuera los retrasados de nuestro país 🧠❓,2,v3_emoji_clase2,emoji_clase2|emoji_🧠❓,Personas con discapacidad intelectual,Fuera los retrasados de nuestro país :cerebro: :interrogación_roja:
V3-00862,Le van 🔪 a pasar factura,3,v3_emoji_clase3,emoji_clase3|emoji_🔪,Individuo,Le van :cuchillo_de_cocina: a pasar factura
V3-00863,"Mejor callate, v3rgaz0",1,v3_ofensivo_ofuscado,ofensivo_ofuscado|Mirá al {t} este,Palabras obscenas,"Mejor callate, v3rgaz0"
V3-00864,"Me da igual lo que digas, maitr",1,v3_ofensivo_ofuscado,"ofensivo_ofuscado|Cerrá el hocico, {t}",Insulto,"Me da igual lo que digas, maitr"
V3-00865,"Odio a los judíos, no son gente 🧼",2,v3_emoji_clase2,emoji_clase2|emoji_🧼,Judíos,"Odio a los judíos, no son gente :jabón:"
V3-00866,"Qué pereza leerte, pedo",1,v3_ofensivo_ofuscado,"ofensivo_ofuscado|Qué {t}, en serio",Palabras obscenas,"Qué pereza leerte, pedo"
V3-00867,Qué bueno que ya te sentís mejor 🎂,0,v3_emoji_benigno,emoji_benigno|benigno_🎂,,Qué bueno que ya te sentís mejor :tarta_de_cumpleaños:
V3-00868,"Qué pereza leerte, kulero",1,v3_ofensivo_ofuscado,"ofensivo_ofuscado|No sabés nada, {t}",Insulto,"Qué pereza leerte, kulero"
V3-00869,"Odio a los cubanos, sobran en este país",2,v3_odio_grupo,"odio_grupo|Odio a los {g}, {p}",Xenofobia,"Odio a los cubanos, sobran en este país"
V3-00870,"Mientras más colombianos llegan, peor está todo",2,v3_odio_grupo,"odio_grupo|Mientras más {g} llegan, peor está todo",Xenofobia,"Mientras más colombianos llegan, peor está todo"
V3-00871,Los haitianos ganaron el partido de ayer,0,v3_nacionalidad_notoxico,nacionalidad_notoxico|Los {g} ganaron el partido de ayer,,Los haitianos ganaron el partido de ayer
V3-00872,Se me olvidó el pelota en la casa,0,v3_jerga_control,jerga_control|Se me olvidó el {t} en la casa,,Se me olvidó el pelota en la casa
V3-00873,"Si lo vuelvo a ver lo voy a m***r y no es amenaza, es aviso",3,v3_amenaza_ofuscada,amenaza_ofuscada|Si lo vuelvo a ver lo voy a {v},Amenaza Directa,"Si lo vuelvo a ver lo voy a m***r y no es amenaza, es aviso"
V3-00874,"No sabés nada, pu*o",1,v3_ofensivo_ofuscado,"ofensivo_ofuscado|Ya cállese, {t}",Palabras obscenas,"No sabés nada, pu*o"
V3-00875,Ojalá lo linch4ren pronto vas a ver,3,v3_amenaza_ofuscada,amenaza_ofuscada|Ojalá lo {v}en pronto,Amenaza Directa,Ojalá lo linch4ren pronto vas a ver
V3-00876,"puchica, qué alegre verte de nuevo",0,v3_jerga_notoxico,"jerga_notoxico|{t}, qué alegre verte de nuevo",,"puchica, qué alegre verte de nuevo"
V3-00877,Ya son demasiados indios en este país 👨‍🌾🐒,2,v3_emoji_clase2,emoji_clase2|emoji_👨‍🌾🐒,Pueblos indígenas,Ya son demasiados indios en este país :hombre: :espiga_de_arroz: :mono:
V3-00878,Ese jura siempre llega tarde pero llega,0,v3_jerga_notoxico,jerga_notoxico|Ese {t} siempre llega tarde pero llega,,Ese jura siempre llega tarde pero llega
V3-00879,Ese chota es mi mejor amigo desde la escuela,0,v3_jerga_notoxico,jerga_notoxico|Ese {t} es mi mejor amigo desde la escuela,,Ese chota es mi mejor amigo desde la escuela
V3-00880,"Todos los viejos son puro estorbo, sin excepción 👴💀",2,v3_emoji_clase2,emoji_clase2|emoji_👴💀,Adultos mayores,"Todos los viejos son puro estorbo, sin excepción :anciano: :calavera:"
V3-00881,"Eso es lo que sos, un hijv3puta",1,v3_ofensivo_ofuscado,"ofensivo_ofuscado|Cerrá el hocico, {t}",Insulto,"Eso es lo que sos, un hijv3puta"
V3-00882,Los muertos de hambre no son gente 🐶,2,v3_emoji_clase2,emoji_clase2|emoji_🐶,Personas en situación de pobreza,Los muertos de hambre no son gente :cara_de_perro:
V3-00883,Ese pajero es mi mejor amigo desde la escuela,0,v3_jerga_notoxico,jerga_notoxico|Ese {t} es mi mejor amigo desde la escuela,,Ese pajero es mi mejor amigo desde la escuela
V3-00884,Con gusto lo m***rría yo mismo te lo juro,3,v3_amenaza_ofuscada,amenaza_ofuscada|Con gusto lo {v}ría yo mismo,Amenaza Directa,Con gusto lo m***rría yo mismo te lo juro
V3-00885,"Andate a tu país, parasitar",2,v3_odio_ofuscado,"odio_ofuscado|Aquí no te queremos, {t}",Xenofobia,"Andate a tu país, parasitar"
V3-00886,Los retrasados son mierda y nadie lo dice 🗣️👊🤤,2,v3_emoji_clase2,emoji_clase2|emoji_🗣️👊🤤,Personas con discapacidad intelectual,Los retrasados son mierda y nadie lo dice :cabeza_parlante: :puño_cerrado: :cara_babeando:
V3-00887,"Ya me hartaste, id!ota",1,v3_ofensivo_ofuscado,ofensivo_ofuscado|Ese {t} otra vez,Insulto,"Ya me hartaste, id!ota"
V3-00888,"Mientras más brutos llegan, peor está todo 😈📕",2,v3_emoji_clase2,emoji_clase2|emoji_😈📕,Personas con baja educación,"Mientras más brutos llegan, peor está todo :cara_sonriendo_con_cuernos: :libro_cerrado:"
V3-00889,"Los nicaragüenses son puro estorbo, así de simple",2,v3_odio_grupo,"odio_grupo|Los {g} {p}, así de simple",Xenofobia,"Los nicaragüenses son puro estorbo, así de simple"
V3-00890,"Qué onda bicho, todo bien por allá",0,v3_jerga_notoxico,"jerga_notoxico|Qué onda {t}, todo bien por allá",,"Qué onda bicho, todo bien por allá"
V3-00891,"Eso es lo que sos, un verqa",1,v3_ofensivo_ofuscado,"ofensivo_ofuscado|Qué pereza leerte, {t}",Palabras obscenas,"Eso es lo que sos, un verqa"
V3-00892,"Otra vez vos, p.a.t.a.d.a",1,v3_ofensivo_ofuscado,"ofensivo_ofuscado|Ya me hartaste, {t}",nan,"Otra vez vos, p.a.t.a.d.a"
V3-00893,El día amaneció bien tuanis hoy,0,v3_jerga_notoxico,jerga_notoxico|El día amaneció bien {t} hoy,,El día amaneció bien tuanis hoy
V3-00894,"Andate de aquí, cvl3s",1,v3_ofensivo_ofuscado,"ofensivo_ofuscado|Qué asco das, {t}",Palabras obscenas,"Andate de aquí, cvl3s"
V3-00895,"Ya cállese, p-i-j-a",1,v3_ofensivo_ofuscado,"ofensivo_ofuscado|No hablés de lo que no sabés, {t}",Palabras obscenas,"Ya cállese, p-i-j-a"
V3-00896,Puro put@ el que escribió eso,1,v3_ofensivo_ofuscado,ofensivo_ofuscado|Sos un {t} y punto,Palabras obscenas,Puro put@ el que escribió eso
V3-00897,Ya salieron las notas y me fue bien 🥳,0,v3_emoji_benigno,emoji_benigno|benigno_🥳,,Ya salieron las notas y me fue bien :cara_de_fiesta:
V3-00898,Que lo vayan a qu3mar de una vez esperame afuera,3,v3_amenaza_ofuscada,amenaza_ofuscada|Que lo vayan a {v} de una vez,Amenaza Directa,Que lo vayan a qu3mar de una vez esperame afuera
V3-00899,"Hablando pura paja, pistooo",1,v3_ofensivo_ofuscado,"ofensivo_ofuscado|Qué asco das, {t}",Insulto,"Hablando pura paja, pistooo"
V3-00900,"Volvé cuando aprendás, maricón",1,v3_ofensivo_ofuscado,"ofensivo_ofuscado|Andate de aquí, {t}",Insulto,"Volvé cuando aprendás, maricón"
V3-00901,Los haitianos tienen unas playas preciosas,0,v3_nacionalidad_notoxico,nacionalidad_notoxico|Los {g} tienen unas playas preciosas,,Los haitianos tienen unas playas preciosas
V3-00902,"Dejá de escribir, 0sic0",1,v3_ofensivo_ofuscado,"ofensivo_ofuscado|Qué asco das, {t}",Insulto,"Dejá de escribir, 0sic0"
V3-00903,El payaso está bien tranquilo hoy,0,v3_jerga_control,jerga_control|El {t} está bien tranquilo hoy,,El payaso está bien tranquilo hoy
V3-00904,"Qué asco das, f*sista",1,v3_ofensivo_ofuscado,"ofensivo_ofuscado|No sabés nada, {t}",Insulto,"Qué asco das, f*sista"
V3-00905,Vamos a ver al perro el domingo,0,v3_jerga_control,jerga_control|Vamos a ver al {t} el domingo,,Vamos a ver al perro el domingo
V3-00906,"Sos lo peor que hay, inept",1,v3_ofensivo_ofuscado,ofensivo_ofuscado|Ese {t} otra vez,Insulto,"Sos lo peor que hay, inept"
V3-00907,Con un haitiano no se puede razonar,2,v3_odio_grupo,odio_grupo|Con un {gs} no se puede razonar,Xenofobia,Con un haitiano no se puede razonar
V3-00908,"Callate ya, alero f4scizta",1,v3_jerga_ofensivo,"jerga_ofensivo|Callate ya, {t}",Insulto Directo,"Callate ya, alero f4scizta"
V3-00909,Qué buena estuvo la trabajo de anoche,0,v3_jerga_control,jerga_control|Qué buena estuvo la {t} de anoche,,Qué buena estuvo la trabajo de anoche
V3-00910,Quedó sucio el trabajo que hicieron,0,v3_jerga_control,jerga_control|Quedó {t} el trabajo que hicieron,,Quedó sucio el trabajo que hicieron
V3-00911,Los chinos ganaron el partido de ayer,0,v3_nacionalidad_notoxico,nacionalidad_notoxico|Los {g} ganaron el partido de ayer,,Los chinos ganaron el partido de ayer
V3-00912,"Que se vayan 🧼 los judíos, son escoria",2,v3_emoji_clase2,emoji_clase2|emoji_🧼,Judíos,"Que se vayan :jabón: los judíos, son escoria"
V3-00913,Le van a quitar ⚱️ las ganas de hablar,3,v3_emoji_clase3,emoji_clase3|emoji_⚱️,Individuo,Le van a quitar :urna_funeraria: las ganas de hablar
V3-00914,"No jodás más, ch0lko",1,v3_ofensivo_ofuscado,"ofensivo_ofuscado|Mejor callate, {t}",Insulto,"No jodás más, ch0lko"
V3-00915,Fuera los gordos de nuestro país 🐋,2,v3_emoji_clase2,emoji_clase2|emoji_🐋,Personas con sobrepeso,Fuera los gordos de nuestro país :ballena:
V3-00916,Se va a topar con quien no debe,3,v3_amenaza_eufemismo,amenaza_eufemismo|eufemismo_simple,Amenaza Implícita,Se va a topar con quien no debe
V3-00917,Trabajo con un peruano muy responsable,0,v3_nacionalidad_notoxico,nacionalidad_notoxico|Trabajo con un {gs} muy responsable,,Trabajo con un peruano muy responsable
V3-00918,"Andate a tu país, valieron verg4",2,v3_odio_ofuscado,"odio_ofuscado|Aquí no te queremos, {t}",Xenofobia,"Andate a tu país, valieron verg4"
V3-00919,"Todos los pobres son una plaga, sin excepción 🐶",2,v3_emoji_clase2,emoji_clase2|emoji_🐶,Personas en situación de pobreza,"Todos los pobres son una plaga, sin excepción :cara_de_perro:"
V3-00920,"Qué asco das, 0sico",1,v3_ofensivo_ofuscado,"ofensivo_ofuscado|Me da igual lo que digas, {t}",Insulto,"Qué asco das, 0sico"
V3-00921,Sos un khimvadas y punto,1,v3_ofensivo_ofuscado,"ofensivo_ofuscado|Nadie te preguntó, {t}",Palabras obscenas,Sos un khimvadas y punto
V3-00922,"Vaya chota, nos vemos mañana entonces",0,v3_jerga_notoxico,"jerga_notoxico|Vaya {t}, nos vemos mañana entonces",,"Vaya chota, nos vemos mañana entonces"
V3-00923,Deberían b.a.l.e.a.r a todos esos anotalo,3,v3_amenaza_ofuscada,amenaza_ofuscada|Deberían {v} a todos esos,Amenaza Directa,Deberían b.a.l.e.a.r a todos esos anotalo
V3-00924,Lo van a bajar del caballo ⚱️,3,v3_emoji_clase3,emoji_clase3|emoji_⚱️,Individuo,Lo van a bajar del caballo :urna_funeraria:
V3-00925,"Qué asco das, cursooo",1,v3_ofensivo_ofuscado,"ofensivo_ofuscado|No jodás más, {t}",nan,"Qué asco das, cursooo"
V3-00926,"Gente como vos sobra, valieron v3rg4",2,v3_odio_ofuscado,"odio_ofuscado|Gente como vos sobra, {t}",Xenofobia,"Gente como vos sobra, valieron v3rg4"
V3-00927,Ese perro es mi mejor amigo desde la escuela,0,v3_jerga_control,jerga_control|Ese {t} es mi mejor amigo desde la escuela,,Ese perro es mi mejor amigo desde la escuela
V3-00928,Te van a t.o.r.t.u.r.a.r si seguís así,3,v3_amenaza_ofuscada,amenaza_ofuscada|Te van a {v} si seguís así,Amenaza Directa,Te van a t.o.r.t.u.r.a.r si seguís así
V3-00929,Ya sabe lo 🔫 que le espera,3,v3_emoji_clase3,emoji_clase3|emoji_🔫,Individuo,Ya sabe lo :pistola: que le espera
V3-00930,Ningún nicaragüense debería estar aquí,2,v3_odio_grupo,odio_grupo|Ningún {gs} debería estar aquí,Xenofobia,Ningún nicaragüense debería estar aquí
V3-00931,Los retrasados son escoria 🧠❓,2,v3_emoji_clase2,emoji_clase2|emoji_🧠❓,Personas con discapacidad intelectual,Los retrasados son escoria :cerebro: :interrogación_roja:
V3-00932,Nos vemos en la chamba del sábado 😂,0,v3_emoji_benigno,emoji_benigno|benigno_😂,,Nos vemos en la chamba del sábado :cara_llorando_de_risa:
V3-00933,Conocí a un chino muy amable ayer,0,v3_nacionalidad_notoxico,nacionalidad_notoxico|Conocí a un {gs} muy amable ayer,,Conocí a un chino muy amable ayer
V3-00934,Los peruanos juegan muy bien al fútbol,0,v3_nacionalidad_notoxico,nacionalidad_notoxico|Los {g} juegan muy bien al fútbol,,Los peruanos juegan muy bien al fútbol
V3-00935,Con un chino no se puede razonar,2,v3_odio_grupo,odio_grupo|Con un {gs} no se puede razonar,Xenofobia,Con un chino no se puede razonar
V3-00936,"Otra vez vos, k4chudo",1,v3_ofensivo_ofuscado,"ofensivo_ofuscado|Andate de aquí, {t}",Insulto,"Otra vez vos, k4chudo"
V3-00937,"Vamos a a******r a ese maje y no es amenaza, es aviso",3,v3_amenaza_ofuscada,amenaza_ofuscada|Vamos a {v} a ese maje,Amenaza Directa,"Vamos a a******r a ese maje y no es amenaza, es aviso"
V3-00938,"No perteneces aquí, m@rero",2,v3_odio_ofuscado,"odio_ofuscado|Da asco verte, {t}",Xenofobia,"No perteneces aquí, m@rero"
V3-00939,"Me da igual lo que digas, p*ja",1,v3_ofensivo_ofuscado,"ofensivo_ofuscado|Cerrá el hocico, {t}",Palabras obscenas,"Me da igual lo que digas, p*ja"
V3-00940,"A ese hay que m474rlo antes de que siga y no es amenaza, es aviso",3,v3_amenaza_ofuscada,amenaza_ofuscada|A ese hay que {v}lo antes de que siga,Amenaza Directa,"A ese hay que m474rlo antes de que siga y no es amenaza, es aviso"
V3-00941,Los indígenas dan asco,2,v3_odio_grupo,odio_grupo|Los {g} {p},Xenofobia,Los indígenas dan asco
V3-00942,"🪳 Mientras más indios llegan, peor está todo",2,v3_emoji_clase2,emoji_clase2|emoji_🪳,Migrantes y grupos étnicos,":cucaracha: Mientras más indios llegan, peor está todo"
V3-00943,"Ya cállese, ignorante",1,v3_ofensivo_ofuscado,ofensivo_ofuscado|Sos un {t} y punto,Insulto,"Ya cállese, ignorante"
V3-00944,Ese chambroz0 otra vez,1,v3_ofensivo_ofuscado,"ofensivo_ofuscado|Callate ya, {t}",Insulto,Ese chambroz0 otra vez
V3-00945,"Ya me hartaste, pizto",1,v3_ofensivo_ofuscado,"ofensivo_ofuscado|Ya cállese, {t}",Insulto,"Ya me hartaste, pizto"
V3-00946,Ese t*agandosela otra vez,1,v3_ofensivo_ofuscado,"ofensivo_ofuscado|Otra vez vos, {t}",Palabras obscenas,Ese t*agandosela otra vez
V3-00947,"Andate a tu país, trompvdo",2,v3_odio_ofuscado,"odio_ofuscado|Ojalá te deporten, {t}",Racismo,"Andate a tu país, trompvdo"
V3-00948,Los indígenas traen unas recetas buenísimas,0,v3_nacionalidad_notoxico,nacionalidad_notoxico|Los {g} traen unas recetas buenísimas,,Los indígenas traen unas recetas buenísimas
V3-00949,"Que lo vayan a fus1lar de una vez y no es amenaza, es aviso",3,v3_amenaza_ofuscada,amenaza_ofuscada|Que lo vayan a {v} de una vez,Amenaza Directa,"Que lo vayan a fus1lar de una vez y no es amenaza, es aviso"
V3-00950,"Que se vayan 👴💀 los ancianos, son mierda",2,v3_emoji_clase2,emoji_clase2|emoji_👴💀,Adultos mayores,"Que se vayan :anciano: :calavera: los ancianos, son mierda"
V3-00951,"Regresate de donde viniste, le5biana",2,v3_odio_ofuscado,"odio_ofuscado|Ojalá te deporten, {t}",Homofobia,"Regresate de donde viniste, le5biana"
V3-00952,"Regresate de donde viniste, narqent1na",2,v3_odio_ofuscado,"odio_ofuscado|Regresate de donde viniste, {t}",Xenofobia,"Regresate de donde viniste, narqent1na"
V3-00953,Saludos al cerote de mi parte,0,v3_jerga_notoxico,jerga_notoxico|Saludos al {t} de mi parte,,Saludos al cerote de mi parte
V3-00954,Los chinos juegan muy bien al fútbol,0,v3_nacionalidad_notoxico,nacionalidad_notoxico|Los {g} juegan muy bien al fútbol,,Los chinos juegan muy bien al fútbol
V3-00955,Ya compré el pisto para el domingo,0,v3_jerga_notoxico,jerga_notoxico|Ya compré el {t} para el domingo,,Ya compré el pisto para el domingo
V3-00956,Ya son demasiados hondureños en este país,2,v3_odio_grupo,odio_grupo|Ya son demasiados {g} en este país,Xenofobia,Ya son demasiados hondureños en este país
V3-00957,Ese pajero siempre llega tarde pero llega,0,v3_jerga_notoxico,jerga_notoxico|Ese {t} siempre llega tarde pero llega,,Ese pajero siempre llega tarde pero llega
V3-00958,Ese pajero me ☕ cae bien la verdad,0,v3_emoji_benigno,emoji_benigno|benigno_☕,,Ese pajero me :bebida_caliente: cae bien la verdad
V3-00959,Alguien debería f u s i l a r a ese tipo ya vas a ver,3,v3_amenaza_ofuscada,amenaza_ofuscada|Alguien debería {v} a ese tipo,Amenaza Directa,Alguien debería f u s i l a r a ese tipo ya vas a ver
V3-00960,Ya le pusieron precio a ese,3,v3_amenaza_eufemismo,amenaza_eufemismo|eufemismo_simple,Amenaza Implícita,Ya le pusieron precio a ese
V3-00961,Con un cubano no se puede razonar,2,v3_odio_grupo,odio_grupo|Con un {gs} no se puede razonar,Xenofobia,Con un cubano no se puede razonar
V3-00962,Qué bueno que ya te sentís mejor ❤️,0,v3_emoji_benigno,emoji_benigno|benigno_❤️,,Qué bueno que ya te sentís mejor :corazón_rojo:
V3-00963,Mirá al burros este,1,v3_ofensivo_ofuscado,ofensivo_ofuscado|Sos un {t} y punto,Insulto,Mirá al burros este
V3-00964,Te vamos a bajar del bus 🧹👷,3,v3_emoji_clase3,emoji_clase3|emoji_🧹👷,Migrantes y grupos étnicos,Te vamos a bajar del bus :escoba: :profesional_de_la_construcción:
V3-00965,Ese chota siempre llega tarde pero llega,0,v3_jerga_notoxico,jerga_notoxico|Ese {t} siempre llega tarde pero llega,,Ese chota siempre llega tarde pero llega
V3-00966,"Andate de aquí, muerto de hamvre",1,v3_ofensivo_ofuscado,ofensivo_ofuscado|Sos un {t} y punto,Insulto,"Andate de aquí, muerto de hamvre"
V3-00967,"Nadie te preguntó, estup1d0",1,v3_ofensivo_ofuscado,"ofensivo_ofuscado|No sabés nada, {t}",Insulto,"Nadie te preguntó, estup1d0"
V3-00968,"Todos los migrantes son una plaga, sin excepción 🐀",2,v3_emoji_clase2,emoji_clase2|emoji_🐀,Migrantes y personas empobrecidas,"Todos los migrantes son una plaga, sin excepción :rata:"
V3-00969,Fuera los venezolanos de nuestro país,2,v3_odio_grupo,odio_grupo|Fuera los {g} de nuestro país,Xenofobia,Fuera los venezolanos de nuestro país
V3-00970,"Eso es lo que sos, un maldita",1,v3_ofensivo_ofuscado,"ofensivo_ofuscado|Hablando pura paja, {t}",Tono agresivo,"Eso es lo que sos, un maldita"
V3-00971,Me gusta mucho la música de los peruanos,0,v3_nacionalidad_notoxico,nacionalidad_notoxico|Me gusta mucho la música de los {g},,Me gusta mucho la música de los peruanos
V3-00972,Uno de estos días lo van a p.a.r.t.i.r ya vas a ver,3,v3_amenaza_ofuscada,amenaza_ofuscada|Uno de estos días lo van a {v},Amenaza Directa,Uno de estos días lo van a p.a.r.t.i.r ya vas a ver
V3-00973,"Aquí no te queremos, terrorist",2,v3_odio_ofuscado,"odio_ofuscado|Aquí no te queremos, {t}",Xenofobia,"Aquí no te queremos, terrorist"
V3-00974,Ya quisiera b a l e a r a ese maje anotalo,3,v3_amenaza_ofuscada,amenaza_ofuscada|Ya quisiera {v} a ese maje,Amenaza Directa,Ya quisiera b a l e a r a ese maje anotalo
V3-00975,Fuera los judíos de nuestro país 🧼,2,v3_emoji_clase2,emoji_clase2|emoji_🧼,Judíos,Fuera los judíos de nuestro país :jabón:
V3-00976,"Qué pereza leerte, v@go",1,v3_ofensivo_ofuscado,"ofensivo_ofuscado|Nadie te preguntó, {t}",Insulto,"Qué pereza leerte, v@go"
V3-00977,"Otra vez vos, chucho d3zvergue",1,v3_jerga_ofensivo,"jerga_ofensivo|Otra vez vos, {t}",Insulto Directo,"Otra vez vos, chucho d3zvergue"
V3-00978,"Nadie te preguntó, c*ambroso",1,v3_ofensivo_ofuscado,"ofensivo_ofuscado|No hablés de lo que no sabés, {t}",Insulto,"Nadie te preguntó, c*ambroso"
V3-00979,"Andate a tu país, ch4piadora",2,v3_odio_ofuscado,"odio_ofuscado|Ojalá te deporten, {t}",Sexismo,"Andate a tu país, ch4piadora"
V3-00980,"Mientras más retrasados llegan, peor está todo 🤤",2,v3_emoji_clase2,emoji_clase2|emoji_🤤,Personas con discapacidad intelectual,"Mientras más retrasados llegan, peor está todo :cara_babeando:"
V3-00981,Ese chero me cae bien la verdad,0,v3_jerga_notoxico,jerga_notoxico|Ese {t} me cae bien la verdad,,Ese chero me cae bien la verdad
V3-00982,"No sabés nada, p.i.j.a",1,v3_ofensivo_ofuscado,"ofensivo_ofuscado|Dejá de escribir, {t}",Palabras obscenas,"No sabés nada, p.i.j.a"
V3-00983,Ese maje me cae bien la verdad,0,v3_jerga_notoxico,jerga_notoxico|Ese {t} me cae bien la verdad,,Ese maje me cae bien la verdad
V3-00984,"puchica, qué 🥳 bonito amaneció hoy",0,v3_emoji_benigno,emoji_benigno|benigno_🥳,,"puchica, qué :cara_de_fiesta: bonito amaneció hoy"
V3-00985,Vamos a paaartir a ese maje te lo juro,3,v3_amenaza_ofuscada,amenaza_ofuscada|Vamos a {v} a ese maje,Amenaza Directa,Vamos a paaartir a ese maje te lo juro
V3-00986,"Andate a tu país, pandiller0",2,v3_odio_ofuscado,"odio_ofuscado|Ojalá te deporten, {t}",Xenofobia,"Andate a tu país, pandiller0"
V3-00987,"Mientras más tarados llegan, peor está todo 🧠❓",2,v3_emoji_clase2,emoji_clase2|emoji_🧠❓,Personas con discapacidad intelectual,"Mientras más tarados llegan, peor está todo :cerebro: :interrogación_roja:"
V3-00988,Saludos al chota de mi parte,0,v3_jerga_notoxico,jerga_notoxico|Saludos al {t} de mi parte,,Saludos al chota de mi parte
V3-00989,Trabajo con un cubano muy responsable,0,v3_nacionalidad_notoxico,nacionalidad_notoxico|Trabajo con un {gs} muy responsable,,Trabajo con un cubano muy responsable
V3-00990,Ese ya se fue ⚰️,3,v3_emoji_clase3,emoji_clase3|emoji_⚰️,Personas enfermas,Ese ya se fue :ataúd:
V3-00991,Ya llegamos bien a la casa 🤝,0,v3_emoji_benigno,emoji_benigno|benigno_🤝,,Ya llegamos bien a la casa :apretón_de_manos:
V3-00992,Saludos al policía de mi parte,0,v3_jerga_control,jerga_control|Saludos al {t} de mi parte,,Saludos al policía de mi parte
V3-00993,Muchas gracias por la ayuda de ayer ❤️,0,v3_emoji_benigno,emoji_benigno|benigno_❤️,,Muchas gracias por la ayuda de ayer :corazón_rojo:
V3-00994,"Callate ya, chvco",1,v3_ofensivo_ofuscado,"ofensivo_ofuscado|Sos lo peor que hay, {t}",Insulto,"Callate ya, chvco"
V3-00995,"Cerrá el hocico, mu3rto de hambre",1,v3_ofensivo_ofuscado,"ofensivo_ofuscado|Hablando pura paja, {t}",Insulto,"Cerrá el hocico, mu3rto de hambre"
V3-00996,"Que se vayan los 🏳️‍🌈👀 homosexuales, son una plaga",2,v3_emoji_clase2,emoji_clase2|emoji_🏳️‍🌈👀,Personas LGBT,"Que se vayan los :bandera_blanca: :arcoíris: :ojos: homosexuales, son una plaga"
V3-00997,Puro traqar0n el que escribió eso,1,v3_ofensivo_ofuscado,"ofensivo_ofuscado|Nadie te preguntó, {t}",nan,Puro traqar0n el que escribió eso
V3-00998,Mirá al pi*to este,1,v3_ofensivo_ofuscado,ofensivo_ofuscado|Sos un {t} y punto,Insulto,Mirá al pi*to este
V3-00999,Ya viene el pajero con las pupusas,0,v3_jerga_notoxico,jerga_notoxico|Ya viene el {t} con las pupusas,,Ya viene el pajero con las pupusas
V3-01000,"Qué chambrozo, en serio",1,v3_ofensivo_ofuscado,"ofensivo_ofuscado|No jodás más, {t}",Insulto,"Qué chambrozo, en serio"
V3-01001,Estudié con dos compañeros argentinos,0,v3_nacionalidad_notoxico,nacionalidad_notoxico|Estudié con dos compañeros {g},,Estudié con dos compañeros argentinos
V3-01002,Ahí le dejo el bolado que le debía,0,v3_jerga_notoxico,jerga_notoxico|Ahí le dejo el {t} que le debía,,Ahí le dejo el bolado que le debía
V3-01003,"Todos los indígenas dan asco, sin excepción",2,v3_odio_grupo,"odio_grupo|Todos los {g} {p}, sin excepción",Xenofobia,"Todos los indígenas dan asco, sin excepción"
V3-01004,Si lo vuelvo a ver lo voy a quem@r vas a ver,3,v3_amenaza_ofuscada,amenaza_ofuscada|Si lo vuelvo a ver lo voy a {v},Amenaza Directa,Si lo vuelvo a ver lo voy a quem@r vas a ver
V3-01005,"Te van a 7or7urar si seguís así y no es amenaza, es aviso",3,v3_amenaza_ofuscada,amenaza_ofuscada|Te van a {v} si seguís así,Amenaza Directa,"Te van a 7or7urar si seguís así y no es amenaza, es aviso"
V3-01006,"Da asco verte, lesbiana",2,v3_odio_ofuscado,"odio_ofuscado|Aquí no te queremos, {t}",Homofobia,"Da asco verte, lesbiana"
V3-01007,"Qué pereza leerte, chucho m4ldit0",1,v3_jerga_ofensivo,"jerga_ofensivo|Qué pereza leerte, {t}",Insulto Directo,"Qué pereza leerte, chucho m4ldit0"
V3-01008,Ya viene el amigo con las pupusas,0,v3_jerga_control,jerga_control|Ya viene el {t} con las pupusas,,Ya viene el amigo con las pupusas
V3-01009,Qué buena estuvo la fiesta de anoche,0,v3_jerga_control,jerga_control|Qué buena estuvo la {t} de anoche,,Qué buena estuvo la fiesta de anoche
V3-01010,Mi tío es tacaño pero buena gente,0,v3_jerga_control,jerga_control|Mi tío es {t} pero buena gente,,Mi tío es tacaño pero buena gente
V3-01011,Ese amigo nunca falla cuando se le necesita,0,v3_jerga_control,jerga_control|Ese {t} nunca falla cuando se le necesita,,Ese amigo nunca falla cuando se le necesita
V3-01012,"Lo van a a p u ñ a l a r a ese y no es amenaza, es aviso",3,v3_amenaza_ofuscada,amenaza_ofuscada|Lo van a {v} a ese,Amenaza Directa,"Lo van a a p u ñ a l a r a ese y no es amenaza, es aviso"
V3-01013,"Dejá de escribir, d3smadr3",1,v3_ofensivo_ofuscado,ofensivo_ofuscado|Puro {t} el que escribió eso,Tono agresivo,"Dejá de escribir, d3smadr3"
V3-01014,"Todo bien con el maje, no hay pleito",0,v3_jerga_notoxico,"jerga_notoxico|Todo bien con el {t}, no hay pleito",,"Todo bien con el maje, no hay pleito"
V3-01015,Puro chero chimvadas el que escribió eso,1,v3_jerga_ofensivo,jerga_ofensivo|Puro {t} el que escribió eso,Insulto Directo,Puro chero chimvadas el que escribió eso
V3-01016,"Otra vez vos, c.u.l.e.r.a",1,v3_ofensivo_ofuscado,ofensivo_ofuscado|Ese {t} otra vez,Insulto,"Otra vez vos, c.u.l.e.r.a"
V3-01017,"Los pobres son una plaga, así de simple 🚽",2,v3_emoji_clase2,emoji_clase2|emoji_🚽,Migrantes y personas empobrecidas,"Los pobres son una plaga, así de simple :inodoro:"
V3-01018,"Andate de aquí, iqnorante",1,v3_ofensivo_ofuscado,"ofensivo_ofuscado|Andate de aquí, {t}",Insulto,"Andate de aquí, iqnorante"
V3-01019,Te van a golp3ar si seguís así acordate de esto,3,v3_amenaza_ofuscada,amenaza_ofuscada|Te van a {v} si seguís así,Amenaza Directa,Te van a golp3ar si seguís así acordate de esto
V3-01020,"Otra vez vos, curzo",1,v3_ofensivo_ofuscado,"ofensivo_ofuscado|Callate ya, {t}",nan,"Otra vez vos, curzo"
V3-01021,"Qué pereza leerte, fazizta",1,v3_ofensivo_ofuscado,"ofensivo_ofuscado|Cerrá el hocico, {t}",Insulto,"Qué pereza leerte, fazizta"
V3-01022,"No jodás más, b@sura",1,v3_ofensivo_ofuscado,"ofensivo_ofuscado|Ya cállese, {t}",Insulto,"No jodás más, b@sura"
V3-01023,Ya son demasiados 🪲 migrantes en este país,2,v3_emoji_clase2,emoji_clase2|emoji_🪲,Migrantes y grupos étnicos,Ya son demasiados :escarabajo: migrantes en este país
V3-01024,Ya le llegó su día a ese ⚱️,3,v3_emoji_clase3,emoji_clase3|emoji_⚱️,Individuo,Ya le llegó su día a ese :urna_funeraria:
V3-01025,"Qué onda chucho, todo bien por allá",0,v3_jerga_notoxico,"jerga_notoxico|Qué onda {t}, todo bien por allá",,"Qué onda chucho, todo bien por allá"
V3-01026,No sea codo y convide de eso,0,v3_jerga_notoxico,jerga_notoxico|No sea {t} y convide de eso,,No sea codo y convide de eso
V3-01027,"Ya me hartaste, malkri4do",1,v3_ofensivo_ofuscado,ofensivo_ofuscado|Ese {t} otra vez,Insulto,"Ya me hartaste, malkri4do"
V3-01028,"Andate de aquí, p*nche",1,v3_ofensivo_ofuscado,"ofensivo_ofuscado|Ya me hartaste, {t}",Insulto,"Andate de aquí, p*nche"
V3-01029,"No jodás más, p4y4so",1,v3_ofensivo_ofuscado,"ofensivo_ofuscado|Qué {t}, en serio",Insulto,"No jodás más, p4y4so"
V3-01030,Ya son demasiados 🍍 mocosos en este país,2,v3_emoji_clase2,emoji_clase2|emoji_🍍,Menores de edad,Ya son demasiados :piña: mocosos en este país
V3-01031,"Andate a tu país, t3rror1sta",2,v3_odio_ofuscado,"odio_ofuscado|Gente como vos sobra, {t}",Xenofobia,"Andate a tu país, t3rror1sta"
V3-01032,"Qué onda bicho, 🎂 todo bien por allá",0,v3_emoji_benigno,emoji_benigno|benigno_🎂,,"Qué onda bicho, :tarta_de_cumpleaños: todo bien por allá"
V3-01033,Ya son demasiados migrantes en este país 🚽🧻,2,v3_emoji_clase2,emoji_clase2|emoji_🚽🧻,Migrantes y personas empobrecidas,Ya son demasiados migrantes en este país :inodoro: :rollo_de_papel:
V3-01034,"Cerrá el hocico, tr@gandosela",1,v3_ofensivo_ofuscado,ofensivo_ofuscado|Ese {t} otra vez,Palabras obscenas,"Cerrá el hocico, tr@gandosela"
V3-01035,Ese chucho siempre llega tarde pero llega,0,v3_jerga_notoxico,jerga_notoxico|Ese {t} siempre llega tarde pero llega,,Ese chucho siempre llega tarde pero llega
V3-01036,Lo van a mandar a dormir vas a ver,3,v3_amenaza_eufemismo,amenaza_eufemismo|eufemismo_con_cola,Amenaza Implícita,Lo van a mandar a dormir vas a ver
V3-01037,"Andate a tu país, lesvi4na",2,v3_odio_ofuscado,"odio_ofuscado|Por gente como vos está así el país, {t}",Homofobia,"Andate a tu país, lesvi4na"
V3-01038,"Por gente como vos está así el país, arraztrada",2,v3_odio_ofuscado,"odio_ofuscado|Por gente como vos está así el país, {t}",Sexismo,"Por gente como vos está así el país, arraztrada"
V3-01039,"Todos los retrasados sobran en este país, sin excepción 🧠❓",2,v3_emoji_clase2,emoji_clase2|emoji_🧠❓,Personas con discapacidad intelectual,"Todos los retrasados sobran en este país, sin excepción :cerebro: :interrogación_roja:"
V3-01040,Los hondureños son basura,2,v3_odio_grupo,odio_grupo|Los {g} {p},Xenofobia,Los hondureños son basura
V3-01041,"Da asco verte, indiooo",2,v3_odio_ofuscado,"odio_ofuscado|Aquí no te queremos, {t}",Racismo,"Da asco verte, indiooo"
V3-01042,Ese mentiroso siempre llega tarde pero llega,0,v3_jerga_control,jerga_control|Ese {t} siempre llega tarde pero llega,,Ese mentiroso siempre llega tarde pero llega
V3-01043,Con un indígena no se puede razonar,2,v3_odio_grupo,odio_grupo|Con un {gs} no se puede razonar,Xenofobia,Con un indígena no se puede razonar
V3-01044,"Que se vayan los trans, son puro estorbo 🏳️‍🌈👀",2,v3_emoji_clase2,emoji_clase2|emoji_🏳️‍🌈👀,Personas LGBT,"Que se vayan los trans, son puro estorbo :bandera_blanca: :arcoíris: :ojos:"
V3-01045,"Mientras más pobres llegan, peor está todo 🐀",2,v3_emoji_clase2,emoji_clase2|emoji_🐀,Migrantes y personas empobrecidas,"Mientras más pobres llegan, peor está todo :rata:"
V3-01046,Tengo varios amigos mexicanos en el trabajo,0,v3_nacionalidad_notoxico,nacionalidad_notoxico|Tengo varios amigos {g} en el trabajo,,Tengo varios amigos mexicanos en el trabajo
V3-01047,"Gente como vos sobra, ch4piad0ra",2,v3_odio_ofuscado,"odio_ofuscado|Andate a tu país, {t}",Sexismo,"Gente como vos sobra, ch4piad0ra"
V3-01048,Ojalá lo r******ren pronto ya vas a ver,3,v3_amenaza_ofuscada,amenaza_ofuscada|Ojalá lo {v}en pronto,Amenaza Directa,Ojalá lo r******ren pronto ya vas a ver
V3-01049,A ese hay que quebrarlo antes de que siga te lo juro,3,v3_amenaza_ofuscada,amenaza_ofuscada|A ese hay que {v}lo antes de que siga,Amenaza Directa,A ese hay que quebrarlo antes de que siga te lo juro
V3-01050,"Nadie te preguntó, pndjo",1,v3_ofensivo_ofuscado,"ofensivo_ofuscado|Me da igual lo que digas, {t}",Insulto,"Nadie te preguntó, pndjo"
V3-01051,"Andate a tu país, parasit4r",2,v3_odio_ofuscado,"odio_ofuscado|Andate a tu país, {t}",Xenofobia,"Andate a tu país, parasit4r"
V3-01052,"No perteneces aquí, negro",2,v3_odio_ofuscado,"odio_ofuscado|Ojalá te deporten, {t}",Racismo,"No perteneces aquí, negro"
V3-01053,"Ya cállese, pi*ian",1,v3_ofensivo_ofuscado,"ofensivo_ofuscado|Me da igual lo que digas, {t}",Insulto,"Ya cállese, pi*ian"
V3-01054,Ese bayunco nunca falla cuando se le necesita,0,v3_jerga_notoxico,jerga_notoxico|Ese {t} nunca falla cuando se le necesita,,Ese bayunco nunca falla cuando se le necesita
V3-01055,Los argentinos juegan muy bien al fútbol,0,v3_nacionalidad_notoxico,nacionalidad_notoxico|Los {g} juegan muy bien al fútbol,,Los argentinos juegan muy bien al fútbol
V3-01056,"Nadie te preguntó, alero babosos",1,v3_jerga_ofensivo,"jerga_ofensivo|Nadie te preguntó, {t}",Insulto Directo,"Nadie te preguntó, alero babosos"
V3-01057,Ya viene el perro con las pupusas,0,v3_jerga_control,jerga_control|Ya viene el {t} con las pupusas,,Ya viene el perro con las pupusas
V3-01058,"Odio a los cipotes, son puro estorbo 🍍",2,v3_emoji_clase2,emoji_clase2|emoji_🍍,Menores de edad,"Odio a los cipotes, son puro estorbo :piña:"
V3-01059,Ese mentiroso es mi mejor amigo desde la escuela,0,v3_jerga_control,jerga_control|Ese {t} es mi mejor amigo desde la escuela,,Ese mentiroso es mi mejor amigo desde la escuela
V3-01060,"Sos lo peor que hay, vago",1,v3_ofensivo_ofuscado,"ofensivo_ofuscado|No jodás más, {t}",Insulto,"Sos lo peor que hay, vago"
V3-01061,Vamos a t0rtur4r a ese maje ya vas a ver,3,v3_amenaza_ofuscada,amenaza_ofuscada|Vamos a {v} a ese maje,Amenaza Directa,Vamos a t0rtur4r a ese maje ya vas a ver
V3-01062,Se me olvidó el ⚽ chibola en la casa,0,v3_emoji_benigno,emoji_benigno|benigno_⚽,,Se me olvidó el :balón_de_fútbol: chibola en la casa
V3-01063,Los trans son basura 🏳️‍🌈🤨,2,v3_emoji_clase2,emoji_clase2|emoji_🏳️‍🌈🤨,Personas LGBT,Los trans son basura :bandera_blanca: :arcoíris: :cara_con_ceja_alzada:
V3-01064,"No jodás más, m13rda",1,v3_ofensivo_ofuscado,ofensivo_ofuscado|Puro {t} el que escribió eso,Palabras obscenas,"No jodás más, m13rda"
V3-01065,"Aquí no te queremos, chapiadora",2,v3_odio_ofuscado,"odio_ofuscado|Andate a tu país, {t}",Sexismo,"Aquí no te queremos, chapiadora"
V3-01066,"No perteneces aquí, arrastr4da",2,v3_odio_ofuscado,"odio_ofuscado|No perteneces aquí, {t}",Sexismo,"No perteneces aquí, arrastr4da"
V3-01067,Ya viene el bicho con las pupusas,0,v3_jerga_notoxico,jerga_notoxico|Ya viene el {t} con las pupusas,,Ya viene el bicho con las pupusas
V3-01068,"puchica, nos vemos el domingo entonces",0,v3_jerga_notoxico,"jerga_notoxico|{t}, nos vemos el domingo entonces",,"puchica, nos vemos el domingo entonces"
V3-01069,"Gente como vos sobra, trompud0",2,v3_odio_ofuscado,"odio_ofuscado|Da asco verte, {t}",Racismo,"Gente como vos sobra, trompud0"
V3-01070,"No jodás más, med1ocr3",1,v3_ofensivo_ofuscado,"ofensivo_ofuscado|No sabés nada, {t}",Insulto,"No jodás más, med1ocr3"
V3-01071,"Qué pereza leerte, iqnor4nte",1,v3_ofensivo_ofuscado,"ofensivo_ofuscado|No sabés nada, {t}",Insulto,"Qué pereza leerte, iqnor4nte"
V3-01072,"Me da igual lo que digas, mantenidaaa",1,v3_ofensivo_ofuscado,"ofensivo_ofuscado|Mejor callate, {t}",Insulto,"Me da igual lo que digas, mantenidaaa"
V3-01073,"Sos lo peor que hay, venqansa 🐍",1,v3_emoji_clase1,emoji_clase1|emoji_🐍,Individuo,"Sos lo peor que hay, venqansa :serpiente:"
V3-01074,"Ya cállese, c*acalin",1,v3_ofensivo_ofuscado,"ofensivo_ofuscado|Hablando pura paja, {t}",Insulto,"Ya cállese, c*acalin"
V3-01075,"Volvé cuando aprendás, m4lcri4do",1,v3_ofensivo_ofuscado,"ofensivo_ofuscado|Nadie te preguntó, {t}",Insulto,"Volvé cuando aprendás, m4lcri4do"
V3-01076,Ya compré el chunche para el domingo,0,v3_jerga_notoxico,jerga_notoxico|Ya compré el {t} para el domingo,,Ya compré el chunche para el domingo
V3-01077,Ya quisiera maaatar a ese maje acordate de esto,3,v3_amenaza_ofuscada,amenaza_ofuscada|Ya quisiera {v} a ese maje,Amenaza Directa,Ya quisiera maaatar a ese maje acordate de esto
V3-01078,"Mientras más centroamericanos 🐒 llegan, peor está todo",2,v3_emoji_clase2,emoji_clase2|emoji_🐒,Latinoamericanos,"Mientras más centroamericanos :mono: llegan, peor está todo"
V3-01079,Ya son demasiados haitianos en este país,2,v3_odio_grupo,odio_grupo|Ya son demasiados {g} en este país,Xenofobia,Ya son demasiados haitianos en este país
V3-01080,Un argentino siempre va a ser un problema,2,v3_odio_grupo,odio_grupo|Un {gs} siempre va a ser un problema,Xenofobia,Un argentino siempre va a ser un problema
V3-01081,"Regresate de donde viniste, parásita",2,v3_odio_ofuscado,"odio_ofuscado|Ojalá te deporten, {t}",Xenofobia,"Regresate de donde viniste, parásita"
V3-01082,"Andate de aquí, p1nkhe",1,v3_ofensivo_ofuscado,"ofensivo_ofuscado|Ya cállese, {t}",Insulto,"Andate de aquí, p1nkhe"
V3-01083,😊 Mañana tengo pachanga desde temprano,0,v3_emoji_benigno,emoji_benigno|benigno_😊,,:cara_feliz_con_ojos_sonrientes: Mañana tengo pachanga desde temprano
V3-01084,"Da asco verte, l3sb1ana",2,v3_odio_ofuscado,"odio_ofuscado|Gente como vos sobra, {t}",Homofobia,"Da asco verte, l3sb1ana"
V3-01085,"No sabés nada, p*smado",1,v3_ofensivo_ofuscado,"ofensivo_ofuscado|Dejá de escribir, {t}",Insulto,"No sabés nada, p*smado"
V3-01086,Mirá al paja este,1,v3_ofensivo_ofuscado,"ofensivo_ofuscado|Qué asco das, {t}",Insulto,Mirá al paja este
V3-01087,"No sabés nada, m3d10cr3",1,v3_ofensivo_ofuscado,"ofensivo_ofuscado|Hablando pura paja, {t}",Insulto,"No sabés nada, m3d10cr3"
V3-01088,Conocí a un nicaragüense muy amable ayer,0,v3_nacionalidad_notoxico,nacionalidad_notoxico|Conocí a un {gs} muy amable ayer,,Conocí a un nicaragüense muy amable ayer
V3-01089,El equipo de los argentinos jugó limpio,0,v3_nacionalidad_notoxico,nacionalidad_notoxico|El equipo de los {g} jugó limpio,,El equipo de los argentinos jugó limpio
V3-01090,"Todo bien con el amigo, no hay pleito",0,v3_jerga_control,"jerga_control|Todo bien con el {t}, no hay pleito",,"Todo bien con el amigo, no hay pleito"
V3-01091,"Alguien debería fusilar a ese tipo y no es amenaza, es aviso",3,v3_amenaza_ofuscada,amenaza_ofuscada|Alguien debería {v} a ese tipo,Amenaza Directa,"Alguien debería fusilar a ese tipo y no es amenaza, es aviso"
V3-01092,"Qué pereza leerte, f3ria",1,v3_ofensivo_ofuscado,"ofensivo_ofuscado|Ya cállese, {t}",Insulto,"Qué pereza leerte, f3ria"
V3-01093,"Otra vez vos, malcr1ado",1,v3_ofensivo_ofuscado,"ofensivo_ofuscado|Mejor callate, {t}",Insulto,"Otra vez vos, malcr1ado"
V3-01094,"No hablés de lo que no sabés, kul3ra",1,v3_ofensivo_ofuscado,"ofensivo_ofuscado|Callate ya, {t}",Insulto,"No hablés de lo que no sabés, kul3ra"
V3-01095,Ya son demasiados 🦶 morenos en este país,2,v3_emoji_clase2,emoji_clase2|emoji_🦶,Personas racializadas,Ya son demasiados :pie: morenos en este país
V3-01096,"No jodás más, k4k4",1,v3_ofensivo_ofuscado,"ofensivo_ofuscado|Cerrá el hocico, {t}",Palabras obscenas,"No jodás más, k4k4"
V3-01097,"Aquí no te queremos, m4rero",2,v3_odio_ofuscado,"odio_ofuscado|Aquí no te queremos, {t}",Xenofobia,"Aquí no te queremos, m4rero"
V3-01098,Los chinos tienen unas playas preciosas,0,v3_nacionalidad_notoxico,nacionalidad_notoxico|Los {g} tienen unas playas preciosas,,Los chinos tienen unas playas preciosas
V3-01099,Mirá al curz0 este,1,v3_ofensivo_ofuscado,"ofensivo_ofuscado|Qué pereza leerte, {t}",nan,Mirá al curz0 este
V3-01100,Ese chucho es mi 🌟 mejor amigo desde la escuela,0,v3_emoji_benigno,emoji_benigno|benigno_🌟,,Ese chucho es mi :estrella_brillante: mejor amigo desde la escuela
V3-01101,Puro c.a.c.h.u.d.o el que escribió eso,1,v3_ofensivo_ofuscado,"ofensivo_ofuscado|Nadie te preguntó, {t}",Insulto,Puro c.a.c.h.u.d.o el que escribió eso
V3-01102,"Los centroamericanos son una plaga, así de simple 🐒🇪🇨",2,v3_emoji_clase2,emoji_clase2|emoji_🐒🇪🇨,Latinoamericanos,"Los centroamericanos son una plaga, así de simple :mono: :bandera_ecuador:"
V3-01103,"Andate de aquí, pvt0",1,v3_ofensivo_ofuscado,"ofensivo_ofuscado|Dejá de escribir, {t}",Palabras obscenas,"Andate de aquí, pvt0"
V3-01104,"Los indios son una plaga, así de simple 👨‍🌾🐒",2,v3_emoji_clase2,emoji_clase2|emoji_👨‍🌾🐒,Pueblos indígenas,"Los indios son una plaga, así de simple :hombre: :espiga_de_arroz: :mono:"
V3-01105,Ese ch0l3r0 otra vez,1,v3_ofensivo_ofuscado,"ofensivo_ofuscado|Callate ya, {t}",Insulto,Ese ch0l3r0 otra vez
V3-01106,Te van a a p u ñ a l a r si seguís así vas a ver,3,v3_amenaza_ofuscada,amenaza_ofuscada|Te van a {v} si seguís así,Amenaza Directa,Te van a a p u ñ a l a r si seguís así vas a ver
V3-01107,Quedó yuca el trabajo que hicieron 🎉,0,v3_emoji_benigno,emoji_benigno|benigno_🎉,,Quedó yuca el trabajo que hicieron :cañón_de_confeti:
V3-01108,"Ya me hartaste, chimb@das",1,v3_ofensivo_ofuscado,ofensivo_ofuscado|Sos un {t} y punto,Palabras obscenas,"Ya me hartaste, chimb@das"
V3-01109,Qué bueno que ya te sentís mejor 🍀,0,v3_emoji_benigno,emoji_benigno|benigno_🍀,,Qué bueno que ya te sentís mejor :trébol_de_cuatro_hojas:
V3-01110,"Otra vez vos, m*diocre",1,v3_ofensivo_ofuscado,"ofensivo_ofuscado|Hablando pura paja, {t}",Insulto,"Otra vez vos, m*diocre"
V3-01111,"Sos lo peor que hay, mantenid4",1,v3_ofensivo_ofuscado,ofensivo_ofuscado|Mirá al {t} este,Insulto,"Sos lo peor que hay, mantenid4"
V3-01112,Mirá al prep4go este,1,v3_ofensivo_ofuscado,"ofensivo_ofuscado|Qué asco das, {t}",Insulto,Mirá al prep4go este
V3-01113,Deberían qu3br4r a todos esos anotalo,3,v3_amenaza_ofuscada,amenaza_ofuscada|Deberían {v} a todos esos,Amenaza Directa,Deberían qu3br4r a todos esos anotalo
V3-01114,Qué bonito se ve el paisaje desde aquí,0,v3_jerga_control,jerga_control|Qué {t} se ve el paisaje desde aquí,,Qué bonito se ve el paisaje desde aquí
V3-01115,Le van a 🧹👷 dar para sus tamales,3,v3_emoji_clase3,emoji_clase3|emoji_🧹👷,Migrantes y grupos étnicos,Le van a :escoba: :profesional_de_la_construcción: dar para sus tamales
V3-01116,Los muertos de hambre son puro estorbo y nadie lo dice 🐶,2,v3_emoji_clase2,emoji_clase2|emoji_🐶,Personas en situación de pobreza,Los muertos de hambre son puro estorbo y nadie lo dice :cara_de_perro:
V3-01117,"Cerrá el hocico, se la pic@",1,v3_ofensivo_ofuscado,"ofensivo_ofuscado|Sos lo peor que hay, {t}",Palabras obscenas,"Cerrá el hocico, se la pic@"
V3-01118,Le van a dar cuello a ese 🔪,3,v3_emoji_clase3,emoji_clase3|emoji_🔪,Individuo,Le van a dar cuello a ese :cuchillo_de_cocina:
V3-01119,"Gente como vos sobra, valieron vrga",2,v3_odio_ofuscado,"odio_ofuscado|Gente como vos sobra, {t}",Xenofobia,"Gente como vos sobra, valieron vrga"
V3-01120,Vamos a ver al pajero el domingo,0,v3_jerga_notoxico,jerga_notoxico|Vamos a ver al {t} el domingo,,Vamos a ver al pajero el domingo
V3-01121,Los venezolanos ganaron el partido de ayer,0,v3_nacionalidad_notoxico,nacionalidad_notoxico|Los {g} ganaron el partido de ayer,,Los venezolanos ganaron el partido de ayer
V3-01122,"Ojalá te deporten, indios de mierda",2,v3_odio_ofuscado,"odio_ofuscado|Por gente como vos está así el país, {t}",Racismo,"Ojalá te deporten, indios de mierda"
V3-01123,Los sudacas son mierda y nadie lo dice 🐒🇪🇨,2,v3_emoji_clase2,emoji_clase2|emoji_🐒🇪🇨,Latinoamericanos,Los sudacas son mierda y nadie lo dice :mono: :bandera_ecuador:
V3-01124,Ese mentiroso me cae bien la verdad,0,v3_jerga_control,jerga_control|Ese {t} me cae bien la verdad,,Ese mentiroso me cae bien la verdad
V3-01125,El chucho está bien tranquilo hoy,0,v3_jerga_notoxico,jerga_notoxico|El {t} está bien tranquilo hoy,,El chucho está bien tranquilo hoy
V3-01126,"No jodás más, p*epago",1,v3_ofensivo_ofuscado,"ofensivo_ofuscado|No jodás más, {t}",Insulto,"No jodás más, p*epago"
V3-01127,Ya viene el mentiroso con las pupusas,0,v3_jerga_control,jerga_control|Ya viene el {t} con las pupusas,,Ya viene el mentiroso con las pupusas
V3-01128,Los migrantes dan asco 🐀,2,v3_emoji_clase2,emoji_clase2|emoji_🐀,Migrantes y personas empobrecidas,Los migrantes dan asco :rata:
V3-01129,"Cerrá el hocico, cipot",1,v3_ofensivo_ofuscado,"ofensivo_ofuscado|Eso es lo que sos, un {t}",Palabras obscenas,"Cerrá el hocico, cipot"
V3-01130,"Cerrá el hocico, imbekil",1,v3_ofensivo_ofuscado,"ofensivo_ofuscado|Cerrá el hocico, {t}",Insulto,"Cerrá el hocico, imbekil"
V3-01131,"Ya me hartaste, crote",1,v3_ofensivo_ofuscado,"ofensivo_ofuscado|Mejor callate, {t}",Insulto,"Ya me hartaste, crote"
V3-01132,"Gente como vos sobra, v4lieron verga",2,v3_odio_ofuscado,"odio_ofuscado|Ojalá te deporten, {t}",Xenofobia,"Gente como vos sobra, v4lieron verga"
V3-01133,"Odio a los 🧠❓ tarados, dan asco",2,v3_emoji_clase2,emoji_clase2|emoji_🧠❓,Personas con discapacidad intelectual,"Odio a los :cerebro: :interrogación_roja: tarados, dan asco"
V3-01134,"Andá a trabajar, tr@garon",1,v3_ofensivo_ofuscado,"ofensivo_ofuscado|Qué asco das, {t}",nan,"Andá a trabajar, tr@garon"
V3-01135,Ojalá lo m4t4ren pronto,3,v3_amenaza_ofuscada,amenaza_ofuscada|Ojalá lo {v}en pronto,Amenaza Directa,Ojalá lo m4t4ren pronto
V3-01136,Ese tr4qaron otra vez,1,v3_ofensivo_ofuscado,"ofensivo_ofuscado|Andá a trabajar, {t}",nan,Ese tr4qaron otra vez
V3-01137,Ya compré el 😂 guaro para el domingo,0,v3_emoji_benigno,emoji_benigno|benigno_😂,,Ya compré el :cara_llorando_de_risa: guaro para el domingo
V3-01138,"Andate de aquí, s1nv3rgüenz4",1,v3_ofensivo_ofuscado,"ofensivo_ofuscado|Ya me hartaste, {t}",Insulto,"Andate de aquí, s1nv3rgüenz4"
V3-01139,"Eso es lo que sos, un pat@da",1,v3_ofensivo_ofuscado,"ofensivo_ofuscado|Nadie te preguntó, {t}",nan,"Eso es lo que sos, un pat@da"
V3-01140,"exacto, nos vemos el domingo entonces",0,v3_jerga_control,"jerga_control|{t}, nos vemos el domingo entonces",,"exacto, nos vemos el domingo entonces"
V3-01141,Ya son demasiados 🌑 negros en este país,2,v3_emoji_clase2,emoji_clase2|emoji_🌑,Personas racializadas,Ya son demasiados :luna_nueva: negros en este país
V3-01142,Ya compré el chibola para el domingo,0,v3_jerga_notoxico,jerga_notoxico|Ya compré el {t} para el domingo,,Ya compré el chibola para el domingo
V3-01143,Me dan ganas de c0lgarlo anotalo,3,v3_amenaza_ofuscada,amenaza_ofuscada|Me dan ganas de {v}lo,Amenaza Directa,Me dan ganas de c0lgarlo anotalo
V3-01144,Ya son demasiados 🤮🙈 morenos en este país,2,v3_emoji_clase2,emoji_clase2|emoji_🤮🙈,Personas racializadas,Ya son demasiados :cara_vomitando: :mono_con_los_ojos_tapados: morenos en este país
V3-01145,Sos un cer0t y punto,1,v3_ofensivo_ofuscado,"ofensivo_ofuscado|Hablando pura paja, {t}",Insulto,Sos un cer0t y punto
V3-01146,"Mejor callate, idiota",1,v3_ofensivo_ofuscado,"ofensivo_ofuscado|Volvé cuando aprendás, {t}",Insulto,"Mejor callate, idiota"
V3-01147,Ese brutic0 otra vez,1,v3_ofensivo_ofuscado,"ofensivo_ofuscado|Sos lo peor que hay, {t}",Insulto,Ese brutic0 otra vez
V3-01148,Ya son demasiados judíos en este país 🧼🇮🇱,2,v3_emoji_clase2,emoji_clase2|emoji_🧼🇮🇱,Judíos,Ya son demasiados judíos en este país :jabón: :bandera_israel:
V3-01149,Se me olvidó el bolado en la casa,0,v3_jerga_notoxico,jerga_notoxico|Se me olvidó el {t} en la casa,,Se me olvidó el bolado en la casa
V3-01150,"Que se vayan los 🐷 obesos, sobran en este país",2,v3_emoji_clase2,emoji_clase2|emoji_🐷,Personas con sobrepeso,"Que se vayan los :cara_de_cerdo: obesos, sobran en este país"
V3-01151,"🧼 Mientras más judíos llegan, peor está todo",2,v3_emoji_clase2,emoji_clase2|emoji_🧼,Judíos,":jabón: Mientras más judíos llegan, peor está todo"
V3-01152,"Mejor callate, m-a-i-t-r-o",1,v3_ofensivo_ofuscado,"ofensivo_ofuscado|Qué {t}, en serio",Insulto,"Mejor callate, m-a-i-t-r-o"
V3-01153,"Me da igual lo que digas, ozico",1,v3_ofensivo_ofuscado,"ofensivo_ofuscado|Qué pereza leerte, {t}",Insulto,"Me da igual lo que digas, ozico"
V3-01154,El equipo de los venezolanos jugó limpio,0,v3_nacionalidad_notoxico,nacionalidad_notoxico|El equipo de los {g} jugó limpio,,El equipo de los venezolanos jugó limpio
V3-01155,Ese bicho es mi mejor amigo desde la escuela,0,v3_jerga_notoxico,jerga_notoxico|Ese {t} es mi mejor amigo desde la escuela,,Ese bicho es mi mejor amigo desde la escuela
V3-01156,Sos un basura humana y punto,1,v3_ofensivo_ofuscado,"ofensivo_ofuscado|Mejor callate, {t}",Insulto,Sos un basura humana y punto
V3-01157,Te voy a revent@r te lo juro,3,v3_amenaza_ofuscada,amenaza_ofuscada|Te voy a {v},Amenaza Directa,Te voy a revent@r te lo juro
V3-01158,😂 Ya salieron las notas y me fue bien,0,v3_emoji_benigno,emoji_benigno|benigno_😂,,:cara_llorando_de_risa: Ya salieron las notas y me fue bien
V3-01159,"No jodás más, escor1a",1,v3_ofensivo_ofuscado,"ofensivo_ofuscado|Dejá de escribir, {t}",Insulto,"No jodás más, escor1a"
V3-01160,"Todo bien con el mentiroso, no hay pleito",0,v3_jerga_control,"jerga_control|Todo bien con el {t}, no hay pleito",,"Todo bien con el mentiroso, no hay pleito"
V3-01161,Mañana tengo pachanga desde temprano,0,v3_jerga_notoxico,jerga_notoxico|Mañana tengo {t} desde temprano,,Mañana tengo pachanga desde temprano
V3-01162,"Da asco verte, paras!tar",2,v3_odio_ofuscado,"odio_ofuscado|Ojalá te deporten, {t}",Xenofobia,"Da asco verte, paras!tar"
V3-01163,Nos vemos mañana 🌻 en la reunión,0,v3_emoji_benigno,emoji_benigno|benigno_🌻,,Nos vemos mañana :girasol: en la reunión
V3-01164,"Todos los haitianos son basura, sin excepción",2,v3_odio_grupo,"odio_grupo|Todos los {g} {p}, sin excepción",Xenofobia,"Todos los haitianos son basura, sin excepción"
V3-01165,"Regresate de donde viniste, terrorista",2,v3_odio_ofuscado,"odio_ofuscado|Gente como vos sobra, {t}",Xenofobia,"Regresate de donde viniste, terrorista"
V3-01166,Ese cerote es mi mejor amigo desde la escuela 🎂,0,v3_emoji_benigno,emoji_benigno|benigno_🎂,,Ese cerote es mi mejor amigo desde la escuela :tarta_de_cumpleaños:
V3-01167,"Todos los retrasados son 🧠❓ una plaga, sin excepción",2,v3_emoji_clase2,emoji_clase2|emoji_🧠❓,Personas con discapacidad intelectual,"Todos los retrasados son :cerebro: :interrogación_roja: una plaga, sin excepción"
V3-01168,"Hay que darles su merecido a esos y no es amenaza, es aviso",3,v3_amenaza_eufemismo,amenaza_eufemismo|eufemismo_con_cola,Amenaza Implícita,"Hay que darles su merecido a esos y no es amenaza, es aviso"
V3-01169,"Aquí no te queremos, cukhe",2,v3_odio_ofuscado,"odio_ofuscado|Regresate de donde viniste, {t}",Homofobia,"Aquí no te queremos, cukhe"
V3-01170,Me dan ganas de reventarlo acordate de esto,3,v3_amenaza_ofuscada,amenaza_ofuscada|Me dan ganas de {v}lo,Amenaza Directa,Me dan ganas de reventarlo acordate de esto
V3-01171,Puro m.a.i.t.r.o el que escribió eso,1,v3_ofensivo_ofuscado,"ofensivo_ofuscado|No hablés de lo que no sabés, {t}",Insulto,Puro m.a.i.t.r.o el que escribió eso
V3-01172,Ese hombre es bien codo con la familia 🎂,0,v3_emoji_benigno,emoji_benigno|benigno_🎂,,Ese hombre es bien codo con la familia :tarta_de_cumpleaños:
V3-01173,"Callate ya, c4chvdo",1,v3_ofensivo_ofuscado,"ofensivo_ofuscado|Andá a trabajar, {t}",Insulto,"Callate ya, c4chvdo"
V3-01174,Te voy a g o l p e a r,3,v3_amenaza_ofuscada,amenaza_ofuscada|Te voy a {v},Amenaza Directa,Te voy a g o l p e a r
V3-01175,Los sudacas son basura 🐒🇻🇪,2,v3_emoji_clase2,emoji_clase2|emoji_🐒🇻🇪,Latinoamericanos,Los sudacas son basura :mono: :bandera_venezuela:
V3-01176,Que lo vayan a tortur4r de una vez esperame afuera,3,v3_amenaza_ofuscada,amenaza_ofuscada|Que lo vayan a {v} de una vez,Amenaza Directa,Que lo vayan a tortur4r de una vez esperame afuera
V3-01177,Va a desaparecer ese maje 🧹,3,v3_emoji_clase3,emoji_clase3|emoji_🧹,Migrantes y grupos étnicos,Va a desaparecer ese maje :escoba:
V3-01178,"Callate ya, best14",1,v3_ofensivo_ofuscado,"ofensivo_ofuscado|Volvé cuando aprendás, {t}",Insulto,"Callate ya, best14"
V3-01179,Me dan ganas de reven7arlo te lo juro,3,v3_amenaza_ofuscada,amenaza_ofuscada|Me dan ganas de {v}lo,Amenaza Directa,Me dan ganas de reven7arlo te lo juro
V3-01180,La comida de los indígenas está buenísima,0,v3_nacionalidad_notoxico,nacionalidad_notoxico|La comida de los {g} está buenísima,,La comida de los indígenas está buenísima
V3-01181,"Da asco verte, mejisimi",2,v3_odio_ofuscado,"odio_ofuscado|Gente como vos sobra, {t}",Xenofobia,"Da asco verte, mejisimi"
V3-01182,Los indígenas 👨‍🌾🐒 son basura,2,v3_emoji_clase2,emoji_clase2|emoji_👨‍🌾🐒,Pueblos indígenas,Los indígenas :hombre: :espiga_de_arroz: :mono: son basura
V3-01183,Me gusta mucho la música de los colombianos,0,v3_nacionalidad_notoxico,nacionalidad_notoxico|Me gusta mucho la música de los {g},,Me gusta mucho la música de los colombianos
V3-01184,Los obesos son escoria 🐖,2,v3_emoji_clase2,emoji_clase2|emoji_🐖,Personas con sobrepeso,Los obesos son escoria :cerdo:
V3-01185,"Callate ya, kvles",1,v3_ofensivo_ofuscado,"ofensivo_ofuscado|Ya cállese, {t}",Palabras obscenas,"Callate ya, kvles"
V3-01186,Decile que ya le tocó a ese,3,v3_amenaza_eufemismo,amenaza_eufemismo|eufemismo_reportado,Amenaza Implícita,Decile que ya le tocó a ese
V3-01187,"Andate de aquí, bavos0",1,v3_ofensivo_ofuscado,"ofensivo_ofuscado|Mejor callate, {t}",Insulto,"Andate de aquí, bavos0"
V3-01188,"Aquí no te queremos, arr4ztrada",2,v3_odio_ofuscado,"odio_ofuscado|No perteneces aquí, {t}",Sexismo,"Aquí no te queremos, arr4ztrada"
V3-01189,Ese cerote me cae bien la verdad,0,v3_jerga_notoxico,jerga_notoxico|Ese {t} me cae bien la verdad,,Ese cerote me cae bien la verdad
V3-01190,Ya son demasiados 🐁 pobres en este país,2,v3_emoji_clase2,emoji_clase2|emoji_🐁,Migrantes y personas empobrecidas,Ya son demasiados :ratón: pobres en este país
V3-01191,Mirá al bezti4 este,1,v3_ofensivo_ofuscado,"ofensivo_ofuscado|Ya cállese, {t}",Insulto,Mirá al bezti4 este
V3-01192,"Qué pereza leerte, chvc0",1,v3_ofensivo_ofuscado,"ofensivo_ofuscado|No hablés de lo que no sabés, {t}",Insulto,"Qué pereza leerte, chvc0"
V3-01193,Hay que m a t a rlos a todos vas a ver,3,v3_amenaza_ofuscada,amenaza_ofuscada|Hay que {v}los a todos,Amenaza Directa,Hay que m a t a rlos a todos vas a ver
V3-01194,"Aquí no te queremos, negr@",2,v3_odio_ofuscado,"odio_ofuscado|Andate a tu país, {t}",Racismo,"Aquí no te queremos, negr@"
V3-01195,"Odio a los negros, son puro estorbo 🥷",2,v3_emoji_clase2,emoji_clase2|emoji_🥷,Afrodescendientes,"Odio a los negros, son puro estorbo :ninja:"
V3-01196,Deberían partir a todos esos esperame afuera,3,v3_amenaza_ofuscada,amenaza_ofuscada|Deberían {v} a todos esos,Amenaza Directa,Deberían partir a todos esos esperame afuera
V3-01197,Si lo vuelvo a ver lo voy a fusil4r anotalo,3,v3_amenaza_ofuscada,amenaza_ofuscada|Si lo vuelvo a ver lo voy a {v},Amenaza Directa,Si lo vuelvo a ver lo voy a fusil4r anotalo
V3-01198,Saludos al bayunco de mi parte,0,v3_jerga_notoxico,jerga_notoxico|Saludos al {t} de mi parte,,Saludos al bayunco de mi parte
V3-01199,El concierto estuvo increíble ⚽,0,v3_emoji_benigno,emoji_benigno|benigno_⚽,,El concierto estuvo increíble :balón_de_fútbol:
V3-01200,No respondo si lo llego a m474r anotalo,3,v3_amenaza_ofuscada,amenaza_ofuscada|No respondo si lo llego a {v},Amenaza Directa,No respondo si lo llego a m474r anotalo
V3-01201,"Ya me hartaste, 1diota",1,v3_ofensivo_ofuscado,"ofensivo_ofuscado|No jodás más, {t}",Insulto,"Ya me hartaste, 1diota"
V3-01202,Ahí le dejo el licor que le debía,0,v3_jerga_control,jerga_control|Ahí le dejo el {t} que le debía,,Ahí le dejo el licor que le debía
V3-01203,Mi vecino es mexicano y es buena gente,0,v3_nacionalidad_notoxico,nacionalidad_notoxico|Mi vecino es {gs} y es buena gente,,Mi vecino es mexicano y es buena gente
V3-01204,"Por gente como vos está así el país, inmiqrante",2,v3_odio_ofuscado,"odio_ofuscado|Aquí no te queremos, {t}",Xenofobia,"Por gente como vos está así el país, inmiqrante"
V3-01205,"Da asco verte, lesbi@na",2,v3_odio_ofuscado,"odio_ofuscado|Ojalá te deporten, {t}",Homofobia,"Da asco verte, lesbi@na"
V3-01206,"caramba, ya se me hizo tarde otra vez",0,v3_jerga_control,"jerga_control|{t}, ya se me hizo tarde otra vez",,"caramba, ya se me hizo tarde otra vez"
V3-01207,"Aquí no te queremos, p4ndillero",2,v3_odio_ofuscado,"odio_ofuscado|No perteneces aquí, {t}",Xenofobia,"Aquí no te queremos, p4ndillero"
V3-01208,"Que se vayan los 🏳️‍🌈👀 homosexuales, sobran en este país",2,v3_emoji_clase2,emoji_clase2|emoji_🏳️‍🌈👀,Personas LGBT,"Que se vayan los :bandera_blanca: :arcoíris: :ojos: homosexuales, sobran en este país"
V3-01209,Ojalá lo mataren pronto 💣,3,v3_emoji_clase3,emoji_clase3|emoji_💣,Colectivo,Ojalá lo mataren pronto :bomba:
V3-01210,Lo van a apppuñalar a ese te lo juro,3,v3_amenaza_ofuscada,amenaza_ofuscada|Lo van a {v} a ese,Amenaza Directa,Lo van a apppuñalar a ese te lo juro
V3-01211,"Que se vayan los migrantes, son mierda 🚽🧻",2,v3_emoji_clase2,emoji_clase2|emoji_🚽🧻,Migrantes y personas empobrecidas,"Que se vayan los migrantes, son mierda :inodoro: :rollo_de_papel:"
V3-01212,Los mexicanos son basura y nadie lo dice,2,v3_odio_grupo,odio_grupo|Los {g} {p} y nadie lo dice,Xenofobia,Los mexicanos son basura y nadie lo dice
V3-01213,El alero está bien tranquilo hoy,0,v3_jerga_notoxico,jerga_notoxico|El {t} está bien tranquilo hoy,,El alero está bien tranquilo hoy
V3-01214,"Otra vez vos, p*tada",1,v3_ofensivo_ofuscado,"ofensivo_ofuscado|Qué {t}, en serio",nan,"Otra vez vos, p*tada"
V3-01215,"Otra vez vos, qorgojos",1,v3_ofensivo_ofuscado,"ofensivo_ofuscado|Qué {t}, en serio",Insulto,"Otra vez vos, qorgojos"
V3-01216,Los nicaragüenses traen unas recetas buenísimas,0,v3_nacionalidad_notoxico,nacionalidad_notoxico|Los {g} traen unas recetas buenísimas,,Los nicaragüenses traen unas recetas buenísimas
V3-01217,Sos un c.h.u.c.o y punto,1,v3_ofensivo_ofuscado,"ofensivo_ofuscado|Nadie te preguntó, {t}",Insulto,Sos un c.h.u.c.o y punto
V3-01218,"Cerrá el hocico, vengans4",1,v3_ofensivo_ofuscado,"ofensivo_ofuscado|Qué pereza leerte, {t}",nan,"Cerrá el hocico, vengans4"
V3-01219,Dejame el objeto sobre la mesa,0,v3_jerga_control,jerga_control|Dejame el {t} sobre la mesa,,Dejame el objeto sobre la mesa
V3-01220,Fuera los guatemaltecos de nuestro país,2,v3_odio_grupo,odio_grupo|Fuera los {g} de nuestro país,Xenofobia,Fuera los guatemaltecos de nuestro país
V3-01221,Que lo vayan a linch4r de una vez esperame afuera,3,v3_amenaza_ofuscada,amenaza_ofuscada|Que lo vayan a {v} de una vez,Amenaza Directa,Que lo vayan a linch4r de una vez esperame afuera
V3-01222,"No sabés nada, fasizt4",1,v3_ofensivo_ofuscado,"ofensivo_ofuscado|Andate de aquí, {t}",Insulto,"No sabés nada, fasizt4"
V3-01223,No encuentro el bolado por ningún lado,0,v3_jerga_notoxico,jerga_notoxico|No encuentro el {t} por ningún lado,,No encuentro el bolado por ningún lado
V3-01224,Saludos al chero de mi parte,0,v3_jerga_notoxico,jerga_notoxico|Saludos al {t} de mi parte,,Saludos al chero de mi parte
V3-01225,"Me da igual lo que digas, alero chuk0",1,v3_jerga_ofensivo,"jerga_ofensivo|Me da igual lo que digas, {t}",Insulto Directo,"Me da igual lo que digas, alero chuk0"
V3-01226,Los colombianos ganaron el partido de ayer,0,v3_nacionalidad_notoxico,nacionalidad_notoxico|Los {g} ganaron el partido de ayer,,Los colombianos ganaron el partido de ayer
V3-01227,Tengo varios amigos nicaragüenses en el trabajo,0,v3_nacionalidad_notoxico,nacionalidad_notoxico|Tengo varios amigos {g} en el trabajo,,Tengo varios amigos nicaragüenses en el trabajo
V3-01228,"Regresate de donde viniste, n4rg3nt1n4",2,v3_odio_ofuscado,"odio_ofuscado|Da asco verte, {t}",Xenofobia,"Regresate de donde viniste, n4rg3nt1n4"
V3-01229,Ya se acabó la pachanga y todos contentos,0,v3_jerga_notoxico,jerga_notoxico|Ya se acabó la {t} y todos contentos,,Ya se acabó la pachanga y todos contentos
V3-01230,"Mejor callate, m.a.r.i.c.o.n",1,v3_ofensivo_ofuscado,"ofensivo_ofuscado|Me da igual lo que digas, {t}",Insulto,"Mejor callate, m.a.r.i.c.o.n"
V3-01231,Ese alero nunca falla cuando se le necesita,0,v3_jerga_notoxico,jerga_notoxico|Ese {t} nunca falla cuando se le necesita,,Ese alero nunca falla cuando se le necesita
V3-01232,Ese hombre es bien codo con la familia,0,v3_jerga_notoxico,jerga_notoxico|Ese hombre es bien {t} con la familia,,Ese hombre es bien codo con la familia
V3-01233,Ese no llega al lunes 💀,3,v3_emoji_clase3,emoji_clase3|emoji_💀,Personas enfermas,Ese no llega al lunes :calavera:
V3-01234,"Me da igual lo que digas, sinverguenza",1,v3_ofensivo_ofuscado,"ofensivo_ofuscado|Hablando pura paja, {t}",Insulto,"Me da igual lo que digas, sinverguenza"
V3-01235,"Por gente como vos está así el país, mejicano",2,v3_odio_ofuscado,"odio_ofuscado|Por gente como vos está así el país, {t}",Xenofobia,"Por gente como vos está así el país, mejicano"
V3-01236,"No jodás más, p-i-n-c-h-e",1,v3_ofensivo_ofuscado,ofensivo_ofuscado|Sos un {t} y punto,Insulto,"No jodás más, p-i-n-c-h-e"
V3-01237,Ese prep@go otra vez,1,v3_ofensivo_ofuscado,"ofensivo_ofuscado|Qué pereza leerte, {t}",Insulto,Ese prep@go otra vez
V3-01238,"Regresate de donde viniste, tr*mpudo",2,v3_odio_ofuscado,"odio_ofuscado|Gente como vos sobra, {t}",Racismo,"Regresate de donde viniste, tr*mpudo"
V3-01239,"Qué fasi$ta, en serio",1,v3_ofensivo_ofuscado,"ofensivo_ofuscado|Sos lo peor que hay, {t}",Insulto,"Qué fasi$ta, en serio"
V3-01240,Que Dios los bendiga a todos 🥳,0,v3_emoji_benigno,emoji_benigno|benigno_🥳,,Que Dios los bendiga a todos :cara_de_fiesta:
V3-01241,Ya son demasiados muertos 🐶 de hambre en este país,2,v3_emoji_clase2,emoji_clase2|emoji_🐶,Personas en situación de pobreza,Ya son demasiados muertos :cara_de_perro: de hambre en este país
V3-01242,"Odio a los trans, son una plaga 🏳️‍🌈👀",2,v3_emoji_clase2,emoji_clase2|emoji_🏳️‍🌈👀,Personas LGBT,"Odio a los trans, son una plaga :bandera_blanca: :arcoíris: :ojos:"
V3-01243,Ese maje nunca falla cuando se le necesita 🎉,0,v3_emoji_benigno,emoji_benigno|benigno_🎉,,Ese maje nunca falla cuando se le necesita :cañón_de_confeti:
V3-01244,"Qué pereza leerte, vrutico",1,v3_ofensivo_ofuscado,"ofensivo_ofuscado|Qué asco das, {t}",Insulto,"Qué pereza leerte, vrutico"
V3-01245,"Andate de aquí, es*obas",1,v3_ofensivo_ofuscado,"ofensivo_ofuscado|Ya me hartaste, {t}",Insulto,"Andate de aquí, es*obas"
V3-01246,"Regresate de donde viniste, l*sbiana",2,v3_odio_ofuscado,"odio_ofuscado|Ojalá te deporten, {t}",Homofobia,"Regresate de donde viniste, l*sbiana"
V3-01247,Que lo vayan a f*****r de una vez ya vas a ver,3,v3_amenaza_ofuscada,amenaza_ofuscada|Que lo vayan a {v} de una vez,Amenaza Directa,Que lo vayan a f*****r de una vez ya vas a ver
V3-01248,"Todos los centroamericanos no 🐒 son gente, sin excepción",2,v3_emoji_clase2,emoji_clase2|emoji_🐒,Latinoamericanos,"Todos los centroamericanos no :mono: son gente, sin excepción"
V3-01249,"Dejá de escribir, chambros0",1,v3_ofensivo_ofuscado,"ofensivo_ofuscado|Volvé cuando aprendás, {t}",Insulto,"Dejá de escribir, chambros0"
V3-01250,Ya quisiera t0rtur4r a ese maje ya vas a ver,3,v3_amenaza_ofuscada,amenaza_ofuscada|Ya quisiera {v} a ese maje,Amenaza Directa,Ya quisiera t0rtur4r a ese maje ya vas a ver
V3-01251,"Qué os*co, en serio",1,v3_ofensivo_ofuscado,ofensivo_ofuscado|Ese {t} otra vez,Insulto,"Qué os*co, en serio"
V3-01252,"Qué hokiko, en serio",1,v3_ofensivo_ofuscado,"ofensivo_ofuscado|Qué pereza leerte, {t}",Insulto,"Qué hokiko, en serio"
V3-01253,"Gente como vos sobra, par@sitar",2,v3_odio_ofuscado,"odio_ofuscado|No perteneces aquí, {t}",Xenofobia,"Gente como vos sobra, par@sitar"
V3-01254,Ya son demasiados viejos en este país 👴👻,2,v3_emoji_clase2,emoji_clase2|emoji_👴👻,Adultos mayores,Ya son demasiados viejos en este país :anciano: :fantasma:
V3-01255,"Eso es lo que sos, un venganz@",1,v3_ofensivo_ofuscado,"ofensivo_ofuscado|Nadie te preguntó, {t}",nan,"Eso es lo que sos, un venganz@"
V3-01256,"Sos lo peor que hay, vestia",1,v3_ofensivo_ofuscado,ofensivo_ofuscado|Mirá al {t} este,Insulto,"Sos lo peor que hay, vestia"
V3-01257,Fuera los gordos 🐋 de nuestro país,2,v3_emoji_clase2,emoji_clase2|emoji_🐋,Personas con sobrepeso,Fuera los gordos :ballena: de nuestro país
V3-01258,"Eso es lo que sos, un hijuepta",1,v3_ofensivo_ofuscado,"ofensivo_ofuscado|Mejor callate, {t}",Insulto,"Eso es lo que sos, un hijuepta"
V3-01259,"Te van a g o l p e a r si seguís así y no es amenaza, es aviso",3,v3_amenaza_ofuscada,amenaza_ofuscada|Te van a {v} si seguís así,Amenaza Directa,"Te van a g o l p e a r si seguís así y no es amenaza, es aviso"
V3-01260,"Que se vayan los indígenas, son mierda",2,v3_odio_grupo,"odio_grupo|Que se vayan los {g}, {p}",Xenofobia,"Que se vayan los indígenas, son mierda"
V3-01261,Te van a p@rtir si seguís así anotalo,3,v3_amenaza_ofuscada,amenaza_ofuscada|Te van a {v} si seguís así,Amenaza Directa,Te van a p@rtir si seguís así anotalo
V3-01262,El día amaneció bien excelente hoy,0,v3_jerga_control,jerga_control|El día amaneció bien {t} hoy,,El día amaneció bien excelente hoy
V3-01263,"Andate a tu país, c.u.c.h.e",2,v3_odio_ofuscado,"odio_ofuscado|Por gente como vos está así el país, {t}",Homofobia,"Andate a tu país, c.u.c.h.e"
V3-01264,"Todo bien con el chero, no hay pleito 🌮",0,v3_emoji_benigno,emoji_benigno|benigno_🌮,,"Todo bien con el chero, no hay pleito :taco:"
V3-01265,Le van a dar para sus tamales 💀,3,v3_emoji_clase3,emoji_clase3|emoji_💀,Personas enfermas,Le van a dar para sus tamales :calavera:
V3-01266,"Cerrá el hocico, cerote s!nverguenza",1,v3_jerga_ofensivo,"jerga_ofensivo|Cerrá el hocico, {t}",Insulto Directo,"Cerrá el hocico, cerote s!nverguenza"
V3-01267,"Mejor callate, d3spreciable",1,v3_ofensivo_ofuscado,"ofensivo_ofuscado|Hablando pura paja, {t}",Insulto,"Mejor callate, d3spreciable"
V3-01268,Ese har@gan otra vez,1,v3_ofensivo_ofuscado,"ofensivo_ofuscado|Andate de aquí, {t}",Insulto,Ese har@gan otra vez
V3-01269,"Mientras más viejos llegan, peor está todo 👴💀",2,v3_emoji_clase2,emoji_clase2|emoji_👴💀,Adultos mayores,"Mientras más viejos llegan, peor está todo :anciano: :calavera:"
V3-01270,Si lo vuelvo a ver lo voy a f.u.s.i.l.a.r,3,v3_amenaza_ofuscada,amenaza_ofuscada|Si lo vuelvo a ver lo voy a {v},Amenaza Directa,Si lo vuelvo a ver lo voy a f.u.s.i.l.a.r
V3-01271,Prestame el bolado para el pasaje porfa,0,v3_jerga_notoxico,jerga_notoxico|Prestame el {t} para el pasaje porfa,,Prestame el bolado para el pasaje porfa
V3-01272,"Ojalá te deporten, p4ndill3ro",2,v3_odio_ofuscado,"odio_ofuscado|Da asco verte, {t}",Xenofobia,"Ojalá te deporten, p4ndill3ro"
V3-01273,"Odio a los venezolanos, son puro estorbo",2,v3_odio_grupo,"odio_grupo|Odio a los {g}, {p}",Xenofobia,"Odio a los venezolanos, son puro estorbo"
V3-01274,"Que se vayan los morenos, son escoria 🦶",2,v3_emoji_clase2,emoji_clase2|emoji_🦶,Personas racializadas,"Que se vayan los morenos, son escoria :pie:"
V3-01275,"Qué pereza leerte, chol3r0",1,v3_ofensivo_ofuscado,"ofensivo_ofuscado|Otra vez vos, {t}",Insulto,"Qué pereza leerte, chol3r0"
V3-01276,"Da asco verte, g0rrona",2,v3_odio_ofuscado,"odio_ofuscado|Aquí no te queremos, {t}",Sexismo,"Da asco verte, g0rrona"
V3-01277,"No hablés de lo que no sabés, feriaaa",1,v3_ofensivo_ofuscado,"ofensivo_ofuscado|Me da igual lo que digas, {t}",Insulto,"No hablés de lo que no sabés, feriaaa"
V3-01278,A ese hay que golpearlo antes de que siga vas a ver,3,v3_amenaza_ofuscada,amenaza_ofuscada|A ese hay que {v}lo antes de que siga,Amenaza Directa,A ese hay que golpearlo antes de que siga vas a ver
V3-01279,Ese pajero me cae bien la verdad,0,v3_jerga_notoxico,jerga_notoxico|Ese {t} me cae bien la verdad,,Ese pajero me cae bien la verdad
V3-01280,Saludos al alero de mi parte,0,v3_jerga_notoxico,jerga_notoxico|Saludos al {t} de mi parte,,Saludos al alero de mi parte
V3-01281,Uno de estos días lo van a colg@r te lo juro,3,v3_amenaza_ofuscada,amenaza_ofuscada|Uno de estos días lo van a {v},Amenaza Directa,Uno de estos días lo van a colg@r te lo juro
V3-01282,Fuera los judíos de nuestro país 🙋‍♂️,2,v3_emoji_clase2,emoji_clase2|emoji_🙋‍♂️,Judíos,Fuera los judíos de nuestro país :persona_con_la_mano_levantada: :signo_masculino:
V3-01283,Ya le llegó su día a ese 💣,3,v3_emoji_clase3,emoji_clase3|emoji_💣,Colectivo,Ya le llegó su día a ese :bomba:
V3-01284,"Eso es lo que sos, un h0ciko",1,v3_ofensivo_ofuscado,"ofensivo_ofuscado|Callate ya, {t}",Insulto,"Eso es lo que sos, un h0ciko"
V3-01285,"No jodás más, mamal",1,v3_ofensivo_ofuscado,"ofensivo_ofuscado|Ya me hartaste, {t}",Palabras obscenas,"No jodás más, mamal"
V3-01286,Van a ir a visitarlo esta noche 🪦,3,v3_emoji_clase3,emoji_clase3|emoji_🪦,Individuo,Van a ir a visitarlo esta noche :lápida:
V3-01287,"Dejá de escribir, pi$to",1,v3_ofensivo_ofuscado,"ofensivo_ofuscado|Qué asco das, {t}",Insulto,"Dejá de escribir, pi$to"
V3-01288,"🐒 Todos los latinos son basura, sin excepción",2,v3_emoji_clase2,emoji_clase2|emoji_🐒,Latinoamericanos,":mono: Todos los latinos son basura, sin excepción"
V3-01289,"Mejor callate, c-h-u-c-o",1,v3_ofensivo_ofuscado,"ofensivo_ofuscado|Me da igual lo que digas, {t}",Insulto,"Mejor callate, c-h-u-c-o"
V3-01290,Ese chero siempre llega tarde pero llega,0,v3_jerga_notoxico,jerga_notoxico|Ese {t} siempre llega tarde pero llega,,Ese chero siempre llega tarde pero llega
V3-01291,Un cubano siempre va a ser un problema,2,v3_odio_grupo,odio_grupo|Un {gs} siempre va a ser un problema,Xenofobia,Un cubano siempre va a ser un problema
V3-01292,"Volvé cuando aprendás, ch*lco",1,v3_ofensivo_ofuscado,"ofensivo_ofuscado|Volvé cuando aprendás, {t}",Insulto,"Volvé cuando aprendás, ch*lco"
V3-01293,Quedó yuca el trabajo que hicieron,0,v3_jerga_notoxico,jerga_notoxico|Quedó {t} el trabajo que hicieron,,Quedó yuca el trabajo que hicieron
V3-01294,"No jodás más, babosooo",1,v3_ofensivo_ofuscado,ofensivo_ofuscado|Ese {t} otra vez,Insulto,"No jodás más, babosooo"
V3-01295,Con gusto lo p4rt1rría yo mismo esperame afuera,3,v3_amenaza_ofuscada,amenaza_ofuscada|Con gusto lo {v}ría yo mismo,Amenaza Directa,Con gusto lo p4rt1rría yo mismo esperame afuera
V3-01296,Ese chucho es mi mejor amigo desde la escuela,0,v3_jerga_notoxico,jerga_notoxico|Ese {t} es mi mejor amigo desde la escuela,,Ese chucho es mi mejor amigo desde la escuela
V3-01297,"🧟 Ya me hartaste, chucos",1,v3_emoji_clase1,emoji_clase1|emoji_🧟,Colectivo político,":zombi: Ya me hartaste, chucos"
V3-01298,"Callate ya, b.u.r.r.o",1,v3_ofensivo_ofuscado,"ofensivo_ofuscado|Hablando pura paja, {t}",Insulto,"Callate ya, b.u.r.r.o"
V3-01299,"Andate a tu país, cuch",2,v3_odio_ofuscado,"odio_ofuscado|Gente como vos sobra, {t}",Homofobia,"Andate a tu país, cuch"
V3-01300,"Ya me hartaste, pixa",1,v3_ofensivo_ofuscado,"ofensivo_ofuscado|Ya cállese, {t}",Palabras obscenas,"Ya me hartaste, pixa"
V3-01301,Conocí a un guatemalteco muy amable ayer,0,v3_nacionalidad_notoxico,nacionalidad_notoxico|Conocí a un {gs} muy amable ayer,,Conocí a un guatemalteco muy amable ayer
V3-01302,Mirá al bruticos este 🧟,1,v3_emoji_clase1,emoji_clase1|emoji_🧟,Colectivo político,Mirá al bruticos este :zombi:
V3-01303,Voy a ir a p4rtirte a tu casa acordate de esto,3,v3_amenaza_ofuscada,amenaza_ofuscada|Voy a ir a {v}te a tu casa,Amenaza Directa,Voy a ir a p4rtirte a tu casa acordate de esto
V3-01304,Sos un hoc1ko y punto,1,v3_ofensivo_ofuscado,"ofensivo_ofuscado|Ya cállese, {t}",Insulto,Sos un hoc1ko y punto
V3-01305,Conocí a un mexicano muy amable ayer,0,v3_nacionalidad_notoxico,nacionalidad_notoxico|Conocí a un {gs} muy amable ayer,,Conocí a un mexicano muy amable ayer
V3-01306,"Ojalá te deporten, m*jisimio",2,v3_odio_ofuscado,"odio_ofuscado|Gente como vos sobra, {t}",Xenofobia,"Ojalá te deporten, m*jisimio"
V3-01307,Ese ya se fue ⚱️,3,v3_emoji_clase3,emoji_clase3|emoji_⚱️,Individuo,Ese ya se fue :urna_funeraria:
V3-01308,"Por gente como vos está así el país, mejisimi0",2,v3_odio_ofuscado,"odio_ofuscado|No perteneces aquí, {t}",Xenofobia,"Por gente como vos está así el país, mejisimi0"
V3-01309,Los indígenas ganaron el partido de ayer,0,v3_nacionalidad_notoxico,nacionalidad_notoxico|Los {g} ganaron el partido de ayer,,Los indígenas ganaron el partido de ayer
V3-01310,No respondo si lo llego a q u e b r a r ya vas a ver,3,v3_amenaza_ofuscada,amenaza_ofuscada|No respondo si lo llego a {v},Amenaza Directa,No respondo si lo llego a q u e b r a r ya vas a ver
V3-01311,"Ya me hartaste, pip1an",1,v3_ofensivo_ofuscado,"ofensivo_ofuscado|No jodás más, {t}",Insulto,"Ya me hartaste, pip1an"
V3-01312,Qué tuanis te quedó la casa,0,v3_jerga_notoxico,jerga_notoxico|Qué {t} te quedó la casa,,Qué tuanis te quedó la casa
V3-01313,"Ya cállese, veng4nza",1,v3_ofensivo_ofuscado,"ofensivo_ofuscado|Qué {t}, en serio",nan,"Ya cállese, veng4nza"
V3-01314,"🧃 Mientras más judíos llegan, peor está todo",2,v3_emoji_clase2,emoji_clase2|emoji_🧃,Judíos,":tetrabrik: Mientras más judíos llegan, peor está todo"
V3-01315,Decile que le tienen el traje listo,3,v3_amenaza_eufemismo,amenaza_eufemismo|eufemismo_reportado,Amenaza Implícita,Decile que le tienen el traje listo
V3-01316,"Odio a los negros, son mierda 🤮🙈",2,v3_emoji_clase2,emoji_clase2|emoji_🤮🙈,Personas racializadas,"Odio a los negros, son mierda :cara_vomitando: :mono_con_los_ojos_tapados:"
V3-01317,A ese lo están esperando en la esquina 🧹,3,v3_emoji_clase3,emoji_clase3|emoji_🧹,Migrantes y grupos étnicos,A ese lo están esperando en la esquina :escoba:
V3-01318,Ya son demasiados tarados en este país 🧠🚫,2,v3_emoji_clase2,emoji_clase2|emoji_🧠🚫,Personas con discapacidad intelectual,Ya son demasiados tarados en este país :cerebro: :prohibido:
V3-01319,"Los venezolanos son una plaga, así de simple",2,v3_odio_grupo,"odio_grupo|Los {g} {p}, así de simple",Xenofobia,"Los venezolanos son una plaga, así de simple"
V3-01320,"Deberían l.i.n.c.h.a.r a todos esos y no es amenaza, es aviso",3,v3_amenaza_ofuscada,amenaza_ofuscada|Deberían {v} a todos esos,Amenaza Directa,"Deberían l.i.n.c.h.a.r a todos esos y no es amenaza, es aviso"
V3-01321,"Nadie te preguntó, inept0",1,v3_ofensivo_ofuscado,"ofensivo_ofuscado|Hablando pura paja, {t}",Insulto,"Nadie te preguntó, inept0"
V3-01322,"Todo bien con el perro, no hay pleito",0,v3_jerga_control,"jerga_control|Todo bien con el {t}, no hay pleito",,"Todo bien con el perro, no hay pleito"
V3-01323,La comida de los colombianos está buenísima,0,v3_nacionalidad_notoxico,nacionalidad_notoxico|La comida de los {g} está buenísima,,La comida de los colombianos está buenísima
V3-01324,"Callate ya, b-e-s-t-i-a",1,v3_ofensivo_ofuscado,"ofensivo_ofuscado|Mejor callate, {t}",Insulto,"Callate ya, b-e-s-t-i-a"
V3-01325,Hay que @puñ@l@rlos a todos ya vas a ver,3,v3_amenaza_ofuscada,amenaza_ofuscada|Hay que {v}los a todos,Amenaza Directa,Hay que @puñ@l@rlos a todos ya vas a ver
V3-01326,Los cubanos son mierda y nadie lo dice,2,v3_odio_grupo,odio_grupo|Los {g} {p} y nadie lo dice,Xenofobia,Los cubanos son mierda y nadie lo dice
V3-01327,"Mejor callate, ha*agan",1,v3_ofensivo_ofuscado,ofensivo_ofuscado|Ese {t} otra vez,Insulto,"Mejor callate, ha*agan"
V3-01328,"Que se vayan los morenos, son basura 🤮🙈",2,v3_emoji_clase2,emoji_clase2|emoji_🤮🙈,Personas racializadas,"Que se vayan los morenos, son basura :cara_vomitando: :mono_con_los_ojos_tapados:"
V3-01329,Qué buena estuvo la pachanga de anoche,0,v3_jerga_notoxico,jerga_notoxico|Qué buena estuvo la {t} de anoche,,Qué buena estuvo la pachanga de anoche
V3-01330,Los hondureños ganaron el partido de ayer,0,v3_nacionalidad_notoxico,nacionalidad_notoxico|Los {g} ganaron el partido de ayer,,Los hondureños ganaron el partido de ayer
V3-01331,"Me da igual lo que digas, cipote j*der",1,v3_jerga_ofensivo,"jerga_ofensivo|Me da igual lo que digas, {t}",Insulto Directo,"Me da igual lo que digas, cipote j*der"
V3-01332,"No perteneces aquí, qorr0na",2,v3_odio_ofuscado,"odio_ofuscado|Gente como vos sobra, {t}",Sexismo,"No perteneces aquí, qorr0na"
V3-01333,Lo van a p****r a ese ya vas a ver,3,v3_amenaza_ofuscada,amenaza_ofuscada|Lo van a {v} a ese,Amenaza Directa,Lo van a p****r a ese ya vas a ver
V3-01334,"Dejá de escribir, mico",1,v3_ofensivo_ofuscado,"ofensivo_ofuscado|Sos lo peor que hay, {t}",Palabras obscenas,"Dejá de escribir, mico"
V3-01335,Muchas gracias por la ayuda de ayer 🤝,0,v3_emoji_benigno,emoji_benigno|benigno_🤝,,Muchas gracias por la ayuda de ayer :apretón_de_manos:
V3-01336,Hay que colgarlos a todos ya vas a ver,3,v3_amenaza_ofuscada,amenaza_ofuscada|Hay que {v}los a todos,Amenaza Directa,Hay que colgarlos a todos ya vas a ver
V3-01337,"Mientras más cubanos llegan, peor está todo",2,v3_odio_grupo,"odio_grupo|Mientras más {g} llegan, peor está todo",Xenofobia,"Mientras más cubanos llegan, peor está todo"
V3-01338,"Da asco verte, t*ompudo",2,v3_odio_ofuscado,"odio_ofuscado|No perteneces aquí, {t}",Racismo,"Da asco verte, t*ompudo"
V3-01339,Ojalá lo part1ren pronto vas a ver,3,v3_amenaza_ofuscada,amenaza_ofuscada|Ojalá lo {v}en pronto,Amenaza Directa,Ojalá lo part1ren pronto vas a ver
V3-01340,"Gente como vos sobra, mejisimio",2,v3_odio_ofuscado,"odio_ofuscado|Regresate de donde viniste, {t}",Xenofobia,"Gente como vos sobra, mejisimio"
V3-01341,"Qué asco das, mierd4",1,v3_ofensivo_ofuscado,"ofensivo_ofuscado|Me da igual lo que digas, {t}",Palabras obscenas,"Qué asco das, mierd4"
V3-01342,Trabajo con un venezolano muy responsable,0,v3_nacionalidad_notoxico,nacionalidad_notoxico|Trabajo con un {gs} muy responsable,,Trabajo con un venezolano muy responsable
V3-01343,"Por gente como vos está así el país, narg3nt1na",2,v3_odio_ofuscado,"odio_ofuscado|Regresate de donde viniste, {t}",Xenofobia,"Por gente como vos está así el país, narg3nt1na"
V3-01344,Los colombianos no son gente y nadie lo dice,2,v3_odio_grupo,odio_grupo|Los {g} {p} y nadie lo dice,Xenofobia,Los colombianos no son gente y nadie lo dice
V3-01345,Hay que liiincharlos a todos acordate de esto,3,v3_amenaza_ofuscada,amenaza_ofuscada|Hay que {v}los a todos,Amenaza Directa,Hay que liiincharlos a todos acordate de esto
V3-01346,Trabajo con un guatemalteco muy responsable,0,v3_nacionalidad_notoxico,nacionalidad_notoxico|Trabajo con un {gs} muy responsable,,Trabajo con un guatemalteco muy responsable
V3-01347,Prestame el pisto para el pasaje porfa,0,v3_jerga_notoxico,jerga_notoxico|Prestame el {t} para el pasaje porfa,,Prestame el pisto para el pasaje porfa
V3-01348,Buena suerte en el examen 🥳,0,v3_emoji_benigno,emoji_benigno|benigno_🥳,,Buena suerte en el examen :cara_de_fiesta:
V3-01349,Alguien debería g.o.l.p.e.a.r a ese tipo ya vas a ver,3,v3_amenaza_ofuscada,amenaza_ofuscada|Alguien debería {v} a ese tipo,Amenaza Directa,Alguien debería g.o.l.p.e.a.r a ese tipo ya vas a ver
V3-01350,Vamos a quuuemar a ese maje ya vas a ver,3,v3_amenaza_ofuscada,amenaza_ofuscada|Vamos a {v} a ese maje,Amenaza Directa,Vamos a quuuemar a ese maje ya vas a ver
V3-01351,"Cerrá el hocico, rata",1,v3_ofensivo_ofuscado,"ofensivo_ofuscado|Qué {t}, en serio",Insulto,"Cerrá el hocico, rata"
V3-01352,No quiero ni un cubano cerca de mi familia,2,v3_odio_grupo,odio_grupo|No quiero ni un {gs} cerca de mi familia,Xenofobia,No quiero ni un cubano cerca de mi familia
V3-01353,"Ya cállese, cul@",1,v3_ofensivo_ofuscado,"ofensivo_ofuscado|Ya cállese, {t}",Palabras obscenas,"Ya cállese, cul@"
V3-01354,🧹 Ya le tocó a ese,3,v3_emoji_clase3,emoji_clase3|emoji_🧹,Migrantes y grupos étnicos,:escoba: Ya le tocó a ese
V3-01355,Los gordos dan asco y nadie lo dice 🐋,2,v3_emoji_clase2,emoji_clase2|emoji_🐋,Personas con sobrepeso,Los gordos dan asco y nadie lo dice :ballena:
V3-01356,Te voy a dar piso vas a ver,3,v3_amenaza_eufemismo,amenaza_eufemismo|eufemismo_con_cola,Amenaza Implícita,Te voy a dar piso vas a ver
V3-01357,Mirá al mediocreee este,1,v3_ofensivo_ofuscado,"ofensivo_ofuscado|Qué pereza leerte, {t}",Insulto,Mirá al mediocreee este
V3-01358,"Cerrá el hocico, chol3ro",1,v3_ofensivo_ofuscado,"ofensivo_ofuscado|Cerrá el hocico, {t}",Insulto,"Cerrá el hocico, chol3ro"
V3-01359,Que lo vayan a matar de una vez anotalo,3,v3_amenaza_ofuscada,amenaza_ofuscada|Que lo vayan a {v} de una vez,Amenaza Directa,Que lo vayan a matar de una vez anotalo
V3-01360,Vamos a ver al chota el domingo,0,v3_jerga_notoxico,jerga_notoxico|Vamos a ver al {t} el domingo,,Vamos a ver al chota el domingo
V3-01361,"Qué pereza leerte, suvnorm4l",1,v3_ofensivo_ofuscado,"ofensivo_ofuscado|Sos lo peor que hay, {t}",Insulto,"Qué pereza leerte, suvnorm4l"
V3-01362,Los gordos 🐖 son escoria,2,v3_emoji_clase2,emoji_clase2|emoji_🐖,Personas con sobrepeso,Los gordos :cerdo: son escoria
V3-01363,Los migrantes son puro 🚽 estorbo y nadie lo dice,2,v3_emoji_clase2,emoji_clase2|emoji_🚽,Migrantes y personas empobrecidas,Los migrantes son puro :inodoro: estorbo y nadie lo dice
V3-01364,"Todos los latinos son una plaga, sin excepción 🐒🇸🇻",2,v3_emoji_clase2,emoji_clase2|emoji_🐒🇸🇻,Latinoamericanos,"Todos los latinos son una plaga, sin excepción :mono: :bandera_el_salvador:"
V3-01365,"Callate ya, pay4so",1,v3_ofensivo_ofuscado,"ofensivo_ofuscado|Ya cállese, {t}",Insulto,"Callate ya, pay4so"
V3-01366,Los argentinos dan asco y nadie lo dice,2,v3_odio_grupo,odio_grupo|Los {g} {p} y nadie lo dice,Xenofobia,Los argentinos dan asco y nadie lo dice
V3-01367,"Hablando pura paja, d3do",1,v3_ofensivo_ofuscado,"ofensivo_ofuscado|Eso es lo que sos, un {t}",nan,"Hablando pura paja, d3do"
V3-01368,Le van a dar cuello a ese,3,v3_amenaza_eufemismo,amenaza_eufemismo|eufemismo_simple,Amenaza Implícita,Le van a dar cuello a ese
V3-01369,Con gusto lo colg4rría yo mismo te lo juro,3,v3_amenaza_ofuscada,amenaza_ofuscada|Con gusto lo {v}ría yo mismo,Amenaza Directa,Con gusto lo colg4rría yo mismo te lo juro
V3-01370,"Andate de aquí, imbecil",1,v3_ofensivo_ofuscado,"ofensivo_ofuscado|No hablés de lo que no sabés, {t}",Insulto,"Andate de aquí, imbecil"
V3-01371,Hay que m474rlos a todos vas a ver,3,v3_amenaza_ofuscada,amenaza_ofuscada|Hay que {v}los a todos,Amenaza Directa,Hay que m474rlos a todos vas a ver
V3-01372,Qué vergón te quedó la casa,0,v3_jerga_notoxico,jerga_notoxico|Qué {t} te quedó la casa,,Qué vergón te quedó la casa
V3-01373,"Qué khac4lin, en serio",1,v3_ofensivo_ofuscado,"ofensivo_ofuscado|Qué {t}, en serio",Insulto,"Qué khac4lin, en serio"
V3-01374,"Mejor callate, palom4",1,v3_ofensivo_ofuscado,"ofensivo_ofuscado|Hablando pura paja, {t}",Palabras obscenas,"Mejor callate, palom4"
V3-01375,"Ya me hartaste, h.a.r.a.g.a.n",1,v3_ofensivo_ofuscado,"ofensivo_ofuscado|No sabés nada, {t}",Insulto,"Ya me hartaste, h.a.r.a.g.a.n"
V3-01376,"Todos los negros son mierda, sin excepción 🥷",2,v3_emoji_clase2,emoji_clase2|emoji_🥷,Afrodescendientes,"Todos los negros son mierda, sin excepción :ninja:"
V3-01377,"Todo bien con el cerote, no hay pleito 🙏",0,v3_emoji_benigno,emoji_benigno|benigno_🙏,,"Todo bien con el cerote, no hay pleito :manos_en_oración:"
V3-01378,"Qué pereza leerte, m*lcriado",1,v3_ofensivo_ofuscado,"ofensivo_ofuscado|Qué pereza leerte, {t}",Insulto,"Qué pereza leerte, m*lcriado"
V3-01379,Hay que balearlos a todos ya vas a ver,3,v3_amenaza_ofuscada,amenaza_ofuscada|Hay que {v}los a todos,Amenaza Directa,Hay que balearlos a todos ya vas a ver
V3-01380,"Qué pereza leerte, i-n-e-p-t-o",1,v3_ofensivo_ofuscado,"ofensivo_ofuscado|Ya cállese, {t}",Insulto,"Qué pereza leerte, i-n-e-p-t-o"
V3-01381,Los peruanos sobran en este país,2,v3_odio_grupo,odio_grupo|Los {g} {p},Xenofobia,Los peruanos sobran en este país
V3-01382,"Ojalá te deporten, inmigr@nte",2,v3_odio_ofuscado,"odio_ofuscado|Por gente como vos está así el país, {t}",Xenofobia,"Ojalá te deporten, inmigr@nte"
V3-01383,"Da asco verte, neqr0",2,v3_odio_ofuscado,"odio_ofuscado|Andate a tu país, {t}",Racismo,"Da asco verte, neqr0"
V3-01384,"puchica, qué bonito amaneció hoy 🙏",0,v3_emoji_benigno,emoji_benigno|benigno_🙏,,"puchica, qué bonito amaneció hoy :manos_en_oración:"
V3-01385,"Regresate de donde viniste, n*gro",2,v3_odio_ofuscado,"odio_ofuscado|Regresate de donde viniste, {t}",Racismo,"Regresate de donde viniste, n*gro"
V3-01386,Ese amigo es mi mejor amigo desde la escuela,0,v3_jerga_control,jerga_control|Ese {t} es mi mejor amigo desde la escuela,,Ese amigo es mi mejor amigo desde la escuela
V3-01387,"Andá a trabajar, c4chud0",1,v3_ofensivo_ofuscado,"ofensivo_ofuscado|Andate de aquí, {t}",Insulto,"Andá a trabajar, c4chud0"
V3-01388,"Qué asco das, khambr0so",1,v3_ofensivo_ofuscado,"ofensivo_ofuscado|Hablando pura paja, {t}",Insulto,"Qué asco das, khambr0so"
V3-01389,"Da asco verte, terror!sta",2,v3_odio_ofuscado,"odio_ofuscado|Aquí no te queremos, {t}",Xenofobia,"Da asco verte, terror!sta"
V3-01390,Ya quisiera fu5il4r a ese maje anotalo,3,v3_amenaza_ofuscada,amenaza_ofuscada|Ya quisiera {v} a ese maje,Amenaza Directa,Ya quisiera fu5il4r a ese maje anotalo
V3-01391,"Andate a tu país, cucheee",2,v3_odio_ofuscado,"odio_ofuscado|Gente como vos sobra, {t}",Homofobia,"Andate a tu país, cucheee"
V3-01392,Vinieron unos argentinos a la actividad,0,v3_nacionalidad_notoxico,nacionalidad_notoxico|Vinieron unos {g} a la actividad,,Vinieron unos argentinos a la actividad
V3-01393,"Ojalá lo p@rtiren pronto y no es amenaza, es aviso",3,v3_amenaza_ofuscada,amenaza_ofuscada|Ojalá lo {v}en pronto,Amenaza Directa,"Ojalá lo p@rtiren pronto y no es amenaza, es aviso"
V3-01394,"Que se vayan los sudacas, son una plaga 🐒🇻🇪",2,v3_emoji_clase2,emoji_clase2|emoji_🐒🇻🇪,Latinoamericanos,"Que se vayan los sudacas, son una plaga :mono: :bandera_venezuela:"
V3-01395,"Ya me hartaste, muerto de h@mbre",1,v3_ofensivo_ofuscado,"ofensivo_ofuscado|Andate de aquí, {t}",Insulto,"Ya me hartaste, muerto de h@mbre"
V3-01396,"Qué pereza leerte, har4gan",1,v3_ofensivo_ofuscado,"ofensivo_ofuscado|No hablés de lo que no sabés, {t}",Insulto,"Qué pereza leerte, har4gan"
V3-01397,Los mexicanos tienen unas playas preciosas,0,v3_nacionalidad_notoxico,nacionalidad_notoxico|Los {g} tienen unas playas preciosas,,Los mexicanos tienen unas playas preciosas
V3-01398,Ese policía me cae bien la verdad,0,v3_jerga_control,jerga_control|Ese {t} me cae bien la verdad,,Ese policía me cae bien la verdad
V3-01399,"Mejor callate, m!erda",1,v3_ofensivo_ofuscado,"ofensivo_ofuscado|Hablando pura paja, {t}",Palabras obscenas,"Mejor callate, m!erda"
V3-01400,"No hablés de lo que no sabés, c-u-r-s-o",1,v3_ofensivo_ofuscado,"ofensivo_ofuscado|Qué pereza leerte, {t}",nan,"No hablés de lo que no sabés, c-u-r-s-o"
V3-01401,"Aquí no te queremos, 4rraztrada",2,v3_odio_ofuscado,"odio_ofuscado|No perteneces aquí, {t}",Sexismo,"Aquí no te queremos, 4rraztrada"
V3-01402,"Ya me hartaste, malcri4do",1,v3_ofensivo_ofuscado,"ofensivo_ofuscado|Mejor callate, {t}",Insulto,"Ya me hartaste, malcri4do"
V3-01403,Muchas gracias por la ayuda de ayer 🍀,0,v3_emoji_benigno,emoji_benigno|benigno_🍀,,Muchas gracias por la ayuda de ayer :trébol_de_cuatro_hojas:
V3-01404,Los sudacas 🐒🇭🇳 son mierda,2,v3_emoji_clase2,emoji_clase2|emoji_🐒🇭🇳,Latinoamericanos,Los sudacas :mono: :bandera_honduras: son mierda
V3-01405,"No hablés de lo que no sabés, p4tada",1,v3_ofensivo_ofuscado,"ofensivo_ofuscado|Ya me hartaste, {t}",nan,"No hablés de lo que no sabés, p4tada"
V3-01406,Avisale que le van a apagar la luz a ese maje,3,v3_amenaza_eufemismo,amenaza_eufemismo|eufemismo_reportado,Amenaza Implícita,Avisale que le van a apagar la luz a ese maje
V3-01407,Prestame el pisto para el pasaje porfa ⚽,0,v3_emoji_benigno,emoji_benigno|benigno_⚽,,Prestame el pisto para el pasaje porfa :balón_de_fútbol:
V3-01408,"Dejá de escribir, culooo",1,v3_ofensivo_ofuscado,"ofensivo_ofuscado|Me da igual lo que digas, {t}",Palabras obscenas,"Dejá de escribir, culooo"
V3-01409,"Mientras más latinos llegan, peor está todo 🐒🇦🇷",2,v3_emoji_clase2,emoji_clase2|emoji_🐒🇦🇷,Latinoamericanos,"Mientras más latinos llegan, peor está todo :mono: :bandera_argentina:"
V3-01410,Ya sabe lo que le espera,3,v3_amenaza_eufemismo,amenaza_eufemismo|eufemismo_simple,Amenaza Implícita,Ya sabe lo que le espera
V3-01411,"Hablando pura paja, maje i.n.e.p.t.o",1,v3_jerga_ofensivo,"jerga_ofensivo|Hablando pura paja, {t}",Insulto Directo,"Hablando pura paja, maje i.n.e.p.t.o"
V3-01412,Te voy a m@t@r esperame afuera,3,v3_amenaza_ofuscada,amenaza_ofuscada|Te voy a {v},Amenaza Directa,Te voy a m@t@r esperame afuera
V3-01413,"Regresate de donde viniste, narq3ntina",2,v3_odio_ofuscado,"odio_ofuscado|Por gente como vos está así el país, {t}",Xenofobia,"Regresate de donde viniste, narq3ntina"
V3-01414,Un nicaragüense siempre va a ser un problema,2,v3_odio_grupo,odio_grupo|Un {gs} siempre va a ser un problema,Xenofobia,Un nicaragüense siempre va a ser un problema
V3-01415,"Eso es lo que sos, un put4s",1,v3_ofensivo_ofuscado,"ofensivo_ofuscado|Ya me hartaste, {t}",Palabras obscenas,"Eso es lo que sos, un put4s"
V3-01416,☕ Qué rico estuvo el almuerzo de hoy,0,v3_emoji_benigno,emoji_benigno|benigno_☕,,:bebida_caliente: Qué rico estuvo el almuerzo de hoy
V3-01417,"Vaya payaso, nos vemos mañana entonces",0,v3_jerga_control,"jerga_control|Vaya {t}, nos vemos mañana entonces",,"Vaya payaso, nos vemos mañana entonces"
V3-01418,"puchica, se me pasó la hora de la cita",0,v3_jerga_notoxico,"jerga_notoxico|{t}, se me pasó la hora de la cita",,"puchica, se me pasó la hora de la cita"
V3-01419,"Me da igual lo que digas, jodidooo",1,v3_ofensivo_ofuscado,"ofensivo_ofuscado|Cerrá el hocico, {t}",Tono agresivo,"Me da igual lo que digas, jodidooo"
V3-01420,"Por gente como vos está así el país, lesbi4n4",2,v3_odio_ofuscado,"odio_ofuscado|Da asco verte, {t}",Homofobia,"Por gente como vos está así el país, lesbi4n4"
V3-01421,"Gente como vos sobra, n@rgentina",2,v3_odio_ofuscado,"odio_ofuscado|Aquí no te queremos, {t}",Xenofobia,"Gente como vos sobra, n@rgentina"
V3-01422,"Por gente como vos está así el país, m4r3r0",2,v3_odio_ofuscado,"odio_ofuscado|Por gente como vos está así el país, {t}",Xenofobia,"Por gente como vos está así el país, m4r3r0"
V3-01423,"Otra vez vos, v4sura",1,v3_ofensivo_ofuscado,"ofensivo_ofuscado|Andá a trabajar, {t}",Insulto,"Otra vez vos, v4sura"
V3-01424,Voy a ir a matarte a tu casa ⚱️,3,v3_emoji_clase3,emoji_clase3|emoji_⚱️,Individuo,Voy a ir a matarte a tu casa :urna_funeraria:
V3-01425,Los indios son puro estorbo 👨‍🌾🐒,2,v3_emoji_clase2,emoji_clase2|emoji_👨‍🌾🐒,Pueblos indígenas,Los indios son puro estorbo :hombre: :espiga_de_arroz: :mono:
V3-01426,"Cerrá el hocico, jod!do",1,v3_ofensivo_ofuscado,"ofensivo_ofuscado|Sos lo peor que hay, {t}",Tono agresivo,"Cerrá el hocico, jod!do"
V3-01427,"Ya cállese, ridikul0",1,v3_ofensivo_ofuscado,"ofensivo_ofuscado|Qué pereza leerte, {t}",Insulto,"Ya cállese, ridikul0"
V3-01428,Los gordos 🐋🚫 dan asco,2,v3_emoji_clase2,emoji_clase2|emoji_🐋🚫,Personas con sobrepeso,Los gordos :ballena: :prohibido: dan asco
V3-01429,"Que se vayan los venezolanos, son escoria",2,v3_odio_grupo,"odio_grupo|Que se vayan los {g}, {p}",Xenofobia,"Que se vayan los venezolanos, son escoria"
V3-01430,"Andate de aquí, pasmado",1,v3_ofensivo_ofuscado,"ofensivo_ofuscado|Andá a trabajar, {t}",Insulto,"Andate de aquí, pasmado"
V3-01431,Te voy a torturar acordate de esto,3,v3_amenaza_ofuscada,amenaza_ofuscada|Te voy a {v},Amenaza Directa,Te voy a torturar acordate de esto
V3-01432,"Los colombianos son mierda, así de simple",2,v3_odio_grupo,"odio_grupo|Los {g} {p}, así de simple",Xenofobia,"Los colombianos son mierda, así de simple"
V3-01433,Vamos a linch@r a ese maje vas a ver,3,v3_amenaza_ofuscada,amenaza_ofuscada|Vamos a {v} a ese maje,Amenaza Directa,Vamos a linch@r a ese maje vas a ver
V3-01434,Ese chacal!n otra vez,1,v3_ofensivo_ofuscado,"ofensivo_ofuscado|No hablés de lo que no sabés, {t}",Insulto,Ese chacal!n otra vez
V3-01435,No quiero ni un venezolano cerca de mi familia,2,v3_odio_grupo,odio_grupo|No quiero ni un {gs} cerca de mi familia,Xenofobia,No quiero ni un venezolano cerca de mi familia
V3-01436,"No hablés de lo que no sabés, gorgoj0s",1,v3_ofensivo_ofuscado,ofensivo_ofuscado|Sos un {t} y punto,Insulto,"No hablés de lo que no sabés, gorgoj0s"
V3-01437,"Andá a trabajar, hija de puta",1,v3_ofensivo_ofuscado,"ofensivo_ofuscado|Ya cállese, {t}",Insulto,"Andá a trabajar, hija de puta"
V3-01438,Los sudacas son escoria y nadie lo dice 🐒🇲🇽,2,v3_emoji_clase2,emoji_clase2|emoji_🐒🇲🇽,Latinoamericanos,Los sudacas son escoria y nadie lo dice :mono: :bandera_méxico:
V3-01439,Los venezolanos son mierda y nadie lo dice,2,v3_odio_grupo,odio_grupo|Los {g} {p} y nadie lo dice,Xenofobia,Los venezolanos son mierda y nadie lo dice
V3-01440,"Nadie te preguntó, ch0ler0",1,v3_ofensivo_ofuscado,"ofensivo_ofuscado|No sabés nada, {t}",Insulto,"Nadie te preguntó, ch0ler0"
V3-01441,Ya quisiera golp3ar a ese maje acordate de esto,3,v3_amenaza_ofuscada,amenaza_ofuscada|Ya quisiera {v} a ese maje,Amenaza Directa,Ya quisiera golp3ar a ese maje acordate de esto
V3-01442,Sos un 1mbec1l y punto,1,v3_ofensivo_ofuscado,ofensivo_ofuscado|Ese {t} otra vez,Insulto,Sos un 1mbec1l y punto
V3-01443,Sos un r1dicul0 y punto,1,v3_ofensivo_ofuscado,"ofensivo_ofuscado|Dejá de escribir, {t}",Insulto,Sos un r1dicul0 y punto
V3-01444,"Odio a los pobres, dan asco 🐕",2,v3_emoji_clase2,emoji_clase2|emoji_🐕,Personas en situación de pobreza,"Odio a los pobres, dan asco :perro:"
V3-01445,"Me da igual lo que digas, ch*lero",1,v3_ofensivo_ofuscado,"ofensivo_ofuscado|Andá a trabajar, {t}",Insulto,"Me da igual lo que digas, ch*lero"
V3-01446,Puro idi0t4 el que escribió eso,1,v3_ofensivo_ofuscado,"ofensivo_ofuscado|Me da igual lo que digas, {t}",Insulto,Puro idi0t4 el que escribió eso
V3-01447,Hay quien lo está esperando afuera,3,v3_amenaza_eufemismo,amenaza_eufemismo|eufemismo_simple,Amenaza Implícita,Hay quien lo está esperando afuera
V3-01448,"Me da igual lo que digas, 1di0t4",1,v3_ofensivo_ofuscado,"ofensivo_ofuscado|Cerrá el hocico, {t}",Insulto,"Me da igual lo que digas, 1di0t4"
V3-01449,Dejame el licor sobre la mesa,0,v3_jerga_control,jerga_control|Dejame el {t} sobre la mesa,,Dejame el licor sobre la mesa
V3-01450,Trabajo con un mexicano muy responsable,0,v3_nacionalidad_notoxico,nacionalidad_notoxico|Trabajo con un {gs} muy responsable,,Trabajo con un mexicano muy responsable
V3-01451,"Hablando pura paja, m1erda",1,v3_ofensivo_ofuscado,"ofensivo_ofuscado|Andate de aquí, {t}",Palabras obscenas,"Hablando pura paja, m1erda"
V3-01452,"Hablando pura paja, m*erto de hambre",1,v3_ofensivo_ofuscado,ofensivo_ofuscado|Ese {t} otra vez,Insulto,"Hablando pura paja, m*erto de hambre"
V3-01453,Nos vemos en la pachanga del sábado,0,v3_jerga_notoxico,jerga_notoxico|Nos vemos en la {t} del sábado,,Nos vemos en la pachanga del sábado
V3-01454,Ese perro nunca falla cuando se le necesita,0,v3_jerga_control,jerga_control|Ese {t} nunca falla cuando se le necesita,,Ese perro nunca falla cuando se le necesita
V3-01455,Ya salieron las notas 🌟 y me fue bien,0,v3_emoji_benigno,emoji_benigno|benigno_🌟,,Ya salieron las notas :estrella_brillante: y me fue bien
V3-01456,"Regresate de donde viniste, negrooo",2,v3_odio_ofuscado,"odio_ofuscado|Por gente como vos está así el país, {t}",Racismo,"Regresate de donde viniste, negrooo"
V3-01457,Que lo vayan a a******r de una vez vas a ver,3,v3_amenaza_ofuscada,amenaza_ofuscada|Que lo vayan a {v} de una vez,Amenaza Directa,Que lo vayan a a******r de una vez vas a ver
V3-01458,"Ya cállese, m*mala",1,v3_ofensivo_ofuscado,"ofensivo_ofuscado|Ya cállese, {t}",Palabras obscenas,"Ya cállese, m*mala"
V3-01459,"Eso es lo que sos, un p1p1an",1,v3_ofensivo_ofuscado,"ofensivo_ofuscado|Sos lo peor que hay, {t}",Insulto,"Eso es lo que sos, un p1p1an"
V3-01460,Que Dios los bendiga a todos ❤️,0,v3_emoji_benigno,emoji_benigno|benigno_❤️,,Que Dios los bendiga a todos :corazón_rojo:
V3-01461,Los mexicanos ganaron el partido de ayer,0,v3_nacionalidad_notoxico,nacionalidad_notoxico|Los {g} ganaron el partido de ayer,,Los mexicanos ganaron el partido de ayer
V3-01462,"Odio a los 🦶 morenos, son escoria",2,v3_emoji_clase2,emoji_clase2|emoji_🦶,Personas racializadas,"Odio a los :pie: morenos, son escoria"
V3-01463,Saludos al jura de mi parte,0,v3_jerga_notoxico,jerga_notoxico|Saludos al {t} de mi parte,,Saludos al jura de mi parte
V3-01464,Hay que golpe@rlos a todos vas a ver,3,v3_amenaza_ofuscada,amenaza_ofuscada|Hay que {v}los a todos,Amenaza Directa,Hay que golpe@rlos a todos vas a ver
V3-01465,Los mexicanos son escoria,2,v3_odio_grupo,odio_grupo|Los {g} {p},Xenofobia,Los mexicanos son escoria
V3-01466,"Hablando pura paja, mikko",1,v3_ofensivo_ofuscado,"ofensivo_ofuscado|Sos lo peor que hay, {t}",Palabras obscenas,"Hablando pura paja, mikko"
V3-01467,El bayunco está bien tranquilo hoy,0,v3_jerga_notoxico,jerga_notoxico|El {t} está bien tranquilo hoy,,El bayunco está bien tranquilo hoy
V3-01468,Dejame el chunche sobre la mesa,0,v3_jerga_notoxico,jerga_notoxico|Dejame el {t} sobre la mesa,,Dejame el chunche sobre la mesa
V3-01469,Hay que p@rtirlos a todos esperame afuera,3,v3_amenaza_ofuscada,amenaza_ofuscada|Hay que {v}los a todos,Amenaza Directa,Hay que p@rtirlos a todos esperame afuera
V3-01470,"No sabés nada, bayvnko",1,v3_ofensivo_ofuscado,"ofensivo_ofuscado|Ya cállese, {t}",Insulto,"No sabés nada, bayvnko"
V3-01471,"Todo bien con el bayunco, no hay pleito",0,v3_jerga_notoxico,"jerga_notoxico|Todo bien con el {t}, no hay pleito",,"Todo bien con el bayunco, no hay pleito"
V3-01472,"Eso es lo que sos, un es*upido",1,v3_ofensivo_ofuscado,"ofensivo_ofuscado|Qué pereza leerte, {t}",Insulto,"Eso es lo que sos, un es*upido"
V3-01473,Lo van a dejar sin ganas de volver 💣,3,v3_emoji_clase3,emoji_clase3|emoji_💣,Colectivo,Lo van a dejar sin ganas de volver :bomba:
V3-01474,"Vaya cipote, nos vemos mañana entonces",0,v3_jerga_notoxico,"jerga_notoxico|Vaya {t}, nos vemos mañana entonces",,"Vaya cipote, nos vemos mañana entonces"
V3-01475,Uno de estos días lo van a c.o.l.g.a.r anotalo,3,v3_amenaza_ofuscada,amenaza_ofuscada|Uno de estos días lo van a {v},Amenaza Directa,Uno de estos días lo van a c.o.l.g.a.r anotalo
V3-01476,Está sucio el examen de mañana,0,v3_jerga_control,jerga_control|Está {t} el examen de mañana,,Está sucio el examen de mañana
V3-01477,Le van a dar cuello a ese vas a ver,3,v3_amenaza_eufemismo,amenaza_eufemismo|eufemismo_con_cola,Amenaza Implícita,Le van a dar cuello a ese vas a ver
V3-01478,Los guatemaltecos sobran en este país,2,v3_odio_grupo,odio_grupo|Los {g} {p},Xenofobia,Los guatemaltecos sobran en este país
V3-01479,"Por gente como vos está así el país, 4rrastrada",2,v3_odio_ofuscado,"odio_ofuscado|Da asco verte, {t}",Sexismo,"Por gente como vos está así el país, 4rrastrada"
V3-01480,"Qué asco das, ped",1,v3_ofensivo_ofuscado,ofensivo_ofuscado|Sos un {t} y punto,Palabras obscenas,"Qué asco das, ped"
V3-01481,Que lo vayan a t.o.r.t.u.r.a.r de una vez,3,v3_amenaza_ofuscada,amenaza_ofuscada|Que lo vayan a {v} de una vez,Amenaza Directa,Que lo vayan a t.o.r.t.u.r.a.r de una vez
V3-01482,Se lo van a cargar 🔫,3,v3_emoji_clase3,emoji_clase3|emoji_🔫,Individuo,Se lo van a cargar :pistola:
V3-01483,"Ojalá te deporten, q0rrona",2,v3_odio_ofuscado,"odio_ofuscado|Regresate de donde viniste, {t}",Sexismo,"Ojalá te deporten, q0rrona"
V3-01484,"Da asco verte, ch4pi4dora",2,v3_odio_ofuscado,"odio_ofuscado|Da asco verte, {t}",Sexismo,"Da asco verte, ch4pi4dora"
V3-01485,Ese cipote nunca falla cuando se le necesita,0,v3_jerga_notoxico,jerga_notoxico|Ese {t} nunca falla cuando se le necesita,,Ese cipote nunca falla cuando se le necesita
V3-01486,No encuentro el chibola por ningún lado,0,v3_jerga_notoxico,jerga_notoxico|No encuentro el {t} por ningún lado,,No encuentro el chibola por ningún lado
V3-01487,Los venezolanos juegan muy bien al fútbol,0,v3_nacionalidad_notoxico,nacionalidad_notoxico|Los {g} juegan muy bien al fútbol,,Los venezolanos juegan muy bien al fútbol
V3-01488,Ese ignorant3 otra vez,1,v3_ofensivo_ofuscado,"ofensivo_ofuscado|Otra vez vos, {t}",Insulto,Ese ignorant3 otra vez
V3-01489,"Cerrá el hocico, escovas",1,v3_ofensivo_ofuscado,"ofensivo_ofuscado|Cerrá el hocico, {t}",Insulto,"Cerrá el hocico, escovas"
V3-01490,El mentiroso está bien tranquilo hoy,0,v3_jerga_control,jerga_control|El {t} está bien tranquilo hoy,,El mentiroso está bien tranquilo hoy
V3-01491,"Mientras más nicaragüenses llegan, peor está todo",2,v3_odio_grupo,"odio_grupo|Mientras más {g} llegan, peor está todo",Xenofobia,"Mientras más nicaragüenses llegan, peor está todo"
V3-01492,"Qué pereza leerte, pinkhe",1,v3_ofensivo_ofuscado,"ofensivo_ofuscado|Eso es lo que sos, un {t}",Insulto,"Qué pereza leerte, pinkhe"
V3-01493,Sos un c*ca y punto,1,v3_ofensivo_ofuscado,ofensivo_ofuscado|Puro {t} el que escribió eso,Palabras obscenas,Sos un c*ca y punto
V3-01494,"Andate de aquí, p-e-r-r-o",1,v3_ofensivo_ofuscado,"ofensivo_ofuscado|Qué pereza leerte, {t}",Insulto,"Andate de aquí, p-e-r-r-o"
V3-01495,Decile que le van a dar su vuelta,3,v3_amenaza_eufemismo,amenaza_eufemismo|eufemismo_reportado,Amenaza Implícita,Decile que le van a dar su vuelta
V3-01496,"Todo bien con el jura, no hay pleito 😂",0,v3_emoji_benigno,emoji_benigno|benigno_😂,,"Todo bien con el jura, no hay pleito :cara_llorando_de_risa:"
V3-01497,"Gente como vos sobra, 1nmigrant3",2,v3_odio_ofuscado,"odio_ofuscado|Aquí no te queremos, {t}",Xenofobia,"Gente como vos sobra, 1nmigrant3"
V3-01498,"Mejor callate, hokic0",1,v3_ofensivo_ofuscado,"ofensivo_ofuscado|Mejor callate, {t}",Insulto,"Mejor callate, hokic0"
V3-01499,Puro zorraaa el que escribió eso,1,v3_ofensivo_ofuscado,"ofensivo_ofuscado|No jodás más, {t}",Insulto,Puro zorraaa el que escribió eso
V3-01500,Hay que p****rlos a todos ya vas a ver,3,v3_amenaza_ofuscada,amenaza_ofuscada|Hay que {v}los a todos,Amenaza Directa,Hay que p****rlos a todos ya vas a ver
V3-01501,"Ya me hartaste, brutico",1,v3_ofensivo_ofuscado,"ofensivo_ofuscado|Ya me hartaste, {t}",Insulto,"Ya me hartaste, brutico"
V3-01502,"Gente como vos sobra, ch@piadora",2,v3_odio_ofuscado,"odio_ofuscado|Ojalá te deporten, {t}",Sexismo,"Gente como vos sobra, ch@piadora"
V3-01503,Vamos a quemar a ese maje acordate de esto,3,v3_amenaza_ofuscada,amenaza_ofuscada|Vamos a {v} a ese maje,Amenaza Directa,Vamos a quemar a ese maje acordate de esto
V3-01504,"Que se vayan los 🚽🧻 migrantes, son una plaga",2,v3_emoji_clase2,emoji_clase2|emoji_🚽🧻,Migrantes y personas empobrecidas,"Que se vayan los :inodoro: :rollo_de_papel: migrantes, son una plaga"
V3-01505,Dejame el dinero sobre la mesa,0,v3_jerga_control,jerga_control|Dejame el {t} sobre la mesa,,Dejame el dinero sobre la mesa
V3-01506,"Gente como vos sobra, m4r3ro",2,v3_odio_ofuscado,"odio_ofuscado|Gente como vos sobra, {t}",Xenofobia,"Gente como vos sobra, m4r3ro"
V3-01507,Ese maje nunca falla cuando se le necesita,0,v3_jerga_notoxico,jerga_notoxico|Ese {t} nunca falla cuando se le necesita,,Ese maje nunca falla cuando se le necesita
V3-01508,"Dejá de escribir, culez 🇺🇸🦅💩",1,v3_emoji_clase1,emoji_clase1|emoji_🇺🇸🦅💩,Estadounidenses,"Dejá de escribir, culez :bandera_estados_unidos: :águila: :caca_con_ojos:"
V3-01509,"Gente como vos sobra, lezbian4",2,v3_odio_ofuscado,"odio_ofuscado|Por gente como vos está así el país, {t}",Homofobia,"Gente como vos sobra, lezbian4"
V3-01510,"Volvé cuando aprendás, p*ndejo",1,v3_ofensivo_ofuscado,"ofensivo_ofuscado|Sos lo peor que hay, {t}",Insulto,"Volvé cuando aprendás, p*ndejo"
V3-01511,"Odio a los centroamericanos, sobran en este país 🐒🇻🇪",2,v3_emoji_clase2,emoji_clase2|emoji_🐒🇻🇪,Latinoamericanos,"Odio a los centroamericanos, sobran en este país :mono: :bandera_venezuela:"
V3-01512,⚰️ No va a contar lo que vio,3,v3_emoji_clase3,emoji_clase3|emoji_⚰️,Personas enfermas,:ataúd: No va a contar lo que vio
V3-01513,"Otra vez vos, c.u.l.e.s",1,v3_ofensivo_ofuscado,"ofensivo_ofuscado|Nadie te preguntó, {t}",Palabras obscenas,"Otra vez vos, c.u.l.e.s"
V3-01514,Saludos al amigo de mi parte,0,v3_jerga_control,jerga_control|Saludos al {t} de mi parte,,Saludos al amigo de mi parte
V3-01515,Me gusta mucho la música de los haitianos,0,v3_nacionalidad_notoxico,nacionalidad_notoxico|Me gusta mucho la música de los {g},,Me gusta mucho la música de los haitianos
V3-01516,Fuera los retrasados de nuestro país 🧠🚫,2,v3_emoji_clase2,emoji_clase2|emoji_🧠🚫,Personas con discapacidad intelectual,Fuera los retrasados de nuestro país :cerebro: :prohibido:
V3-01517,"Ya me hartaste, v.a.g.o",1,v3_ofensivo_ofuscado,"ofensivo_ofuscado|Callate ya, {t}",Insulto,"Ya me hartaste, v.a.g.o"
V3-01518,"Regresate de donde viniste, pand!llero",2,v3_odio_ofuscado,"odio_ofuscado|No perteneces aquí, {t}",Xenofobia,"Regresate de donde viniste, pand!llero"
V3-01519,"Que se vayan los judíos, son mierda 🧃",2,v3_emoji_clase2,emoji_clase2|emoji_🧃,Judíos,"Que se vayan los judíos, son mierda :tetrabrik:"
V3-01520,El profesor nuevo es chino,0,v3_nacionalidad_notoxico,nacionalidad_notoxico|El profesor nuevo es {gs},,El profesor nuevo es chino
V3-01521,"Eso es lo que sos, un faskist4",1,v3_ofensivo_ofuscado,"ofensivo_ofuscado|Dejá de escribir, {t}",Insulto,"Eso es lo que sos, un faskist4"
V3-01522,"Volvé cuando aprendás, patad4",1,v3_ofensivo_ofuscado,"ofensivo_ofuscado|Ya cállese, {t}",nan,"Volvé cuando aprendás, patad4"
V3-01523,"No perteneces aquí, trompvd0",2,v3_odio_ofuscado,"odio_ofuscado|Ojalá te deporten, {t}",Racismo,"No perteneces aquí, trompvd0"
V3-01524,"Eso es lo 🐍 que sos, un tont4",1,v3_emoji_clase1,emoji_clase1|emoji_🐍,Individuo,"Eso es lo :serpiente: que sos, un tont4"
V3-01525,"Eso es lo que sos, un focaaa",1,v3_ofensivo_ofuscado,"ofensivo_ofuscado|Callate ya, {t}",Insulto,"Eso es lo que sos, un focaaa"
V3-01526,Se me olvidó el objeto en la casa,0,v3_jerga_control,jerga_control|Se me olvidó el {t} en la casa,,Se me olvidó el objeto en la casa
V3-01527,"Gente como vos sobra, gorronaaa",2,v3_odio_ofuscado,"odio_ofuscado|Aquí no te queremos, {t}",Sexismo,"Gente como vos sobra, gorronaaa"
V3-01528,"Los latinos no son gente, así de simple 🐒🇸🇻",2,v3_emoji_clase2,emoji_clase2|emoji_🐒🇸🇻,Latinoamericanos,"Los latinos no son gente, así de simple :mono: :bandera_el_salvador:"
V3-01529,Los colombianos tienen unas playas preciosas,0,v3_nacionalidad_notoxico,nacionalidad_notoxico|Los {g} tienen unas playas preciosas,,Los colombianos tienen unas playas preciosas
V3-01530,"🐖 Los gordos no son gente, así de simple",2,v3_emoji_clase2,emoji_clase2|emoji_🐖,Personas con sobrepeso,":cerdo: Los gordos no son gente, así de simple"
V3-01531,"Nadie te preguntó, fasizta",1,v3_ofensivo_ofuscado,ofensivo_ofuscado|Mirá al {t} este,Insulto,"Nadie te preguntó, fasizta"
V3-01532,"No jodás más, feri",1,v3_ofensivo_ofuscado,ofensivo_ofuscado|Sos un {t} y punto,Insulto,"No jodás más, feri"
V3-01533,"Andate de aquí, ezc0ria",1,v3_ofensivo_ofuscado,ofensivo_ofuscado|Sos un {t} y punto,Insulto,"Andate de aquí, ezc0ria"
V3-01534,"Andá a trabajar, m3diokre",1,v3_ofensivo_ofuscado,"ofensivo_ofuscado|Callate ya, {t}",Insulto,"Andá a trabajar, m3diokre"
V3-01535,Los gays no son gente y nadie lo dice 🏳️‍🌈🤨,2,v3_emoji_clase2,emoji_clase2|emoji_🏳️‍🌈🤨,Personas LGBT,Los gays no son gente y nadie lo dice :bandera_blanca: :arcoíris: :cara_con_ceja_alzada:
V3-01536,Ya llegamos bien a la casa 💪,0,v3_emoji_benigno,emoji_benigno|benigno_💪,,Ya llegamos bien a la casa :bíceps_flexionado:
V3-01537,El profesor nuevo es haitiano,0,v3_nacionalidad_notoxico,nacionalidad_notoxico|El profesor nuevo es {gs},,El profesor nuevo es haitiano
V3-01538,Vamos a ver al policía el domingo,0,v3_jerga_control,jerga_control|Vamos a ver al {t} el domingo,,Vamos a ver al policía el domingo
V3-01539,"Aquí no te queremos, parásitos",2,v3_odio_ofuscado,"odio_ofuscado|Da asco verte, {t}",Xenofobia,"Aquí no te queremos, parásitos"
V3-01540,Ya son demasiados 🙋‍♂️ judíos en este país,2,v3_emoji_clase2,emoji_clase2|emoji_🙋‍♂️,Judíos,Ya son demasiados :persona_con_la_mano_levantada: :signo_masculino: judíos en este país
V3-01541,"Qué ch*calin, en serio",1,v3_ofensivo_ofuscado,"ofensivo_ofuscado|No jodás más, {t}",Insulto,"Qué ch*calin, en serio"
V3-01542,⚱️ Lo van a mandar a dormir,3,v3_emoji_clase3,emoji_clase3|emoji_⚱️,Individuo,:urna_funeraria: Lo van a mandar a dormir
V3-01543,Hay que f.u.s.i.l.a.rlos a todos,3,v3_amenaza_ofuscada,amenaza_ofuscada|Hay que {v}los a todos,Amenaza Directa,Hay que f.u.s.i.l.a.rlos a todos
V3-01544,"Me da igual lo que digas, p1st0",1,v3_ofensivo_ofuscado,"ofensivo_ofuscado|Dejá de escribir, {t}",Insulto,"Me da igual lo que digas, p1st0"
V3-01545,"Mejor callate, chota palom4",1,v3_jerga_ofensivo,"jerga_ofensivo|Mejor callate, {t}",Insulto Directo,"Mejor callate, chota palom4"
V3-01546,"Por gente como vos está así el país, chapiad0ra",2,v3_odio_ofuscado,"odio_ofuscado|Regresate de donde viniste, {t}",Sexismo,"Por gente como vos está así el país, chapiad0ra"
V3-01547,"Andate a tu país, ar*astrada",2,v3_odio_ofuscado,"odio_ofuscado|Ojalá te deporten, {t}",Sexismo,"Andate a tu país, ar*astrada"
V3-01548,"Por gente como vos está así el país, negros",2,v3_odio_ofuscado,"odio_ofuscado|Aquí no te queremos, {t}",Racismo,"Por gente como vos está así el país, negros"
V3-01549,Uno de estos días lo van a b4le4r ya vas a ver,3,v3_amenaza_ofuscada,amenaza_ofuscada|Uno de estos días lo van a {v},Amenaza Directa,Uno de estos días lo van a b4le4r ya vas a ver
V3-01550,Hay que qu3marlos a todos vas a ver,3,v3_amenaza_ofuscada,amenaza_ofuscada|Hay que {v}los a todos,Amenaza Directa,Hay que qu3marlos a todos vas a ver
V3-01551,"Me da igual lo que digas, pay4s0",1,v3_ofensivo_ofuscado,"ofensivo_ofuscado|No sabés nada, {t}",Insulto,"Me da igual lo que digas, pay4s0"
V3-01552,Qué chuco te quedó la casa,0,v3_jerga_notoxico,jerga_notoxico|Qué {t} te quedó la casa,,Qué chuco te quedó la casa
V3-01553,Sos un de$vergue y punto,1,v3_ofensivo_ofuscado,"ofensivo_ofuscado|Qué asco das, {t}",Tono agresivo,Sos un de$vergue y punto
V3-01554,"Da asco verte, i*migrante",2,v3_odio_ofuscado,"odio_ofuscado|Aquí no te queremos, {t}",Xenofobia,"Da asco verte, i*migrante"
V3-01555,Ya le 🔪 tocó a ese,3,v3_emoji_clase3,emoji_clase3|emoji_🔪,Individuo,Ya le :cuchillo_de_cocina: tocó a ese
V3-01556,"Los obesos son puro estorbo, así de simple 🐖",2,v3_emoji_clase2,emoji_clase2|emoji_🐖,Personas con sobrepeso,"Los obesos son puro estorbo, así de simple :cerdo:"
V3-01557,"Andá a trabajar, hijveputa",1,v3_ofensivo_ofuscado,ofensivo_ofuscado|Puro {t} el que escribió eso,Insulto,"Andá a trabajar, hijveputa"
V3-01558,"Me da igual lo que digas, bezt1a",1,v3_ofensivo_ofuscado,"ofensivo_ofuscado|Qué pereza leerte, {t}",Insulto,"Me da igual lo que digas, bezt1a"
V3-01559,"Ojalá te deporten, lezb1ana",2,v3_odio_ofuscado,"odio_ofuscado|Aquí no te queremos, {t}",Homofobia,"Ojalá te deporten, lezb1ana"
V3-01560,"Todo bien con el policía, no hay pleito",0,v3_jerga_control,"jerga_control|Todo bien con el {t}, no hay pleito",,"Todo bien con el policía, no hay pleito"
V3-01561,"Aquí no te queremos, p4ndiller0",2,v3_odio_ofuscado,"odio_ofuscado|Por gente como vos está así el país, {t}",Xenofobia,"Aquí no te queremos, p4ndiller0"
V3-01562,"Ojalá te deporten, gorr0na",2,v3_odio_ofuscado,"odio_ofuscado|Andate a tu país, {t}",Sexismo,"Ojalá te deporten, gorr0na"
V3-01563,Decile que ese ya está rayado,3,v3_amenaza_eufemismo,amenaza_eufemismo|eufemismo_reportado,Amenaza Implícita,Decile que ese ya está rayado
V3-01564,Que lo vayan a torturar de una vez vas a ver,3,v3_amenaza_ofuscada,amenaza_ofuscada|Que lo vayan a {v} de una vez,Amenaza Directa,Que lo vayan a torturar de una vez vas a ver
V3-01565,Fuera los indígenas de nuestro país,2,v3_odio_grupo,odio_grupo|Fuera los {g} de nuestro país,Xenofobia,Fuera los indígenas de nuestro país
V3-01566,"Todos los nicaragüenses son basura, sin excepción",2,v3_odio_grupo,"odio_grupo|Todos los {g} {p}, sin excepción",Xenofobia,"Todos los nicaragüenses son basura, sin excepción"
V3-01567,Vamos a quem4r a ese maje,3,v3_amenaza_ofuscada,amenaza_ofuscada|Vamos a {v} a ese maje,Amenaza Directa,Vamos a quem4r a ese maje
V3-01568,"Cerrá el hocico, pasm4d0",1,v3_ofensivo_ofuscado,ofensivo_ofuscado|Mirá al {t} este,Insulto,"Cerrá el hocico, pasm4d0"
V3-01569,Mirá al rid!culo este,1,v3_ofensivo_ofuscado,"ofensivo_ofuscado|Cerrá el hocico, {t}",Insulto,Mirá al rid!culo este
V3-01570,Saludos al payaso de mi parte,0,v3_jerga_control,jerga_control|Saludos al {t} de mi parte,,Saludos al payaso de mi parte
V3-01571,"Que se vayan los 🤤 retrasados, son una plaga",2,v3_emoji_clase2,emoji_clase2|emoji_🤤,Personas con discapacidad intelectual,"Que se vayan los :cara_babeando: retrasados, son una plaga"
V3-01572,"No sabés nada, chinqado",1,v3_ofensivo_ofuscado,"ofensivo_ofuscado|Qué asco das, {t}",Tono agresivo,"No sabés nada, chinqado"
V3-01573,Se me olvidó el pisto en la casa 😊,0,v3_emoji_benigno,emoji_benigno|benigno_😊,,Se me olvidó el pisto en la casa :cara_feliz_con_ojos_sonrientes:
V3-01574,"Mejor callate, mam@la",1,v3_ofensivo_ofuscado,"ofensivo_ofuscado|Andá a trabajar, {t}",Palabras obscenas,"Mejor callate, mam@la"
V3-01575,Fuera los centroamericanos 🐒🇻🇪 de nuestro país,2,v3_emoji_clase2,emoji_clase2|emoji_🐒🇻🇪,Latinoamericanos,Fuera los centroamericanos :mono: :bandera_venezuela: de nuestro país
V3-01576,"Vaya amigo, nos vemos mañana entonces",0,v3_jerga_control,"jerga_control|Vaya {t}, nos vemos mañana entonces",,"Vaya amigo, nos vemos mañana entonces"
V3-01577,🌻 Ahí le dejo el pisto que le debía,0,v3_emoji_benigno,emoji_benigno|benigno_🌻,,:girasol: Ahí le dejo el pisto que le debía
V3-01578,Que lo vayan a g.o.l.p.e.a.r de una vez anotalo,3,v3_amenaza_ofuscada,amenaza_ofuscada|Que lo vayan a {v} de una vez,Amenaza Directa,Que lo vayan a g.o.l.p.e.a.r de una vez anotalo
V3-01579,"Callate ya, t.o.n.t.o",1,v3_ofensivo_ofuscado,"ofensivo_ofuscado|Cerrá el hocico, {t}",Insulto,"Callate ya, t.o.n.t.o"
V3-01580,Le van a pasar factura 🪦,3,v3_emoji_clase3,emoji_clase3|emoji_🪦,Individuo,Le van a pasar factura :lápida:
V3-01581,"Te van a par7ir si seguís así y no es amenaza, es aviso",3,v3_amenaza_ofuscada,amenaza_ofuscada|Te van a {v} si seguís así,Amenaza Directa,"Te van a par7ir si seguís así y no es amenaza, es aviso"
V3-01582,"Andate a tu país, inm1gr4nte",2,v3_odio_ofuscado,"odio_ofuscado|Ojalá te deporten, {t}",Xenofobia,"Andate a tu país, inm1gr4nte"
V3-01583,Te voy a b4l34r acordate de esto,3,v3_amenaza_ofuscada,amenaza_ofuscada|Te voy a {v},Amenaza Directa,Te voy a b4l34r acordate de esto
V3-01584,"Mientras más latinos llegan, peor está todo 🐒🇪🇨",2,v3_emoji_clase2,emoji_clase2|emoji_🐒🇪🇨,Latinoamericanos,"Mientras más latinos llegan, peor está todo :mono: :bandera_ecuador:"
V3-01585,Los tarados son escoria 🤤 y nadie lo dice,2,v3_emoji_clase2,emoji_clase2|emoji_🤤,Personas con discapacidad intelectual,Los tarados son escoria :cara_babeando: y nadie lo dice
V3-01586,Fuera los obesos de nuestro país 🐷,2,v3_emoji_clase2,emoji_clase2|emoji_🐷,Personas con sobrepeso,Fuera los obesos de nuestro país :cara_de_cerdo:
V3-01587,"Regresate de donde viniste, pandiller",2,v3_odio_ofuscado,"odio_ofuscado|Gente como vos sobra, {t}",Xenofobia,"Regresate de donde viniste, pandiller"
V3-01588,"Ojalá te deporten, trompudooo",2,v3_odio_ofuscado,"odio_ofuscado|Aquí no te queremos, {t}",Racismo,"Ojalá te deporten, trompudooo"
V3-01589,"Me da igual lo que digas, ch0l3ro",1,v3_ofensivo_ofuscado,"ofensivo_ofuscado|Me da igual lo que digas, {t}",Insulto,"Me da igual lo que digas, ch0l3ro"
V3-01590,El concierto estuvo increíble 🌮,0,v3_emoji_benigno,emoji_benigno|benigno_🌮,,El concierto estuvo increíble :taco:
V3-01591,Ya sabe que ya sabés lo que te puede pasar,3,v3_amenaza_eufemismo,amenaza_eufemismo|eufemismo_reportado,Amenaza Implícita,Ya sabe que ya sabés lo que te puede pasar
V3-01592,Los viejos son una plaga 👴👻,2,v3_emoji_clase2,emoji_clase2|emoji_👴👻,Adultos mayores,Los viejos son una plaga :anciano: :fantasma:
V3-01593,Me dan ganas de golpe@rlo te lo juro,3,v3_amenaza_ofuscada,amenaza_ofuscada|Me dan ganas de {v}lo,Amenaza Directa,Me dan ganas de golpe@rlo te lo juro
V3-01594,"Avisale que ya lo mandé a traer, vos sabés",3,v3_amenaza_eufemismo,amenaza_eufemismo|eufemismo_reportado,Amenaza Implícita,"Avisale que ya lo mandé a traer, vos sabés"
V3-01595,El día amaneció bien yuca hoy,0,v3_jerga_notoxico,jerga_notoxico|El día amaneció bien {t} hoy,,El día amaneció bien yuca hoy
V3-01596,"Todos los homosexuales son una plaga, sin excepción 🏳️‍🌈🤨",2,v3_emoji_clase2,emoji_clase2|emoji_🏳️‍🌈🤨,Personas LGBT,"Todos los homosexuales son una plaga, sin excepción :bandera_blanca: :arcoíris: :cara_con_ceja_alzada:"
V3-01597,"Cerrá el hocico, marikon",1,v3_ofensivo_ofuscado,"ofensivo_ofuscado|No jodás más, {t}",Insulto,"Cerrá el hocico, marikon"
V3-01598,A ese ya le tienen el cajón listo te lo juro,3,v3_amenaza_eufemismo,amenaza_eufemismo|eufemismo_con_cola,Amenaza Implícita,A ese ya le tienen el cajón listo te lo juro
V3-01599,"No hablés de lo que no sabés, cu*so",1,v3_ofensivo_ofuscado,"ofensivo_ofuscado|Sos lo peor que hay, {t}",nan,"No hablés de lo que no sabés, cu*so"
V3-01600,🔫 Con gusto lo matarría yo mismo,3,v3_emoji_clase3,emoji_clase3|emoji_🔫,Individuo,:pistola: Con gusto lo matarría yo mismo
V3-01601,"Ya me hartaste, ozic0",1,v3_ofensivo_ofuscado,"ofensivo_ofuscado|Qué asco das, {t}",Insulto,"Ya me hartaste, ozic0"
V3-01602,Sos un pazm4do y punto,1,v3_ofensivo_ofuscado,"ofensivo_ofuscado|Andá a trabajar, {t}",Insulto,Sos un pazm4do y punto
V3-01603,Con gusto lo apuñalarría yo mismo acordate de esto,3,v3_amenaza_ofuscada,amenaza_ofuscada|Con gusto lo {v}ría yo mismo,Amenaza Directa,Con gusto lo apuñalarría yo mismo acordate de esto
V3-01604,Ya son demasiados cubanos en este país,2,v3_odio_grupo,odio_grupo|Ya son demasiados {g} en este país,Xenofobia,Ya son demasiados cubanos en este país
V3-01605,"Por gente como vos está así el país, paras1tar",2,v3_odio_ofuscado,"odio_ofuscado|Da asco verte, {t}",Xenofobia,"Por gente como vos está así el país, paras1tar"
V3-01606,🔪 Se lo van a cargar,3,v3_emoji_clase3,emoji_clase3|emoji_🔪,Individuo,:cuchillo_de_cocina: Se lo van a cargar
V3-01607,"Da asco verte, n-e-g-r-o",2,v3_odio_ofuscado,"odio_ofuscado|Por gente como vos está así el país, {t}",Racismo,"Da asco verte, n-e-g-r-o"
V3-01608,Se me olvidó el chibola en la casa,0,v3_jerga_notoxico,jerga_notoxico|Se me olvidó el {t} en la casa,,Se me olvidó el chibola en la casa
V3-01609,"Nadie te preguntó, culer4",1,v3_ofensivo_ofuscado,"ofensivo_ofuscado|No jodás más, {t}",Insulto,"Nadie te preguntó, culer4"
V3-01610,"Gente como vos sobra, inm1grant3",2,v3_odio_ofuscado,"odio_ofuscado|Gente como vos sobra, {t}",Xenofobia,"Gente como vos sobra, inm1grant3"
V3-01611,"Odio a los judíos, son escoria 🧼",2,v3_emoji_clase2,emoji_clase2|emoji_🧼,Judíos,"Odio a los judíos, son escoria :jabón:"
V3-01612,"Por gente como vos está así el país, chap1adora",2,v3_odio_ofuscado,"odio_ofuscado|Da asco verte, {t}",Sexismo,"Por gente como vos está así el país, chap1adora"
V3-01613,Nos vemos en la chamba del sábado 😊,0,v3_emoji_benigno,emoji_benigno|benigno_😊,,Nos vemos en la chamba del sábado :cara_feliz_con_ojos_sonrientes:
V3-01614,"No hablés de lo que no sabés, khuko",1,v3_ofensivo_ofuscado,ofensivo_ofuscado|Mirá al {t} este,Insulto,"No hablés de lo que no sabés, khuko"
V3-01615,Los tarados son basura 🧠🚫,2,v3_emoji_clase2,emoji_clase2|emoji_🧠🚫,Personas con discapacidad intelectual,Los tarados son basura :cerebro: :prohibido:
V3-01616,"No hablés de lo que no sabés, p.r.e.p.a.g.o",1,v3_ofensivo_ofuscado,"ofensivo_ofuscado|Volvé cuando aprendás, {t}",Insulto,"No hablés de lo que no sabés, p.r.e.p.a.g.o"
V3-01617,"Me da igual lo que digas, patadaaa",1,v3_ofensivo_ofuscado,ofensivo_ofuscado|Sos un {t} y punto,nan,"Me da igual lo que digas, patadaaa"
V3-01618,Si lo vuelvo a ver lo voy a balear te lo juro,3,v3_amenaza_ofuscada,amenaza_ofuscada|Si lo vuelvo a ver lo voy a {v},Amenaza Directa,Si lo vuelvo a ver lo voy a balear te lo juro
V3-01619,"Ojalá te deporten, cuche",2,v3_odio_ofuscado,"odio_ofuscado|Ojalá te deporten, {t}",Homofobia,"Ojalá te deporten, cuche"
V3-01620,Deberían ma7ar a todos esos vas a ver,3,v3_amenaza_ofuscada,amenaza_ofuscada|Deberían {v} a todos esos,Amenaza Directa,Deberían ma7ar a todos esos vas a ver
V3-01621,"Dejá de escribir, cholerooo",1,v3_ofensivo_ofuscado,"ofensivo_ofuscado|Mejor callate, {t}",Insulto,"Dejá de escribir, cholerooo"
V3-01622,"Por gente como vos está así el país, narqentina",2,v3_odio_ofuscado,"odio_ofuscado|Ojalá te deporten, {t}",Xenofobia,"Por gente como vos está así el país, narqentina"
V3-01623,"Por gente como vos está así el país, mareros de mierda",2,v3_odio_ofuscado,"odio_ofuscado|Aquí no te queremos, {t}",Xenofobia,"Por gente como vos está así el país, mareros de mierda"
V3-01624,🌟 Se ve bonito el paisaje desde aquí,0,v3_emoji_benigno,emoji_benigno|benigno_🌟,,:estrella_brillante: Se ve bonito el paisaje desde aquí
V3-01625,"Por gente como vos está así el país, neqro",2,v3_odio_ofuscado,"odio_ofuscado|No perteneces aquí, {t}",Racismo,"Por gente como vos está así el país, neqro"
V3-01626,"Todos los pobres son puro estorbo, sin excepción 🐕",2,v3_emoji_clase2,emoji_clase2|emoji_🐕,Personas en situación de pobreza,"Todos los pobres son puro estorbo, sin excepción :perro:"
V3-01627,Ya quisiera bal3ar a ese maje vas a ver,3,v3_amenaza_ofuscada,amenaza_ofuscada|Ya quisiera {v} a ese maje,Amenaza Directa,Ya quisiera bal3ar a ese maje vas a ver
V3-01628,"Gente como vos sobra, n3qro",2,v3_odio_ofuscado,"odio_ofuscado|Por gente como vos está así el país, {t}",Racismo,"Gente como vos sobra, n3qro"
V3-01629,"Mejor callate, c.i.p.o.t.e",1,v3_ofensivo_ofuscado,ofensivo_ofuscado|Mirá al {t} este,Palabras obscenas,"Mejor callate, c.i.p.o.t.e"
V3-01630,"No jodás más, v4yunco",1,v3_ofensivo_ofuscado,"ofensivo_ofuscado|Andá a trabajar, {t}",Insulto,"No jodás más, v4yunco"
V3-01631,"Dejá de escribir, kh1mbadas",1,v3_ofensivo_ofuscado,"ofensivo_ofuscado|No hablés de lo que no sabés, {t}",Palabras obscenas,"Dejá de escribir, kh1mbadas"
V3-01632,Los gordos son una plaga 🐖,2,v3_emoji_clase2,emoji_clase2|emoji_🐖,Personas con sobrepeso,Los gordos son una plaga :cerdo:
V3-01633,"No perteneces aquí, negra",2,v3_odio_ofuscado,"odio_ofuscado|Ojalá te deporten, {t}",Racismo,"No perteneces aquí, negra"
V3-01634,"Todos los hondureños sobran en este país, sin excepción",2,v3_odio_grupo,"odio_grupo|Todos los {g} {p}, sin excepción",Xenofobia,"Todos los hondureños sobran en este país, sin excepción"
V3-01635,"🐶 Todos los muertos de hambre dan asco, sin excepción",2,v3_emoji_clase2,emoji_clase2|emoji_🐶,Personas en situación de pobreza,":cara_de_perro: Todos los muertos de hambre dan asco, sin excepción"
V3-01636,"Que se vayan los judíos, son basura 🇮🇱🤢",2,v3_emoji_clase2,emoji_clase2|emoji_🇮🇱🤢,Judíos e israelíes,"Que se vayan los judíos, son basura :bandera_israel: :cara_de_náuseas:"
V3-01637,"Eso es lo que sos, un put",1,v3_ofensivo_ofuscado,"ofensivo_ofuscado|Nadie te preguntó, {t}",Palabras obscenas,"Eso es lo que sos, un put"
V3-01638,"Gente como vos sobra, chap1ador4",2,v3_odio_ofuscado,"odio_ofuscado|No perteneces aquí, {t}",Sexismo,"Gente como vos sobra, chap1ador4"
V3-01639,Hay que par7irlos a todos,3,v3_amenaza_ofuscada,amenaza_ofuscada|Hay que {v}los a todos,Amenaza Directa,Hay que par7irlos a todos
V3-01640,"Hablando pura paja, kul0",1,v3_ofensivo_ofuscado,"ofensivo_ofuscado|Mejor callate, {t}",Palabras obscenas,"Hablando pura paja, kul0"
V3-01641,"Qué asco das, cvrzo",1,v3_ofensivo_ofuscado,"ofensivo_ofuscado|Qué pereza leerte, {t}",nan,"Qué asco das, cvrzo"
V3-01642,"Me da igual lo que digas, eskobas",1,v3_ofensivo_ofuscado,"ofensivo_ofuscado|Hablando pura paja, {t}",Insulto,"Me da igual lo que digas, eskobas"
V3-01643,Qué excelente te quedó la casa,0,v3_jerga_control,jerga_control|Qué {t} te quedó la casa,,Qué excelente te quedó la casa
V3-01644,"No perteneces aquí, terr0rista",2,v3_odio_ofuscado,"odio_ofuscado|Por gente como vos está así el país, {t}",Xenofobia,"No perteneces aquí, terr0rista"
V3-01645,Los morenos sobran en este 🦶 país y nadie lo dice,2,v3_emoji_clase2,emoji_clase2|emoji_🦶,Personas racializadas,Los morenos sobran en este :pie: país y nadie lo dice
V3-01646,"Da asco verte, t3rror1st4",2,v3_odio_ofuscado,"odio_ofuscado|Regresate de donde viniste, {t}",Xenofobia,"Da asco verte, t3rror1st4"
V3-01647,"Qué onda amigo, todo bien por allá",0,v3_jerga_control,"jerga_control|Qué onda {t}, todo bien por allá",,"Qué onda amigo, todo bien por allá"
V3-01648,"Andá a trabajar, kh0lco",1,v3_ofensivo_ofuscado,"ofensivo_ofuscado|No hablés de lo que no sabés, {t}",Insulto,"Andá a trabajar, kh0lco"
V3-01649,🪳 Los migrantes son escoria y nadie lo dice,2,v3_emoji_clase2,emoji_clase2|emoji_🪳,Migrantes y grupos étnicos,:cucaracha: Los migrantes son escoria y nadie lo dice
V3-01650,"Eso es lo que sos, un h4rag4n",1,v3_ofensivo_ofuscado,"ofensivo_ofuscado|Otra vez vos, {t}",Insulto,"Eso es lo que sos, un h4rag4n"
V3-01651,El concierto 🎉 estuvo increíble,0,v3_emoji_benigno,emoji_benigno|benigno_🎉,,El concierto :cañón_de_confeti: estuvo increíble
V3-01652,"Los pobres son escoria, así de simple 🐀",2,v3_emoji_clase2,emoji_clase2|emoji_🐀,Migrantes y personas empobrecidas,"Los pobres son escoria, así de simple :rata:"
V3-01653,"Que se vayan los colombianos, dan asco",2,v3_odio_grupo,"odio_grupo|Que se vayan los {g}, {p}",Xenofobia,"Que se vayan los colombianos, dan asco"
V3-01654,Un venezolano siempre va a ser un problema,2,v3_odio_grupo,odio_grupo|Un {gs} siempre va a ser un problema,Xenofobia,Un venezolano siempre va a ser un problema
V3-01655,Los colombianos juegan muy bien al fútbol,0,v3_nacionalidad_notoxico,nacionalidad_notoxico|Los {g} juegan muy bien al fútbol,,Los colombianos juegan muy bien al fútbol
V3-01656,🐁 Los pobres son escoria,2,v3_emoji_clase2,emoji_clase2|emoji_🐁,Migrantes y personas empobrecidas,:ratón: Los pobres son escoria
V3-01657,"Sos lo peor 🐍 que hay, tu*o",1,v3_emoji_clase1,emoji_clase1|emoji_🐍,Individuo,"Sos lo peor :serpiente: que hay, tu*o"
V3-01658,Mirá al kvrso este,1,v3_ofensivo_ofuscado,"ofensivo_ofuscado|Qué pereza leerte, {t}",nan,Mirá al kvrso este
V3-01659,"No sabés nada, chero p*ja",1,v3_jerga_ofensivo,"jerga_ofensivo|No sabés nada, {t}",Insulto Directo,"No sabés nada, chero p*ja"
V3-01660,Ya salieron las notas y me fue bien 🙏,0,v3_emoji_benigno,emoji_benigno|benigno_🙏,,Ya salieron las notas y me fue bien :manos_en_oración:
V3-01661,Te voy a p.a.r.t.i.r te lo juro,3,v3_amenaza_ofuscada,amenaza_ofuscada|Te voy a {v},Amenaza Directa,Te voy a p.a.r.t.i.r te lo juro
V3-01662,Te van a q u e b r a r si seguís así acordate de esto,3,v3_amenaza_ofuscada,amenaza_ofuscada|Te van a {v} si seguís así,Amenaza Directa,Te van a q u e b r a r si seguís así acordate de esto
V3-01663,"Otra vez vos, osicooo",1,v3_ofensivo_ofuscado,"ofensivo_ofuscado|No jodás más, {t}",Insulto,"Otra vez vos, osicooo"
V3-01664,Qué bueno que ya te sentís mejor 👏,0,v3_emoji_benigno,emoji_benigno|benigno_👏,,Qué bueno que ya te sentís mejor :manos_aplaudiendo:
V3-01665,"Regresate de donde viniste, lesbi4na",2,v3_odio_ofuscado,"odio_ofuscado|Gente como vos sobra, {t}",Homofobia,"Regresate de donde viniste, lesbi4na"
V3-01666,Se lo van a cargar 🪦,3,v3_emoji_clase3,emoji_clase3|emoji_🪦,Individuo,Se lo van a cargar :lápida:
V3-01667,Con gusto lo l i n c h a rría yo mismo anotalo,3,v3_amenaza_ofuscada,amenaza_ofuscada|Con gusto lo {v}ría yo mismo,Amenaza Directa,Con gusto lo l i n c h a rría yo mismo anotalo
V3-01668,"Andate a tu país, l3sb14n4",2,v3_odio_ofuscado,"odio_ofuscado|Gente como vos sobra, {t}",Homofobia,"Andate a tu país, l3sb14n4"
V3-01669,Fuera los peruanos de nuestro país,2,v3_odio_grupo,odio_grupo|Fuera los {g} de nuestro país,Xenofobia,Fuera los peruanos de nuestro país
V3-01670,Estudié con dos compañeros chinos,0,v3_nacionalidad_notoxico,nacionalidad_notoxico|Estudié con dos compañeros {g},,Estudié con dos compañeros chinos
V3-01671,Puro v3nganza el que escribió eso,1,v3_ofensivo_ofuscado,"ofensivo_ofuscado|Dejá de escribir, {t}",nan,Puro v3nganza el que escribió eso
V3-01672,Dejame el chibola sobre la mesa 🎉,0,v3_emoji_benigno,emoji_benigno|benigno_🎉,,Dejame el chibola sobre la mesa :cañón_de_confeti:
V3-01673,Quedó chivo el trabajo que hicieron,0,v3_jerga_notoxico,jerga_notoxico|Quedó {t} el trabajo que hicieron,,Quedó chivo el trabajo que hicieron
V3-01674,"🐒🇲🇽 Que se vayan los centroamericanos, son puro estorbo",2,v3_emoji_clase2,emoji_clase2|emoji_🐒🇲🇽,Latinoamericanos,":mono: :bandera_méxico: Que se vayan los centroamericanos, son puro estorbo"
V3-01675,"Todos los sudacas dan asco, sin excepción 🐒🇭🇳",2,v3_emoji_clase2,emoji_clase2|emoji_🐒🇭🇳,Latinoamericanos,"Todos los sudacas dan asco, sin excepción :mono: :bandera_honduras:"
V3-01676,Mi tío es codo pero buena gente,0,v3_jerga_notoxico,jerga_notoxico|Mi tío es {t} pero buena gente,,Mi tío es codo pero buena gente
V3-01677,"Dejá de escribir, c*les",1,v3_ofensivo_ofuscado,"ofensivo_ofuscado|Andate de aquí, {t}",Palabras obscenas,"Dejá de escribir, c*les"
V3-01678,"Otra vez vos, t0nt0",1,v3_ofensivo_ofuscado,"ofensivo_ofuscado|No sabés nada, {t}",Insulto,"Otra vez vos, t0nt0"
V3-01679,"Que se vayan los pobres, son una plaga 🐶",2,v3_emoji_clase2,emoji_clase2|emoji_🐶,Personas en situación de pobreza,"Que se vayan los pobres, son una plaga :cara_de_perro:"
V3-01680,"Qué asco das, imbek1l",1,v3_ofensivo_ofuscado,"ofensivo_ofuscado|Nadie te preguntó, {t}",Insulto,"Qué asco das, imbek1l"
V3-01681,"Otra vez vos, pendeja",1,v3_ofensivo_ofuscado,"ofensivo_ofuscado|Me da igual lo que digas, {t}",Insulto,"Otra vez vos, pendeja"
V3-01682,Ese bicho nunca falla cuando se le necesita,0,v3_jerga_notoxico,jerga_notoxico|Ese {t} nunca falla cuando se le necesita,,Ese bicho nunca falla cuando se le necesita
V3-01683,Los venezolanos tienen unas playas preciosas,0,v3_nacionalidad_notoxico,nacionalidad_notoxico|Los {g} tienen unas playas preciosas,,Los venezolanos tienen unas playas preciosas
V3-01684,Los nicaragüenses ganaron el partido de ayer,0,v3_nacionalidad_notoxico,nacionalidad_notoxico|Los {g} ganaron el partido de ayer,,Los nicaragüenses ganaron el partido de ayer
V3-01685,"Los trans son 🏳️‍🌈🤨 escoria, así de simple",2,v3_emoji_clase2,emoji_clase2|emoji_🏳️‍🌈🤨,Personas LGBT,"Los trans son :bandera_blanca: :arcoíris: :cara_con_ceja_alzada: escoria, así de simple"
V3-01686,"Cerrá el hocico, 1mbekil",1,v3_ofensivo_ofuscado,"ofensivo_ofuscado|Qué asco das, {t}",Insulto,"Cerrá el hocico, 1mbekil"
V3-01687,"Qué feri@, en serio",1,v3_ofensivo_ofuscado,"ofensivo_ofuscado|Qué pereza leerte, {t}",Insulto,"Qué feri@, en serio"
V3-01688,"No hablés de lo que no sabés, de*madre",1,v3_ofensivo_ofuscado,"ofensivo_ofuscado|Eso es lo que sos, un {t}",Tono agresivo,"No hablés de lo que no sabés, de*madre"
V3-01689,"Andá a trabajar, kulo",1,v3_ofensivo_ofuscado,"ofensivo_ofuscado|Andá a trabajar, {t}",Palabras obscenas,"Andá a trabajar, kulo"
V3-01690,Alguien debería paaartir a ese tipo acordate de esto,3,v3_amenaza_ofuscada,amenaza_ofuscada|Alguien debería {v} a ese tipo,Amenaza Directa,Alguien debería paaartir a ese tipo acordate de esto
V3-01691,Vamos a ver al bicho el domingo ☕,0,v3_emoji_benigno,emoji_benigno|benigno_☕,,Vamos a ver al bicho el domingo :bebida_caliente:
V3-01692,Tengo varios amigos argentinos en el trabajo,0,v3_nacionalidad_notoxico,nacionalidad_notoxico|Tengo varios amigos {g} en el trabajo,,Tengo varios amigos argentinos en el trabajo
V3-01693,"Otra vez vos, b*utico",1,v3_ofensivo_ofuscado,ofensivo_ofuscado|Puro {t} el que escribió eso,Insulto,"Otra vez vos, b*utico"
V3-01694,"Mientras más mocosos 🍍 llegan, peor está todo",2,v3_emoji_clase2,emoji_clase2|emoji_🍍,Menores de edad,"Mientras más mocosos :piña: llegan, peor está todo"
V3-01695,Vinieron unos colombianos a la actividad,0,v3_nacionalidad_notoxico,nacionalidad_notoxico|Vinieron unos {g} a la actividad,,Vinieron unos colombianos a la actividad
V3-01696,"Sos lo peor que hay, p.u.t.o",1,v3_ofensivo_ofuscado,"ofensivo_ofuscado|Hablando pura paja, {t}",Palabras obscenas,"Sos lo peor que hay, p.u.t.o"
V3-01697,Ese asqueros0 otra vez,1,v3_ofensivo_ofuscado,"ofensivo_ofuscado|Nadie te preguntó, {t}",Insulto,Ese asqueros0 otra vez
V3-01698,Que lo vayan a qu3brar de una vez esperame afuera,3,v3_amenaza_ofuscada,amenaza_ofuscada|Que lo vayan a {v} de una vez,Amenaza Directa,Que lo vayan a qu3brar de una vez esperame afuera
V3-01699,Avisale que hay quien lo está esperando afuera,3,v3_amenaza_eufemismo,amenaza_eufemismo|eufemismo_reportado,Amenaza Implícita,Avisale que hay quien lo está esperando afuera
V3-01700,"Gente como vos sobra, 4rr4str4d4",2,v3_odio_ofuscado,"odio_ofuscado|No perteneces aquí, {t}",Sexismo,"Gente como vos sobra, 4rr4str4d4"
V3-01701,"Nadie te preguntó, p-a-j-e-r-o",1,v3_ofensivo_ofuscado,"ofensivo_ofuscado|Otra vez vos, {t}",Palabras obscenas,"Nadie te preguntó, p-a-j-e-r-o"
V3-01702,Me dan ganas de t0rtur4rlo ya vas a ver,3,v3_amenaza_ofuscada,amenaza_ofuscada|Me dan ganas de {v}lo,Amenaza Directa,Me dan ganas de t0rtur4rlo ya vas a ver
V3-01703,"Otra vez vos, paj3ro",1,v3_ofensivo_ofuscado,"ofensivo_ofuscado|Sos lo peor que hay, {t}",Palabras obscenas,"Otra vez vos, paj3ro"
V3-01704,"Qué khimb4das, en serio",1,v3_ofensivo_ofuscado,"ofensivo_ofuscado|Andá a trabajar, {t}",Palabras obscenas,"Qué khimb4das, en serio"
V3-01705,"Ya me hartaste, bayvnc0",1,v3_ofensivo_ofuscado,"ofensivo_ofuscado|Qué pereza leerte, {t}",Insulto,"Ya me hartaste, bayvnc0"
V3-01706,"Todos los indios son puro estorbo, sin excepción 🪲",2,v3_emoji_clase2,emoji_clase2|emoji_🪲,Migrantes y grupos étnicos,"Todos los indios son puro estorbo, sin excepción :escarabajo:"
V3-01707,Ya sabe que ya está en la lista ese,3,v3_amenaza_eufemismo,amenaza_eufemismo|eufemismo_reportado,Amenaza Implícita,Ya sabe que ya está en la lista ese
V3-01708,Deberían linch@r a todos esos esperame afuera,3,v3_amenaza_ofuscada,amenaza_ofuscada|Deberían {v} a todos esos,Amenaza Directa,Deberían linch@r a todos esos esperame afuera
V3-01709,"Odio a los tarados, son mierda 🧠🚫",2,v3_emoji_clase2,emoji_clase2|emoji_🧠🚫,Personas con discapacidad intelectual,"Odio a los tarados, son mierda :cerebro: :prohibido:"
V3-01710,"Da asco verte, na*gentina",2,v3_odio_ofuscado,"odio_ofuscado|Da asco verte, {t}",Xenofobia,"Da asco verte, na*gentina"
V3-01711,Ese pendejo otra vez,1,v3_ofensivo_ofuscado,ofensivo_ofuscado|Puro {t} el que escribió eso,Insulto,Ese pendejo otra vez
V3-01712,Hay que darles 💣 su merecido a esos,3,v3_emoji_clase3,emoji_clase3|emoji_💣,Colectivo,Hay que darles :bomba: su merecido a esos
V3-01713,"No jodás más, ded",1,v3_ofensivo_ofuscado,"ofensivo_ofuscado|Eso es lo que sos, un {t}",nan,"No jodás más, ded"
V3-01714,Te van a p4rt1r si seguís así vas a ver,3,v3_amenaza_ofuscada,amenaza_ofuscada|Te van a {v} si seguís así,Amenaza Directa,Te van a p4rt1r si seguís así vas a ver
V3-01715,"Dejá de escribir, cerote p3do",1,v3_jerga_ofensivo,"jerga_ofensivo|Dejá de escribir, {t}",Insulto Directo,"Dejá de escribir, cerote p3do"
V3-01716,Sos un ba5ura y punto,1,v3_ofensivo_ofuscado,"ofensivo_ofuscado|Dejá de escribir, {t}",Insulto,Sos un ba5ura y punto
V3-01717,"Qué asco das, m4nt3nida",1,v3_ofensivo_ofuscado,"ofensivo_ofuscado|Me da igual lo que digas, {t}",Insulto,"Qué asco das, m4nt3nida"
V3-01718,Vamos a part1r a ese maje ya vas a ver,3,v3_amenaza_ofuscada,amenaza_ofuscada|Vamos a {v} a ese maje,Amenaza Directa,Vamos a part1r a ese maje ya vas a ver
V3-01719,No respondo si lo llego a quem@r acordate de esto,3,v3_amenaza_ofuscada,amenaza_ofuscada|No respondo si lo llego a {v},Amenaza Directa,No respondo si lo llego a quem@r acordate de esto
V3-01720,"cabal, nos vemos el domingo entonces",0,v3_jerga_notoxico,"jerga_notoxico|{t}, nos vemos el domingo entonces",,"cabal, nos vemos el domingo entonces"
V3-01721,Qué vergón se ve el paisaje desde aquí 🌮,0,v3_emoji_benigno,emoji_benigno|benigno_🌮,,Qué vergón se ve el paisaje desde aquí :taco:
V3-01722,Deberían b4l34r a todos esos acordate de esto,3,v3_amenaza_ofuscada,amenaza_ofuscada|Deberían {v} a todos esos,Amenaza Directa,Deberían b4l34r a todos esos acordate de esto
V3-01723,"Cerrá el hocico, qorgojoz",1,v3_ofensivo_ofuscado,"ofensivo_ofuscado|Qué {t}, en serio",Insulto,"Cerrá el hocico, qorgojoz"
V3-01724,Deberían matar a todos esos 🔫,3,v3_emoji_clase3,emoji_clase3|emoji_🔫,Individuo,Deberían matar a todos esos :pistola:
V3-01725,"Ya me hartaste, j0d1do",1,v3_ofensivo_ofuscado,"ofensivo_ofuscado|Volvé cuando aprendás, {t}",Tono agresivo,"Ya me hartaste, j0d1do"
V3-01726,"Cerrá el hocico, zorr4",1,v3_ofensivo_ofuscado,"ofensivo_ofuscado|Qué {t}, en serio",Insulto,"Cerrá el hocico, zorr4"
V3-01727,No quiero ni un mexicano cerca de mi familia,2,v3_odio_grupo,odio_grupo|No quiero ni un {gs} cerca de mi familia,Xenofobia,No quiero ni un mexicano cerca de mi familia
V3-01728,No respondo si lo llego a b@le@r acordate de esto,3,v3_amenaza_ofuscada,amenaza_ofuscada|No respondo si lo llego a {v},Amenaza Directa,No respondo si lo llego a b@le@r acordate de esto
V3-01729,"Andate de aquí, paj3r0",1,v3_ofensivo_ofuscado,"ofensivo_ofuscado|Mejor callate, {t}",Palabras obscenas,"Andate de aquí, paj3r0"
V3-01730,Nos vemos mañana en la reunión 🌟,0,v3_emoji_benigno,emoji_benigno|benigno_🌟,,Nos vemos mañana en la reunión :estrella_brillante:
V3-01731,Alguien debería @puñ@l@r a ese tipo te lo juro,3,v3_amenaza_ofuscada,amenaza_ofuscada|Alguien debería {v} a ese tipo,Amenaza Directa,Alguien debería @puñ@l@r a ese tipo te lo juro
V3-01732,"Volvé cuando aprendás, cula",1,v3_ofensivo_ofuscado,"ofensivo_ofuscado|No hablés de lo que no sabés, {t}",Palabras obscenas,"Volvé cuando aprendás, cula"
V3-01733,Ya viene el jura con las pupusas,0,v3_jerga_notoxico,jerga_notoxico|Ya viene el {t} con las pupusas,,Ya viene el jura con las pupusas
V3-01734,Buena suerte en el examen ❤️,0,v3_emoji_benigno,emoji_benigno|benigno_❤️,,Buena suerte en el examen :corazón_rojo:
V3-01735,Sos un c.u.r.s.o y punto,1,v3_ofensivo_ofuscado,"ofensivo_ofuscado|Qué {t}, en serio",nan,Sos un c.u.r.s.o y punto
V3-01736,"Qué pereza leerte, m3diocr3",1,v3_ofensivo_ofuscado,"ofensivo_ofuscado|No sabés nada, {t}",Insulto,"Qué pereza leerte, m3diocr3"
V3-01737,"Eso es lo que sos, un basur@",1,v3_ofensivo_ofuscado,"ofensivo_ofuscado|Qué pereza leerte, {t}",Insulto,"Eso es lo que sos, un basur@"
V3-01738,"Me da igual lo que digas, hoc1co",1,v3_ofensivo_ofuscado,"ofensivo_ofuscado|Sos lo peor que hay, {t}",Insulto,"Me da igual lo que digas, hoc1co"
V3-01739,"Está bien sucio el lugar, se los recomiendo",0,v3_jerga_control,"jerga_control|Está bien {t} el lugar, se los recomiendo",,"Está bien sucio el lugar, se los recomiendo"
V3-01740,Vamos a ver al amigo el domingo,0,v3_jerga_control,jerga_control|Vamos a ver al {t} el domingo,,Vamos a ver al amigo el domingo
V3-01741,No encuentro el chibola por ningún lado 🍀,0,v3_emoji_benigno,emoji_benigno|benigno_🍀,,No encuentro el chibola por ningún lado :trébol_de_cuatro_hojas:
V3-01742,Ya quisiera q.u.e.b.r.a.r a ese maje,3,v3_amenaza_ofuscada,amenaza_ofuscada|Ya quisiera {v} a ese maje,Amenaza Directa,Ya quisiera q.u.e.b.r.a.r a ese maje
V3-01743,Qué tuanis se ve el paisaje desde aquí,0,v3_jerga_notoxico,jerga_notoxico|Qué {t} se ve el paisaje desde aquí,,Qué tuanis se ve el paisaje desde aquí
V3-01744,No sea tacaño y convide de eso,0,v3_jerga_control,jerga_control|No sea {t} y convide de eso,,No sea tacaño y convide de eso
V3-01745,"Que se vayan los viejos, dan asco 👴💀",2,v3_emoji_clase2,emoji_clase2|emoji_👴💀,Adultos mayores,"Que se vayan los viejos, dan asco :anciano: :calavera:"
V3-01746,"No sabés nada, ba*unco",1,v3_ofensivo_ofuscado,"ofensivo_ofuscado|Hablando pura paja, {t}",Insulto,"No sabés nada, ba*unco"
V3-01747,"Sos lo peor que hay, har4qan",1,v3_ofensivo_ofuscado,ofensivo_ofuscado|Puro {t} el que escribió eso,Insulto,"Sos lo peor que hay, har4qan"
V3-01748,"🤤 Mientras más retrasados llegan, peor está todo",2,v3_emoji_clase2,emoji_clase2|emoji_🤤,Personas con discapacidad intelectual,":cara_babeando: Mientras más retrasados llegan, peor está todo"
V3-01749,"Qué pereza leerte, h4r4g4n",1,v3_ofensivo_ofuscado,"ofensivo_ofuscado|Ya me hartaste, {t}",Insulto,"Qué pereza leerte, h4r4g4n"
V3-01750,A ese ya le tienen el cajón listo anotalo,3,v3_amenaza_eufemismo,amenaza_eufemismo|eufemismo_con_cola,Amenaza Implícita,A ese ya le tienen el cajón listo anotalo
V3-01751,"Hablando pura paja, e-s-c-o-r-i-a",1,v3_ofensivo_ofuscado,"ofensivo_ofuscado|Ya cállese, {t}",Insulto,"Hablando pura paja, e-s-c-o-r-i-a"
V3-01752,"Te voy a g*****r y no es amenaza, es aviso",3,v3_amenaza_ofuscada,amenaza_ofuscada|Te voy a {v},Amenaza Directa,"Te voy a g*****r y no es amenaza, es aviso"
V3-01753,"Por gente como vos está así el país, terrori$ta",2,v3_odio_ofuscado,"odio_ofuscado|Aquí no te queremos, {t}",Xenofobia,"Por gente como vos está así el país, terrori$ta"
V3-01754,"Odio a los guatemaltecos, son puro estorbo",2,v3_odio_grupo,"odio_grupo|Odio a los {g}, {p}",Xenofobia,"Odio a los guatemaltecos, son puro estorbo"
V3-01755,Ya son demasiados guatemaltecos en este país,2,v3_odio_grupo,odio_grupo|Ya son demasiados {g} en este país,Xenofobia,Ya son demasiados guatemaltecos en este país
V3-01756,"Nadie te preguntó, beztia",1,v3_ofensivo_ofuscado,"ofensivo_ofuscado|Ya me hartaste, {t}",Insulto,"Nadie te preguntó, beztia"
V3-01757,"Ojalá te deporten, t*rrorista",2,v3_odio_ofuscado,"odio_ofuscado|Aquí no te queremos, {t}",Xenofobia,"Ojalá te deporten, t*rrorista"
V3-01758,Voy a ir a colg4rte a tu casa te lo juro,3,v3_amenaza_ofuscada,amenaza_ofuscada|Voy a ir a {v}te a tu casa,Amenaza Directa,Voy a ir a colg4rte a tu casa te lo juro
V3-01759,Fuera los obesos de nuestro país 🐖,2,v3_emoji_clase2,emoji_clase2|emoji_🐖,Personas con sobrepeso,Fuera los obesos de nuestro país :cerdo:
V3-01760,No respondo si lo llego a quemar ya vas a ver,3,v3_amenaza_ofuscada,amenaza_ofuscada|No respondo si lo llego a {v},Amenaza Directa,No respondo si lo llego a quemar ya vas a ver
V3-01761,"Los morenos no son 🦶 gente, así de simple",2,v3_emoji_clase2,emoji_clase2|emoji_🦶,Personas racializadas,"Los morenos no son :pie: gente, así de simple"
V3-01762,Ese jura me cae bien la verdad,0,v3_jerga_notoxico,jerga_notoxico|Ese {t} me cae bien la verdad,,Ese jura me cae bien la verdad
V3-01763,Quedó bonito el trabajo que hicieron,0,v3_jerga_control,jerga_control|Quedó {t} el trabajo que hicieron,,Quedó bonito el trabajo que hicieron
V3-01764,Ya son demasiados 🐒🇸🇻 centroamericanos en este país,2,v3_emoji_clase2,emoji_clase2|emoji_🐒🇸🇻,Latinoamericanos,Ya son demasiados :mono: :bandera_el_salvador: centroamericanos en este país
V3-01765,"Por gente como vos está así el país, lesbian",2,v3_odio_ofuscado,"odio_ofuscado|No perteneces aquí, {t}",Homofobia,"Por gente como vos está así el país, lesbian"
V3-01766,"No sabés nada, gorgojo5",1,v3_ofensivo_ofuscado,"ofensivo_ofuscado|Andate de aquí, {t}",Insulto,"No sabés nada, gorgojo5"
V3-01767,Ese no llega al lunes ⚰️,3,v3_emoji_clase3,emoji_clase3|emoji_⚰️,Personas enfermas,Ese no llega al lunes :ataúd:
V3-01768,"Odio a los 🐒 centroamericanos, son mierda",2,v3_emoji_clase2,emoji_clase2|emoji_🐒,Latinoamericanos,"Odio a los :mono: centroamericanos, son mierda"
V3-01769,"No jodás más, e.s.c.o.b.a.s",1,v3_ofensivo_ofuscado,"ofensivo_ofuscado|Hablando pura paja, {t}",Insulto,"No jodás más, e.s.c.o.b.a.s"
V3-01770,Ese malditooo otra vez,1,v3_ofensivo_ofuscado,"ofensivo_ofuscado|Sos lo peor que hay, {t}",Tono agresivo,Ese malditooo otra vez
V3-01771,"Dejá de escribir, c4chudo",1,v3_ofensivo_ofuscado,"ofensivo_ofuscado|Andá a trabajar, {t}",Insulto,"Dejá de escribir, c4chudo"
V3-01772,"Andate a tu país, chapiadoraaa",2,v3_odio_ofuscado,"odio_ofuscado|Gente como vos sobra, {t}",Sexismo,"Andate a tu país, chapiadoraaa"
V3-01773,"Qué onda pajero, todo bien por allá 🥳",0,v3_emoji_benigno,emoji_benigno|benigno_🥳,,"Qué onda pajero, todo bien por allá :cara_de_fiesta:"
V3-01774,Sos un khuco y punto,1,v3_ofensivo_ofuscado,"ofensivo_ofuscado|Dejá de escribir, {t}",Insulto,Sos un khuco y punto
V3-01775,⚰️ Le tienen preparada una,3,v3_emoji_clase3,emoji_clase3|emoji_⚰️,Personas enfermas,:ataúd: Le tienen preparada una
V3-01776,"No sabés nada, p.a.l.o.m.a",1,v3_ofensivo_ofuscado,"ofensivo_ofuscado|Qué asco das, {t}",Palabras obscenas,"No sabés nada, p.a.l.o.m.a"
V3-01777,"No jodás más, malcriado",1,v3_ofensivo_ofuscado,"ofensivo_ofuscado|No sabés nada, {t}",Insulto,"No jodás más, malcriado"
V3-01778,"Los centroamericanos no son gente, así de simple 🐒🇦🇷",2,v3_emoji_clase2,emoji_clase2|emoji_🐒🇦🇷,Latinoamericanos,"Los centroamericanos no son gente, así de simple :mono: :bandera_argentina:"
V3-01779,"Odio a los chinos, son basura",2,v3_odio_grupo,"odio_grupo|Odio a los {g}, {p}",Xenofobia,"Odio a los chinos, son basura"
V3-01780,Quedó chuco el trabajo que hicieron ☕,0,v3_emoji_benigno,emoji_benigno|benigno_☕,,Quedó chuco el trabajo que hicieron :bebida_caliente:
V3-01781,A ese hay que quuuemarlo antes de que siga anotalo,3,v3_amenaza_ofuscada,amenaza_ofuscada|A ese hay que {v}lo antes de que siga,Amenaza Directa,A ese hay que quuuemarlo antes de que siga anotalo
V3-01782,Ese fer1a otra vez,1,v3_ofensivo_ofuscado,"ofensivo_ofuscado|No sabés nada, {t}",Insulto,Ese fer1a otra vez
V3-01783,Fuera los chinos de nuestro país,2,v3_odio_grupo,odio_grupo|Fuera los {g} de nuestro país,Xenofobia,Fuera los chinos de nuestro país
V3-01784,"No respondo si lo llego a l1nch4r y no es amenaza, es aviso",3,v3_amenaza_ofuscada,amenaza_ofuscada|No respondo si lo llego a {v},Amenaza Directa,"No respondo si lo llego a l1nch4r y no es amenaza, es aviso"
V3-01785,No respondo si lo llego a @puñ@l@r ya vas a ver,3,v3_amenaza_ofuscada,amenaza_ofuscada|No respondo si lo llego a {v},Amenaza Directa,No respondo si lo llego a @puñ@l@r ya vas a ver
V3-01786,Con un argentino no se puede razonar,2,v3_odio_grupo,odio_grupo|Con un {gs} no se puede razonar,Xenofobia,Con un argentino no se puede razonar
V3-01787,"Dejá de escribir, pa5mado",1,v3_ofensivo_ofuscado,"ofensivo_ofuscado|Eso es lo que sos, un {t}",Insulto,"Dejá de escribir, pa5mado"
V3-01788,🌻 Qué bueno que ya te sentís mejor,0,v3_emoji_benigno,emoji_benigno|benigno_🌻,,:girasol: Qué bueno que ya te sentís mejor
V3-01789,Hay que c o l g a rlos a todos esperame afuera,3,v3_amenaza_ofuscada,amenaza_ofuscada|Hay que {v}los a todos,Amenaza Directa,Hay que c o l g a rlos a todos esperame afuera
V3-01790,"Nadie te 🇺🇸🦅💩 preguntó, burr0",1,v3_emoji_clase1,emoji_clase1|emoji_🇺🇸🦅💩,Estadounidenses,"Nadie te :bandera_estados_unidos: :águila: :caca_con_ojos: preguntó, burr0"
V3-01791,"puchica, qué bonito amaneció hoy",0,v3_jerga_notoxico,"jerga_notoxico|{t}, qué bonito amaneció hoy",,"puchica, qué bonito amaneció hoy"
V3-01792,Fuera los sudacas de nuestro país 🐒🇻🇪,2,v3_emoji_clase2,emoji_clase2|emoji_🐒🇻🇪,Latinoamericanos,Fuera los sudacas de nuestro país :mono: :bandera_venezuela:
V3-01793,"Hablando pura paja, z0rra 🇺🇸🦅💩",1,v3_emoji_clase1,emoji_clase1|emoji_🇺🇸🦅💩,Estadounidenses,"Hablando pura paja, z0rra :bandera_estados_unidos: :águila: :caca_con_ojos:"
V3-01794,"Qué pereza leerte, escor!a",1,v3_ofensivo_ofuscado,"ofensivo_ofuscado|Nadie te preguntó, {t}",Insulto,"Qué pereza leerte, escor!a"
V3-01795,"Mejor callate, gorqojos",1,v3_ofensivo_ofuscado,"ofensivo_ofuscado|Qué pereza leerte, {t}",Insulto,"Mejor callate, gorqojos"
V3-01796,Tengo varios amigos colombianos en el trabajo,0,v3_nacionalidad_notoxico,nacionalidad_notoxico|Tengo varios amigos {g} en el trabajo,,Tengo varios amigos colombianos en el trabajo
V3-01797,"Cerrá el hocico, vrvtico",1,v3_ofensivo_ofuscado,"ofensivo_ofuscado|Qué {t}, en serio",Insulto,"Cerrá el hocico, vrvtico"
V3-01798,Muchas gracias por la ayuda de ayer 😂,0,v3_emoji_benigno,emoji_benigno|benigno_😂,,Muchas gracias por la ayuda de ayer :cara_llorando_de_risa:
V3-01799,"Qué pajero fazc1sta, en serio",1,v3_jerga_ofensivo,"jerga_ofensivo|Qué {t}, en serio",Insulto Directo,"Qué pajero fazc1sta, en serio"
V3-01800,"No sabés nada, escorias",1,v3_ofensivo_ofuscado,"ofensivo_ofuscado|Cerrá el hocico, {t}",Insulto,"No sabés nada, escorias"
V3-01801,"Odio a los obesos, son mierda 🐋🚫",2,v3_emoji_clase2,emoji_clase2|emoji_🐋🚫,Personas con sobrepeso,"Odio a los obesos, son mierda :ballena: :prohibido:"
V3-01802,Ya viene el chucho con las pupusas,0,v3_jerga_notoxico,jerga_notoxico|Ya viene el {t} con las pupusas,,Ya viene el chucho con las pupusas
V3-01803,Ojalá lo p4r7iren pronto esperame afuera,3,v3_amenaza_ofuscada,amenaza_ofuscada|Ojalá lo {v}en pronto,Amenaza Directa,Ojalá lo p4r7iren pronto esperame afuera
V3-01804,Mañana tengo fiesta desde temprano,0,v3_jerga_control,jerga_control|Mañana tengo {t} desde temprano,,Mañana tengo fiesta desde temprano
V3-01805,"Me da igual lo que digas, c@chudo",1,v3_ofensivo_ofuscado,"ofensivo_ofuscado|No sabés nada, {t}",Insulto,"Me da igual lo que digas, c@chudo"
V3-01806,Fuera los muertos de hambre de nuestro país 🐕,2,v3_emoji_clase2,emoji_clase2|emoji_🐕,Personas en situación de pobreza,Fuera los muertos de hambre de nuestro país :perro:
V3-01807,Conocí a un cubano muy amable ayer,0,v3_nacionalidad_notoxico,nacionalidad_notoxico|Conocí a un {gs} muy amable ayer,,Conocí a un cubano muy amable ayer
V3-01808,Ya compré el 🙏 bolado para el domingo,0,v3_emoji_benigno,emoji_benigno|benigno_🙏,,Ya compré el :manos_en_oración: bolado para el domingo
V3-01809,"Andá a trabajar, medi0cr3",1,v3_ofensivo_ofuscado,ofensivo_ofuscado|Mirá al {t} este,Insulto,"Andá a trabajar, medi0cr3"
V3-01810,"Volvé cuando aprendás, hociko",1,v3_ofensivo_ofuscado,"ofensivo_ofuscado|Sos lo peor que hay, {t}",Insulto,"Volvé cuando aprendás, hociko"
V3-01811,"No hablés de lo que no sabés, v3rgazo",1,v3_ofensivo_ofuscado,"ofensivo_ofuscado|Sos lo peor que hay, {t}",Palabras obscenas,"No hablés de lo que no sabés, v3rgazo"
V3-01812,Ya son demasiados ignorantes en este país 😈📕,2,v3_emoji_clase2,emoji_clase2|emoji_😈📕,Personas con baja educación,Ya son demasiados ignorantes en este país :cara_sonriendo_con_cuernos: :libro_cerrado:
V3-01813,Ya viene el cerote con las pupusas,0,v3_jerga_notoxico,jerga_notoxico|Ya viene el {t} con las pupusas,,Ya viene el cerote con las pupusas
V3-01814,"Ya me 🐍 hartaste, tr4garon",1,v3_emoji_clase1,emoji_clase1|emoji_🐍,Individuo,"Ya me :serpiente: hartaste, tr4garon"
V3-01815,"Sos lo peor que hay, verqaz0",1,v3_ofensivo_ofuscado,ofensivo_ofuscado|Sos un {t} y punto,Palabras obscenas,"Sos lo peor que hay, verqaz0"
V3-01816,Con gusto lo t0rturarría yo mismo anotalo,3,v3_amenaza_ofuscada,amenaza_ofuscada|Con gusto lo {v}ría yo mismo,Amenaza Directa,Con gusto lo t0rturarría yo mismo anotalo
V3-01817,"Ojalá te deporten, marer0",2,v3_odio_ofuscado,"odio_ofuscado|No perteneces aquí, {t}",Xenofobia,"Ojalá te deporten, marer0"
V3-01818,Ese policía siempre llega tarde pero llega,0,v3_jerga_control,jerga_control|Ese {t} siempre llega tarde pero llega,,Ese policía siempre llega tarde pero llega
V3-01819,La comida de los guatemaltecos está buenísima,0,v3_nacionalidad_notoxico,nacionalidad_notoxico|La comida de los {g} está buenísima,,La comida de los guatemaltecos está buenísima
V3-01820,"Sos lo peor que hay, b3stia",1,v3_ofensivo_ofuscado,"ofensivo_ofuscado|Eso es lo que sos, un {t}",Insulto,"Sos lo peor que hay, b3stia"
V3-01821,Ningún cubano debería estar aquí,2,v3_odio_grupo,odio_grupo|Ningún {gs} debería estar aquí,Xenofobia,Ningún cubano debería estar aquí
V3-01822,"Dejá de escribir, dezvergve",1,v3_ofensivo_ofuscado,"ofensivo_ofuscado|Andate de aquí, {t}",Tono agresivo,"Dejá de escribir, dezvergve"
V3-01823,"Odio a los 🐷 gordos, son puro estorbo",2,v3_emoji_clase2,emoji_clase2|emoji_🐷,Personas con sobrepeso,"Odio a los :cara_de_cerdo: gordos, son puro estorbo"
V3-01824,"Qué onda chota, todo bien por allá",0,v3_jerga_notoxico,"jerga_notoxico|Qué onda {t}, todo bien por allá",,"Qué onda chota, todo bien por allá"
V3-01825,"Odio a los colombianos, dan asco",2,v3_odio_grupo,"odio_grupo|Odio a los {g}, {p}",Xenofobia,"Odio a los colombianos, dan asco"
V3-01826,Mañana tengo 🌟 pachanga desde temprano,0,v3_emoji_benigno,emoji_benigno|benigno_🌟,,Mañana tengo :estrella_brillante: pachanga desde temprano
V3-01827,"Todos los obesos dan asco, sin excepción 🐷",2,v3_emoji_clase2,emoji_clase2|emoji_🐷,Personas con sobrepeso,"Todos los obesos dan asco, sin excepción :cara_de_cerdo:"
V3-01828,"Todos los morenos son puro estorbo, sin excepción 🌑",2,v3_emoji_clase2,emoji_clase2|emoji_🌑,Personas racializadas,"Todos los morenos son puro estorbo, sin excepción :luna_nueva:"
V3-01829,"Hablando pura paja, z0rra",1,v3_ofensivo_ofuscado,ofensivo_ofuscado|Ese {t} otra vez,Insulto,"Hablando pura paja, z0rra"
V3-01830,"Nadie te preguntó, b4sura",1,v3_ofensivo_ofuscado,"ofensivo_ofuscado|Mejor callate, {t}",Insulto,"Nadie te preguntó, b4sura"
V3-01831,"No sabés nada, pr3p4go",1,v3_ofensivo_ofuscado,"ofensivo_ofuscado|Hablando pura paja, {t}",Insulto,"No sabés nada, pr3p4go"
V3-01832,"Cerrá el hocico, hiju3pvta",1,v3_ofensivo_ofuscado,"ofensivo_ofuscado|Qué pereza leerte, {t}",Insulto,"Cerrá el hocico, hiju3pvta"
V3-01833,Fuera los obesos de nuestro país 🐋🚫,2,v3_emoji_clase2,emoji_clase2|emoji_🐋🚫,Personas con sobrepeso,Fuera los obesos de nuestro país :ballena: :prohibido:
V3-01834,Andá traeme el guaro ese que dejé 🍀,0,v3_emoji_benigno,emoji_benigno|benigno_🍀,,Andá traeme el guaro ese que dejé :trébol_de_cuatro_hojas:
V3-01835,Estudié con dos compañeros cubanos,0,v3_nacionalidad_notoxico,nacionalidad_notoxico|Estudié con dos compañeros {g},,Estudié con dos compañeros cubanos
V3-01836,Me gusta mucho la música de los cubanos,0,v3_nacionalidad_notoxico,nacionalidad_notoxico|Me gusta mucho la música de los {g},,Me gusta mucho la música de los cubanos
V3-01837,"Eso es lo que sos, un putaaaaa 🐍",1,v3_emoji_clase1,emoji_clase1|emoji_🐍,Individuo,"Eso es lo que sos, un putaaaaa :serpiente:"
V3-01838,"Todos los gordos son 🐖 una plaga, sin excepción",2,v3_emoji_clase2,emoji_clase2|emoji_🐖,Personas con sobrepeso,"Todos los gordos son :cerdo: una plaga, sin excepción"
V3-01839,Ya quisiera qu3m4r a ese maje ya vas a ver,3,v3_amenaza_ofuscada,amenaza_ofuscada|Ya quisiera {v} a ese maje,Amenaza Directa,Ya quisiera qu3m4r a ese maje ya vas a ver
V3-01840,Ya viene el maje con las pupusas,0,v3_jerga_notoxico,jerga_notoxico|Ya viene el {t} con las pupusas,,Ya viene el maje con las pupusas
V3-01841,Voy a ir a par7irte a tu casa,3,v3_amenaza_ofuscada,amenaza_ofuscada|Voy a ir a {v}te a tu casa,Amenaza Directa,Voy a ir a par7irte a tu casa
V3-01842,"Cerrá el hocico, pizt0",1,v3_ofensivo_ofuscado,ofensivo_ofuscado|Ese {t} otra vez,Insulto,"Cerrá el hocico, pizt0"
V3-01843,Lo van a c0lgar a ese ya vas a ver,3,v3_amenaza_ofuscada,amenaza_ofuscada|Lo van a {v} a ese,Amenaza Directa,Lo van a c0lgar a ese ya vas a ver
V3-01844,"No hablés de lo que no sabés, p4zmado",1,v3_ofensivo_ofuscado,ofensivo_ofuscado|Mirá al {t} este,Insulto,"No hablés de lo que no sabés, p4zmado"
V3-01845,Nos vemos mañana en la reunión 🎉,0,v3_emoji_benigno,emoji_benigno|benigno_🎉,,Nos vemos mañana en la reunión :cañón_de_confeti:
V3-01846,Alguien debería c****r a ese tipo,3,v3_amenaza_ofuscada,amenaza_ofuscada|Alguien debería {v} a ese tipo,Amenaza Directa,Alguien debería c****r a ese tipo
V3-01847,No respondo si lo llego a fusil@r ya vas a ver,3,v3_amenaza_ofuscada,amenaza_ofuscada|No respondo si lo llego a {v},Amenaza Directa,No respondo si lo llego a fusil@r ya vas a ver
V3-01848,"Mientras más pobres llegan, peor está todo 🐁",2,v3_emoji_clase2,emoji_clase2|emoji_🐁,Migrantes y personas empobrecidas,"Mientras más pobres llegan, peor está todo :ratón:"
V3-01849,"🦶 Los morenos son basura, así de simple",2,v3_emoji_clase2,emoji_clase2|emoji_🦶,Personas racializadas,":pie: Los morenos son basura, así de simple"
V3-01850,"Otra vez vos, malcr1ad0",1,v3_ofensivo_ofuscado,"ofensivo_ofuscado|No sabés nada, {t}",Insulto,"Otra vez vos, malcr1ad0"
V3-01851,Te van a f*****r si seguís así,3,v3_amenaza_ofuscada,amenaza_ofuscada|Te van a {v} si seguís así,Amenaza Directa,Te van a f*****r si seguís así
V3-01852,"Eso es lo que sos, un perrita",1,v3_ofensivo_ofuscado,"ofensivo_ofuscado|No jodás más, {t}",Insulto,"Eso es lo que sos, un perrita"
V3-01853,Uno de estos días lo van a f.u.s.i.l.a.r esperame afuera,3,v3_amenaza_ofuscada,amenaza_ofuscada|Uno de estos días lo van a {v},Amenaza Directa,Uno de estos días lo van a f.u.s.i.l.a.r esperame afuera
V3-01854,"Sos lo peor que hay, va*o",1,v3_ofensivo_ofuscado,"ofensivo_ofuscado|Me da igual lo que digas, {t}",Insulto,"Sos lo peor que hay, va*o"
V3-01855,Ya viene el chota con las pupusas,0,v3_jerga_notoxico,jerga_notoxico|Ya viene el {t} con las pupusas,,Ya viene el chota con las pupusas
V3-01856,Vamos a q u e m a r a ese maje acordate de esto,3,v3_amenaza_ofuscada,amenaza_ofuscada|Vamos a {v} a ese maje,Amenaza Directa,Vamos a q u e m a r a ese maje acordate de esto
V3-01857,💣 Uno de estos días lo van a matar,3,v3_emoji_clase3,emoji_clase3|emoji_💣,Colectivo,:bomba: Uno de estos días lo van a matar
V3-01858,"Da asco verte, n4rg3ntina",2,v3_odio_ofuscado,"odio_ofuscado|No perteneces aquí, {t}",Xenofobia,"Da asco verte, n4rg3ntina"
V3-01859,Dejame el bolado sobre la mesa,0,v3_jerga_notoxico,jerga_notoxico|Dejame el {t} sobre la mesa,,Dejame el bolado sobre la mesa
V3-01860,"Aquí no te queremos, indi",2,v3_odio_ofuscado,"odio_ofuscado|Aquí no te queremos, {t}",Racismo,"Aquí no te queremos, indi"
V3-01861,Ya son demasiados centroamericanos en este país 🐒🇸🇻,2,v3_emoji_clase2,emoji_clase2|emoji_🐒🇸🇻,Latinoamericanos,Ya son demasiados centroamericanos en este país :mono: :bandera_el_salvador:
V3-01862,Deberían q u e m a r a todos esos vas a ver,3,v3_amenaza_ofuscada,amenaza_ofuscada|Deberían {v} a todos esos,Amenaza Directa,Deberían q u e m a r a todos esos vas a ver
V3-01863,Los judíos no son gente 🧃,2,v3_emoji_clase2,emoji_clase2|emoji_🧃,Judíos,Los judíos no son gente :tetrabrik:
V3-01864,Ese cipote es mi mejor amigo desde la escuela,0,v3_jerga_notoxico,jerga_notoxico|Ese {t} es mi mejor amigo desde la escuela,,Ese cipote es mi mejor amigo desde la escuela
V3-01865,"Regresate de donde viniste, terroristas",2,v3_odio_ofuscado,"odio_ofuscado|Regresate de donde viniste, {t}",Xenofobia,"Regresate de donde viniste, terroristas"
V3-01866,"Gente como vos sobra, ind!o",2,v3_odio_ofuscado,"odio_ofuscado|Regresate de donde viniste, {t}",Racismo,"Gente como vos sobra, ind!o"
V3-01867,"Me da igual lo que digas, h0c1co",1,v3_ofensivo_ofuscado,"ofensivo_ofuscado|Callate ya, {t}",Insulto,"Me da igual lo que digas, h0c1co"
V3-01868,Los argentinos son una plaga,2,v3_odio_grupo,odio_grupo|Los {g} {p},Xenofobia,Los argentinos son una plaga
V3-01869,Vamos a quebrar a ese maje ya vas a ver,3,v3_amenaza_ofuscada,amenaza_ofuscada|Vamos a {v} a ese maje,Amenaza Directa,Vamos a quebrar a ese maje ya vas a ver
V3-01870,Vamos a ver al mentiroso el domingo,0,v3_jerga_control,jerga_control|Vamos a ver al {t} el domingo,,Vamos a ver al mentiroso el domingo
V3-01871,Sos un harag@n y punto,1,v3_ofensivo_ofuscado,"ofensivo_ofuscado|Qué pereza leerte, {t}",Insulto,Sos un harag@n y punto
V3-01872,"Ya lo mandé a traer, vos sabés ⚰️",3,v3_emoji_clase3,emoji_clase3|emoji_⚰️,Personas enfermas,"Ya lo mandé a traer, vos sabés :ataúd:"
V3-01873,"Odio a los trans, no son gente 🏳️‍🌈👀",2,v3_emoji_clase2,emoji_clase2|emoji_🏳️‍🌈👀,Personas LGBT,"Odio a los trans, no son gente :bandera_blanca: :arcoíris: :ojos:"
V3-01874,"Sos lo peor que hay, cule$",1,v3_ofensivo_ofuscado,"ofensivo_ofuscado|No sabés nada, {t}",Palabras obscenas,"Sos lo peor que hay, cule$"
V3-01875,"No hablés de lo que no sabés, mverto de hambre",1,v3_ofensivo_ofuscado,"ofensivo_ofuscado|Cerrá el hocico, {t}",Insulto,"No hablés de lo que no sabés, mverto de hambre"
V3-01876,"Otra vez vos, cul3s",1,v3_ofensivo_ofuscado,"ofensivo_ofuscado|Sos lo peor que hay, {t}",Palabras obscenas,"Otra vez vos, cul3s"
V3-01877,Los cubanos ganaron el partido de ayer,0,v3_nacionalidad_notoxico,nacionalidad_notoxico|Los {g} ganaron el partido de ayer,,Los cubanos ganaron el partido de ayer
V3-01878,"Andate de aquí, s*nverguenza",1,v3_ofensivo_ofuscado,"ofensivo_ofuscado|Andate de aquí, {t}",Insulto,"Andate de aquí, s*nverguenza"
V3-01879,Se me olvidó el chunche en la casa,0,v3_jerga_notoxico,jerga_notoxico|Se me olvidó el {t} en la casa,,Se me olvidó el chunche en la casa
V3-01880,El equipo de los guatemaltecos jugó limpio,0,v3_nacionalidad_notoxico,nacionalidad_notoxico|El equipo de los {g} jugó limpio,,El equipo de los guatemaltecos jugó limpio
V3-01881,"Ojalá te deporten, inmigranteee",2,v3_odio_ofuscado,"odio_ofuscado|Por gente como vos está así el país, {t}",Xenofobia,"Ojalá te deporten, inmigranteee"
V3-01882,"Andate de aquí, maje asqueroso",1,v3_jerga_ofensivo,"jerga_ofensivo|Andate de aquí, {t}",Insulto Directo,"Andate de aquí, maje asqueroso"
V3-01883,"Andá a trabajar, ma*criado",1,v3_ofensivo_ofuscado,"ofensivo_ofuscado|No sabés nada, {t}",Insulto,"Andá a trabajar, ma*criado"
V3-01884,"Qué asco das, rat",1,v3_ofensivo_ofuscado,ofensivo_ofuscado|Mirá al {t} este,Insulto,"Qué asco das, rat"
V3-01885,"Mientras más pobres llegan, peor está todo 🚽🧻",2,v3_emoji_clase2,emoji_clase2|emoji_🚽🧻,Migrantes y personas empobrecidas,"Mientras más pobres llegan, peor está todo :inodoro: :rollo_de_papel:"
V3-01886,"Gente como vos sobra, para$itar",2,v3_odio_ofuscado,"odio_ofuscado|No perteneces aquí, {t}",Xenofobia,"Gente como vos sobra, para$itar"
V3-01887,Ya son demasiados mexicanos en este país,2,v3_odio_grupo,odio_grupo|Ya son demasiados {g} en este país,Xenofobia,Ya son demasiados mexicanos en este país
V3-01888,Si lo vuelvo a ver lo voy a b.a.l.e.a.r ya vas a ver,3,v3_amenaza_ofuscada,amenaza_ofuscada|Si lo vuelvo a ver lo voy a {v},Amenaza Directa,Si lo vuelvo a ver lo voy a b.a.l.e.a.r ya vas a ver
V3-01889,"Que se vayan los tarados, son basura 🤤",2,v3_emoji_clase2,emoji_clase2|emoji_🤤,Personas con discapacidad intelectual,"Que se vayan los tarados, son basura :cara_babeando:"
V3-01890,Los latinos dan asco y nadie lo dice 🐒🇲🇽,2,v3_emoji_clase2,emoji_clase2|emoji_🐒🇲🇽,Latinoamericanos,Los latinos dan asco y nadie lo dice :mono: :bandera_méxico:
V3-01891,"Ya me hartaste, khacalin",1,v3_ofensivo_ofuscado,"ofensivo_ofuscado|Eso es lo que sos, un {t}",Insulto,"Ya me hartaste, khacalin"
V3-01892,"No perteneces aquí, cvch3",2,v3_odio_ofuscado,"odio_ofuscado|No perteneces aquí, {t}",Homofobia,"No perteneces aquí, cvch3"
V3-01893,Sos un kulez y punto,1,v3_ofensivo_ofuscado,"ofensivo_ofuscado|Nadie te preguntó, {t}",Palabras obscenas,Sos un kulez y punto
V3-01894,"No hablés de lo que no sabés, to*to",1,v3_ofensivo_ofuscado,"ofensivo_ofuscado|Nadie te preguntó, {t}",Insulto,"No hablés de lo que no sabés, to*to"
V3-01895,"No perteneces aquí, arr@strada",2,v3_odio_ofuscado,"odio_ofuscado|Por gente como vos está así el país, {t}",Sexismo,"No perteneces aquí, arr@strada"
V3-01896,"Qué pereza leerte, p4yazo",1,v3_ofensivo_ofuscado,ofensivo_ofuscado|Mirá al {t} este,Insulto,"Qué pereza leerte, p4yazo"
V3-01897,Fuera los centroamericanos de nuestro país 🐒,2,v3_emoji_clase2,emoji_clase2|emoji_🐒,Latinoamericanos,Fuera los centroamericanos de nuestro país :mono:
V3-01898,Que lo pongan a descansar de una vez ya vas a ver,3,v3_amenaza_eufemismo,amenaza_eufemismo|eufemismo_con_cola,Amenaza Implícita,Que lo pongan a descansar de una vez ya vas a ver
V3-01899,"Qué pereza leerte, bicho v*nganza",1,v3_jerga_ofensivo,"jerga_ofensivo|Qué pereza leerte, {t}",Insulto Directo,"Qué pereza leerte, bicho v*nganza"
V3-01900,Si lo vuelvo a ver lo voy a quem4r vas a ver,3,v3_amenaza_ofuscada,amenaza_ofuscada|Si lo vuelvo a ver lo voy a {v},Amenaza Directa,Si lo vuelvo a ver lo voy a quem4r vas a ver
V3-01901,"Andá a trabajar, pijazos 🧟",1,v3_emoji_clase1,emoji_clase1|emoji_🧟,Colectivo político,"Andá a trabajar, pijazos :zombi:"
V3-01902,"Otra vez vos, sinverguenzaaa",1,v3_ofensivo_ofuscado,ofensivo_ofuscado|Mirá al {t} este,Insulto,"Otra vez vos, sinverguenzaaa"
V3-01903,"Da asco verte, i*dio",2,v3_odio_ofuscado,"odio_ofuscado|Andate a tu país, {t}",Racismo,"Da asco verte, i*dio"
V3-01904,Ya quisiera colg4r a ese maje acordate de esto,3,v3_amenaza_ofuscada,amenaza_ofuscada|Ya quisiera {v} a ese maje,Amenaza Directa,Ya quisiera colg4r a ese maje acordate de esto
V3-01905,Te voy 🪦 a matar,3,v3_emoji_clase3,emoji_clase3|emoji_🪦,Individuo,Te voy :lápida: a matar
V3-01906,No respondo si lo llego a reven7ar vas a ver,3,v3_amenaza_ofuscada,amenaza_ofuscada|No respondo si lo llego a {v},Amenaza Directa,No respondo si lo llego a reven7ar vas a ver
V3-01907,Ese chota es mi 🤝 mejor amigo desde la escuela,0,v3_emoji_benigno,emoji_benigno|benigno_🤝,,Ese chota es mi :apretón_de_manos: mejor amigo desde la escuela
V3-01908,"Regresate de donde viniste, trompudo",2,v3_odio_ofuscado,"odio_ofuscado|No perteneces aquí, {t}",Racismo,"Regresate de donde viniste, trompudo"
V3-01909,Te voy a q****r ya vas a ver,3,v3_amenaza_ofuscada,amenaza_ofuscada|Te voy a {v},Amenaza Directa,Te voy a q****r ya vas a ver
V3-01910,"Qué asco das, ch0lco",1,v3_ofensivo_ofuscado,"ofensivo_ofuscado|No sabés nada, {t}",Insulto,"Qué asco das, ch0lco"
V3-01911,"🇮🇱🤢 Los israelíes son una plaga, así de simple",2,v3_emoji_clase2,emoji_clase2|emoji_🇮🇱🤢,Judíos e israelíes,":bandera_israel: :cara_de_náuseas: Los israelíes son una plaga, así de simple"
V3-01912,"Andá a trabajar, culer0",1,v3_ofensivo_ofuscado,"ofensivo_ofuscado|Otra vez vos, {t}",Insulto,"Andá a trabajar, culer0"
V3-01913,"Hablando pura 🧟 paja, bvrro",1,v3_emoji_clase1,emoji_clase1|emoji_🧟,Colectivo político,"Hablando pura :zombi: paja, bvrro"
V3-01914,Andá traeme el dinero ese que dejé,0,v3_jerga_control,jerga_control|Andá traeme el {t} ese que dejé,,Andá traeme el dinero ese que dejé
V3-01915,"Andate de aquí, 🇺🇸🦅💩 ze la pika",1,v3_emoji_clase1,emoji_clase1|emoji_🇺🇸🦅💩,Estadounidenses,"Andate de aquí, :bandera_estados_unidos: :águila: :caca_con_ojos: ze la pika"
V3-01916,Ese vurr0 otra vez,1,v3_ofensivo_ofuscado,"ofensivo_ofuscado|Ya me hartaste, {t}",Insulto,Ese vurr0 otra vez
V3-01917,Trabajo con un indígena muy responsable,0,v3_nacionalidad_notoxico,nacionalidad_notoxico|Trabajo con un {gs} muy responsable,,Trabajo con un indígena muy responsable
V3-01918,"Andate de aquí, veng4nsa",1,v3_ofensivo_ofuscado,"ofensivo_ofuscado|Callate ya, {t}",nan,"Andate de aquí, veng4nsa"
V3-01919,"Ojalá te deporten, n4rgentin4",2,v3_odio_ofuscado,"odio_ofuscado|Por gente como vos está así el país, {t}",Xenofobia,"Ojalá te deporten, n4rgentin4"
V3-01920,"Deberían paaartir a todos esos y no es amenaza, es aviso",3,v3_amenaza_ofuscada,amenaza_ofuscada|Deberían {v} a todos esos,Amenaza Directa,"Deberían paaartir a todos esos y no es amenaza, es aviso"
V3-01921,"Da asco verte, terrorist@",2,v3_odio_ofuscado,"odio_ofuscado|Ojalá te deporten, {t}",Xenofobia,"Da asco verte, terrorist@"
V3-01922,"Cerrá el hocico, muerto de hambr",1,v3_ofensivo_ofuscado,"ofensivo_ofuscado|Qué {t}, en serio",Insulto,"Cerrá el hocico, muerto de hambr"
V3-01923,"Eso es lo que sos, un fasc1st4",1,v3_ofensivo_ofuscado,"ofensivo_ofuscado|Callate ya, {t}",Insulto,"Eso es lo que sos, un fasc1st4"
V3-01924,Te voy a q u e b r a r anotalo,3,v3_amenaza_ofuscada,amenaza_ofuscada|Te voy a {v},Amenaza Directa,Te voy a q u e b r a r anotalo
V3-01925,"Aquí no te queremos, terr0r1sta",2,v3_odio_ofuscado,"odio_ofuscado|Regresate de donde viniste, {t}",Xenofobia,"Aquí no te queremos, terr0r1sta"
V3-01926,El día amaneció bien tuanis hoy 💪,0,v3_emoji_benigno,emoji_benigno|benigno_💪,,El día amaneció bien tuanis hoy :bíceps_flexionado:
V3-01927,Ese cerote nunca falla cuando se le necesita,0,v3_jerga_notoxico,jerga_notoxico|Ese {t} nunca falla cuando se le necesita,,Ese cerote nunca falla cuando se le necesita
V3-01928,"Todos los obesos no son gente, sin excepción 🐋🚫",2,v3_emoji_clase2,emoji_clase2|emoji_🐋🚫,Personas con sobrepeso,"Todos los obesos no son gente, sin excepción :ballena: :prohibido:"
V3-01929,Dejame el pisto sobre la mesa,0,v3_jerga_notoxico,jerga_notoxico|Dejame el {t} sobre la mesa,,Dejame el pisto sobre la mesa
V3-01930,Vamos a l i n c h a r a ese maje esperame afuera,3,v3_amenaza_ofuscada,amenaza_ofuscada|Vamos a {v} a ese maje,Amenaza Directa,Vamos a l i n c h a r a ese maje esperame afuera
V3-01931,Ese chota me cae bien la verdad,0,v3_jerga_notoxico,jerga_notoxico|Ese {t} me cae bien la verdad,,Ese chota me cae bien la verdad
V3-01932,"Gente como vos sobra, pa*dillero",2,v3_odio_ofuscado,"odio_ofuscado|Regresate de donde viniste, {t}",Xenofobia,"Gente como vos sobra, pa*dillero"
V3-01933,Qué bueno que ya te sentís mejor 🎉,0,v3_emoji_benigno,emoji_benigno|benigno_🎉,,Qué bueno que ya te sentís mejor :cañón_de_confeti:
V3-01934,"Nadie te preguntó, d3smadre",1,v3_ofensivo_ofuscado,"ofensivo_ofuscado|Qué asco das, {t}",Tono agresivo,"Nadie te preguntó, d3smadre"
V3-01935,"No sabés nada, culer@",1,v3_ofensivo_ofuscado,"ofensivo_ofuscado|No sabés nada, {t}",Insulto,"No sabés nada, culer@"
V3-01936,Hay que baaalearlos a todos ya vas a ver,3,v3_amenaza_ofuscada,amenaza_ofuscada|Hay que {v}los a todos,Amenaza Directa,Hay que baaalearlos a todos ya vas a ver
V3-01937,"Hablando pura paja, putaaaaa",1,v3_ofensivo_ofuscado,"ofensivo_ofuscado|Hablando pura paja, {t}",Palabras obscenas,"Hablando pura paja, putaaaaa"
V3-01938,"Ojalá te deporten, pandill3ro",2,v3_odio_ofuscado,"odio_ofuscado|Aquí no te queremos, {t}",Xenofobia,"Ojalá te deporten, pandill3ro"
V3-01939,"Regresate de donde viniste, p*rasitar",2,v3_odio_ofuscado,"odio_ofuscado|Ojalá te deporten, {t}",Xenofobia,"Regresate de donde viniste, p*rasitar"
V3-01940,Que Dios los bendiga a todos 😂,0,v3_emoji_benigno,emoji_benigno|benigno_😂,,Que Dios los bendiga a todos :cara_llorando_de_risa:
V3-01941,"Que se vayan los negros, no son gente 🌑",2,v3_emoji_clase2,emoji_clase2|emoji_🌑,Personas racializadas,"Que se vayan los negros, no son gente :luna_nueva:"
V3-01942,Los viejos son basura y nadie lo dice 👴👻,2,v3_emoji_clase2,emoji_clase2|emoji_👴👻,Adultos mayores,Los viejos son basura y nadie lo dice :anciano: :fantasma:
V3-01943,Alguien debería colg@r a ese tipo acordate de esto,3,v3_amenaza_ofuscada,amenaza_ofuscada|Alguien debería {v} a ese tipo,Amenaza Directa,Alguien debería colg@r a ese tipo acordate de esto
V3-01944,"Aquí no te queremos, indios",2,v3_odio_ofuscado,"odio_ofuscado|Andate a tu país, {t}",Racismo,"Aquí no te queremos, indios"
V3-01945,"Eso es lo que sos, un b4svra",1,v3_ofensivo_ofuscado,"ofensivo_ofuscado|No hablés de lo que no sabés, {t}",Insulto,"Eso es lo que sos, un b4svra"
V3-01946,"Eso es lo que sos, un cule5",1,v3_ofensivo_ofuscado,"ofensivo_ofuscado|No jodás más, {t}",Palabras obscenas,"Eso es lo que sos, un cule5"
V3-01947,Sos un b*rro y punto,1,v3_ofensivo_ofuscado,ofensivo_ofuscado|Sos un {t} y punto,Insulto,Sos un b*rro y punto
V3-01948,Trabajo con un haitiano muy responsable,0,v3_nacionalidad_notoxico,nacionalidad_notoxico|Trabajo con un {gs} muy responsable,,Trabajo con un haitiano muy responsable
V3-01949,Vamos a ver 😊 al maje el domingo,0,v3_emoji_benigno,emoji_benigno|benigno_😊,,Vamos a ver :cara_feliz_con_ojos_sonrientes: al maje el domingo
V3-01950,Te voy a dar piso acordate de esto,3,v3_amenaza_eufemismo,amenaza_eufemismo|eufemismo_con_cola,Amenaza Implícita,Te voy a dar piso acordate de esto
V3-01951,"🤝 Vaya chero, nos vemos mañana entonces",0,v3_emoji_benigno,emoji_benigno|benigno_🤝,,":apretón_de_manos: Vaya chero, nos vemos mañana entonces"
V3-01952,"Mientras más peruanos llegan, peor está todo",2,v3_odio_grupo,"odio_grupo|Mientras más {g} llegan, peor está todo",Xenofobia,"Mientras más peruanos llegan, peor está todo"
V3-01953,"Otra vez vos, c1p0te",1,v3_ofensivo_ofuscado,"ofensivo_ofuscado|Sos lo peor que hay, {t}",Palabras obscenas,"Otra vez vos, c1p0te"
V3-01954,"Vaya jura, nos vemos mañana entonces",0,v3_jerga_notoxico,"jerga_notoxico|Vaya {t}, nos vemos mañana entonces",,"Vaya jura, nos vemos mañana entonces"
V3-01955,"A ese hay que revent4rlo antes de que siga y no es amenaza, es aviso",3,v3_amenaza_ofuscada,amenaza_ofuscada|A ese hay que {v}lo antes de que siga,Amenaza Directa,"A ese hay que revent4rlo antes de que siga y no es amenaza, es aviso"
V3-01956,"Mientras más migrantes llegan, peor está todo 🪲",2,v3_emoji_clase2,emoji_clase2|emoji_🪲,Migrantes y grupos étnicos,"Mientras más migrantes llegan, peor está todo :escarabajo:"
V3-01957,"No hablés de lo que no sabés, m4m4la",1,v3_ofensivo_ofuscado,"ofensivo_ofuscado|Eso es lo que sos, un {t}",Palabras obscenas,"No hablés de lo que no sabés, m4m4la"
V3-01958,Ya son demasiados chinos en este país,2,v3_odio_grupo,odio_grupo|Ya son demasiados {g} en este país,Xenofobia,Ya son demasiados chinos en este país
V3-01959,Le van a dar su vuelta,3,v3_amenaza_eufemismo,amenaza_eufemismo|eufemismo_simple,Amenaza Implícita,Le van a dar su vuelta
V3-01960,Andá traeme el 😂 guaro ese que dejé,0,v3_emoji_benigno,emoji_benigno|benigno_😂,,Andá traeme el :cara_llorando_de_risa: guaro ese que dejé
V3-01961,Le tienen 🧹👷 el traje listo,3,v3_emoji_clase3,emoji_clase3|emoji_🧹👷,Migrantes y grupos étnicos,Le tienen :escoba: :profesional_de_la_construcción: el traje listo
V3-01962,"Qué asco das, pij",1,v3_ofensivo_ofuscado,"ofensivo_ofuscado|Ya cállese, {t}",Palabras obscenas,"Qué asco das, pij"
V3-01963,El cerote está bien tranquilo hoy,0,v3_jerga_notoxico,jerga_notoxico|El {t} está bien tranquilo hoy,,El cerote está bien tranquilo hoy
V3-01964,"Ojalá te deporten, m3jisimi0",2,v3_odio_ofuscado,"odio_ofuscado|Da asco verte, {t}",Xenofobia,"Ojalá te deporten, m3jisimi0"
V3-01965,Ese niño siempre llega tarde pero llega,0,v3_jerga_control,jerga_control|Ese {t} siempre llega tarde pero llega,,Ese niño siempre llega tarde pero llega
V3-01966,"Mientras más indios llegan, peor está todo 🪳",2,v3_emoji_clase2,emoji_clase2|emoji_🪳,Migrantes y grupos étnicos,"Mientras más indios llegan, peor está todo :cucaracha:"
V3-01967,Sos un escori y punto,1,v3_ofensivo_ofuscado,"ofensivo_ofuscado|Dejá de escribir, {t}",Insulto,Sos un escori y punto
V3-01968,"Ojalá te deporten, nargent1na",2,v3_odio_ofuscado,"odio_ofuscado|Aquí no te queremos, {t}",Xenofobia,"Ojalá te deporten, nargent1na"
V3-01969,"Cerrá el hocico, vergaz",1,v3_ofensivo_ofuscado,"ofensivo_ofuscado|Volvé cuando aprendás, {t}",Palabras obscenas,"Cerrá el hocico, vergaz"
V3-01970,"Que se vayan los latinos, sobran en este país 🐒🇻🇪",2,v3_emoji_clase2,emoji_clase2|emoji_🐒🇻🇪,Latinoamericanos,"Que se vayan los latinos, sobran en este país :mono: :bandera_venezuela:"
V3-01971,"Qué asco das, h.o.c.i.c.o",1,v3_ofensivo_ofuscado,"ofensivo_ofuscado|Hablando pura paja, {t}",Insulto,"Qué asco das, h.o.c.i.c.o"
V3-01972,"Da asco verte, lesb1an4",2,v3_odio_ofuscado,"odio_ofuscado|No perteneces aquí, {t}",Homofobia,"Da asco verte, lesb1an4"
V3-01973,Ya son demasiados colombianos en este país,2,v3_odio_grupo,odio_grupo|Ya son demasiados {g} en este país,Xenofobia,Ya son demasiados colombianos en este país
V3-01974,"exacto, se me pasó la hora de la cita",0,v3_jerga_control,"jerga_control|{t}, se me pasó la hora de la cita",,"exacto, se me pasó la hora de la cita"
V3-01975,"Hablando pura paja, z-o-r-r-a",1,v3_ofensivo_ofuscado,"ofensivo_ofuscado|Qué {t}, en serio",Insulto,"Hablando pura paja, z-o-r-r-a"
V3-01976,"Por gente como vos está así el país, inmiqr4nte",2,v3_odio_ofuscado,"odio_ofuscado|No perteneces aquí, {t}",Xenofobia,"Por gente como vos está así el país, inmiqr4nte"
V3-01977,Mi vecino es colombiano y es buena gente,0,v3_nacionalidad_notoxico,nacionalidad_notoxico|Mi vecino es {gs} y es buena gente,,Mi vecino es colombiano y es buena gente
V3-01978,Vamos a ver al chero el domingo,0,v3_jerga_notoxico,jerga_notoxico|Vamos a ver al {t} el domingo,,Vamos a ver al chero el domingo
V3-01979,Sos un vergaaa y punto,1,v3_ofensivo_ofuscado,"ofensivo_ofuscado|Cerrá el hocico, {t}",Palabras obscenas,Sos un vergaaa y punto
V3-01980,El perro está bien tranquilo hoy,0,v3_jerga_control,jerga_control|El {t} está bien tranquilo hoy,,El perro está bien tranquilo hoy
V3-01981,"Sos lo peor que hay, f*ria",1,v3_ofensivo_ofuscado,"ofensivo_ofuscado|Andate de aquí, {t}",Insulto,"Sos lo peor que hay, f*ria"
V3-01982,"Que lo vayan a c0lg4r de una vez y no es amenaza, es aviso",3,v3_amenaza_ofuscada,amenaza_ofuscada|Que lo vayan a {v} de una vez,Amenaza Directa,"Que lo vayan a c0lg4r de una vez y no es amenaza, es aviso"
V3-01983,Vamos a golpe4r a ese maje ya vas a ver,3,v3_amenaza_ofuscada,amenaza_ofuscada|Vamos a {v} a ese maje,Amenaza Directa,Vamos a golpe4r a ese maje ya vas a ver
V3-01984,Se lo van a llevar los cheros,3,v3_amenaza_eufemismo,amenaza_eufemismo|eufemismo_simple,Amenaza Implícita,Se lo van a llevar los cheros
V3-01985,"Andate de aquí, bayunko",1,v3_ofensivo_ofuscado,"ofensivo_ofuscado|Qué {t}, en serio",Insulto,"Andate de aquí, bayunko"
V3-01986,Ojalá lo quuuebraren pronto,3,v3_amenaza_ofuscada,amenaza_ofuscada|Ojalá lo {v}en pronto,Amenaza Directa,Ojalá lo quuuebraren pronto
V3-01987,Me gusta mucho la música de los venezolanos,0,v3_nacionalidad_notoxico,nacionalidad_notoxico|Me gusta mucho la música de los {g},,Me gusta mucho la música de los venezolanos
V3-01988,Qué bueno que 🍀 ya te sentís mejor,0,v3_emoji_benigno,emoji_benigno|benigno_🍀,,Qué bueno que :trébol_de_cuatro_hojas: ya te sentís mejor
V3-01989,Ya se acabó la chamba y todos contentos,0,v3_jerga_notoxico,jerga_notoxico|Ya se acabó la {t} y todos contentos,,Ya se acabó la chamba y todos contentos
V3-01990,"Qué asco das, de$preciable",1,v3_ofensivo_ofuscado,ofensivo_ofuscado|Puro {t} el que escribió eso,Insulto,"Qué asco das, de$preciable"
V3-01991,Ya quisiera t0rturar a ese maje,3,v3_amenaza_ofuscada,amenaza_ofuscada|Ya quisiera {v} a ese maje,Amenaza Directa,Ya quisiera t0rturar a ese maje
V3-01992,Qué yuca te quedó la casa,0,v3_jerga_notoxico,jerga_notoxico|Qué {t} te quedó la casa,,Qué yuca te quedó la casa
V3-01993,"Odio a los judíos, no son gente 🧼🇮🇱",2,v3_emoji_clase2,emoji_clase2|emoji_🧼🇮🇱,Judíos,"Odio a los judíos, no son gente :jabón: :bandera_israel:"
V3-01994,"Odio a los argentinos, no son gente",2,v3_odio_grupo,"odio_grupo|Odio a los {g}, {p}",Xenofobia,"Odio a los argentinos, no son gente"
V3-01995,"Todos los gordos sobran en este país, sin excepción 🐋🚫",2,v3_emoji_clase2,emoji_clase2|emoji_🐋🚫,Personas con sobrepeso,"Todos los gordos sobran en este país, sin excepción :ballena: :prohibido:"
V3-01996,Avisale que se lo van a llevar los cheros,3,v3_amenaza_eufemismo,amenaza_eufemismo|eufemismo_reportado,Amenaza Implícita,Avisale que se lo van a llevar los cheros
V3-01997,Ese malkriado otra vez,1,v3_ofensivo_ofuscado,ofensivo_ofuscado|Ese {t} otra vez,Insulto,Ese malkriado otra vez
V3-01998,"Cerrá el hocico, e$tupido",1,v3_ofensivo_ofuscado,"ofensivo_ofuscado|No jodás más, {t}",Insulto,"Cerrá el hocico, e$tupido"
V3-01999,Estudié con dos compañeros venezolanos,0,v3_nacionalidad_notoxico,nacionalidad_notoxico|Estudié con dos compañeros {g},,Estudié con dos compañeros venezolanos
V3-02000,"Da asco verte, paras1t4r",2,v3_odio_ofuscado,"odio_ofuscado|Regresate de donde viniste, {t}",Xenofobia,"Da asco verte, paras1t4r"
V3-02001,"Me da igual lo que digas, cholk0",1,v3_ofensivo_ofuscado,"ofensivo_ofuscado|Mejor callate, {t}",Insulto,"Me da igual lo que digas, cholk0"
V3-02002,Andá traeme el licor ese que dejé,0,v3_jerga_control,jerga_control|Andá traeme el {t} ese que dejé,,Andá traeme el licor ese que dejé
V3-02003,Vinieron unos mexicanos a la actividad,0,v3_nacionalidad_notoxico,nacionalidad_notoxico|Vinieron unos {g} a la actividad,,Vinieron unos mexicanos a la actividad
V3-02004,"Mientras más chinos llegan, peor está todo",2,v3_odio_grupo,"odio_grupo|Mientras más {g} llegan, peor está todo",Xenofobia,"Mientras más chinos llegan, peor está todo"
V3-02005,Deberían 7or7urar a todos esos esperame afuera,3,v3_amenaza_ofuscada,amenaza_ofuscada|Deberían {v} a todos esos,Amenaza Directa,Deberían 7or7urar a todos esos esperame afuera
V3-02006,"Aquí no te queremos, t3rrorizta",2,v3_odio_ofuscado,"odio_ofuscado|Andate a tu país, {t}",Xenofobia,"Aquí no te queremos, t3rrorizta"
V3-02007,Que lo vayan a l.i.n.c.h.a.r de una vez,3,v3_amenaza_ofuscada,amenaza_ofuscada|Que lo vayan a {v} de una vez,Amenaza Directa,Que lo vayan a l.i.n.c.h.a.r de una vez
V3-02008,"Ojalá te deporten, pandill3r0",2,v3_odio_ofuscado,"odio_ofuscado|Ojalá te deporten, {t}",Xenofobia,"Ojalá te deporten, pandill3r0"
V3-02009,"Lo van a fuuusilar a ese y no es amenaza, es aviso",3,v3_amenaza_ofuscada,amenaza_ofuscada|Lo van a {v} a ese,Amenaza Directa,"Lo van a fuuusilar a ese y no es amenaza, es aviso"
V3-02010,"Que se vayan los mexicanos, sobran en este país",2,v3_odio_grupo,"odio_grupo|Que se vayan los {g}, {p}",Xenofobia,"Que se vayan los mexicanos, sobran en este país"
V3-02011,"Me da igual lo que digas, tragandosel@",1,v3_ofensivo_ofuscado,ofensivo_ofuscado|Sos un {t} y punto,Palabras obscenas,"Me da igual lo que digas, tragandosel@"
V3-02012,"Por gente como vos está así el país, parasitos",2,v3_odio_ofuscado,"odio_ofuscado|Andate a tu país, {t}",Xenofobia,"Por gente como vos está así el país, parasitos"
V3-02013,"Aquí no te queremos, par4sit4r",2,v3_odio_ofuscado,"odio_ofuscado|Por gente como vos está así el país, {t}",Xenofobia,"Aquí no te queremos, par4sit4r"
V3-02014,Decile que hay que darles su merecido a esos,3,v3_amenaza_eufemismo,amenaza_eufemismo|eufemismo_reportado,Amenaza Implícita,Decile que hay que darles su merecido a esos
V3-02015,"No jodás más, bu*ro 🇺🇸🦅💩",1,v3_emoji_clase1,emoji_clase1|emoji_🇺🇸🦅💩,Estadounidenses,"No jodás más, bu*ro :bandera_estados_unidos: :águila: :caca_con_ojos:"
V3-02016,"Andá a trabajar, vrutic0",1,v3_ofensivo_ofuscado,"ofensivo_ofuscado|Mejor callate, {t}",Insulto,"Andá a trabajar, vrutic0"
V3-02017,"Qué onda chero, todo bien por allá 🌟",0,v3_emoji_benigno,emoji_benigno|benigno_🌟,,"Qué onda chero, todo bien por allá :estrella_brillante:"
V3-02018,El equipo de los cubanos jugó limpio,0,v3_nacionalidad_notoxico,nacionalidad_notoxico|El equipo de los {g} jugó limpio,,El equipo de los cubanos jugó limpio
V3-02019,Te van a partir si seguís así vas a ver,3,v3_amenaza_ofuscada,amenaza_ofuscada|Te van a {v} si seguís así,Amenaza Directa,Te van a partir si seguís así vas a ver
V3-02020,💪 Ese bayunco me cae bien la verdad,0,v3_emoji_benigno,emoji_benigno|benigno_💪,,:bíceps_flexionado: Ese bayunco me cae bien la verdad
V3-02021,Que lo vayan a qu3br4r de una vez esperame afuera,3,v3_amenaza_ofuscada,amenaza_ofuscada|Que lo vayan a {v} de una vez,Amenaza Directa,Que lo vayan a qu3br4r de una vez esperame afuera
V3-02022,"Hablando pura paja, maje escor!a",1,v3_jerga_ofensivo,"jerga_ofensivo|Hablando pura paja, {t}",Insulto Directo,"Hablando pura paja, maje escor!a"
V3-02023,"Gente como vos sobra, mar3r0",2,v3_odio_ofuscado,"odio_ofuscado|Da asco verte, {t}",Xenofobia,"Gente como vos sobra, mar3r0"
V3-02024,Nos vemos en la chamba del sábado,0,v3_jerga_notoxico,jerga_notoxico|Nos vemos en la {t} del sábado,,Nos vemos en la chamba del sábado
V3-02025,No quiero ni un colombiano cerca de mi familia,2,v3_odio_grupo,odio_grupo|No quiero ni un {gs} cerca de mi familia,Xenofobia,No quiero ni un colombiano cerca de mi familia
V3-02026,Con un peruano no se puede razonar,2,v3_odio_grupo,odio_grupo|Con un {gs} no se puede razonar,Xenofobia,Con un peruano no se puede razonar
V3-02027,"Dejá de escribir, p*ta",1,v3_ofensivo_ofuscado,"ofensivo_ofuscado|Otra vez vos, {t}",Palabras obscenas,"Dejá de escribir, p*ta"
V3-02028,Te voy a l*****r ya vas a ver,3,v3_amenaza_ofuscada,amenaza_ofuscada|Te voy a {v},Amenaza Directa,Te voy a l*****r ya vas a ver
V3-02029,Los haitianos juegan muy bien al fútbol,0,v3_nacionalidad_notoxico,nacionalidad_notoxico|Los {g} juegan muy bien al fútbol,,Los haitianos juegan muy bien al fútbol
V3-02030,"No jodás más, haraq4n",1,v3_ofensivo_ofuscado,"ofensivo_ofuscado|No sabés nada, {t}",Insulto,"No jodás más, haraq4n"
V3-02031,"Ya lo mandé a traer, vos sabés",3,v3_amenaza_eufemismo,amenaza_eufemismo|eufemismo_simple,Amenaza Implícita,"Ya lo mandé a traer, vos sabés"
V3-02032,Saludos al chucho de mi parte,0,v3_jerga_notoxico,jerga_notoxico|Saludos al {t} de mi parte,,Saludos al chucho de mi parte
V3-02033,Prestame el chibola para el pasaje porfa,0,v3_jerga_notoxico,jerga_notoxico|Prestame el {t} para el pasaje porfa,,Prestame el chibola para el pasaje porfa
V3-02034,🥳 Vamos a ver al cipote el domingo,0,v3_emoji_benigno,emoji_benigno|benigno_🥳,,:cara_de_fiesta: Vamos a ver al cipote el domingo
V3-02035,"Los judíos son puro 🇮🇱🤢 estorbo, así de simple",2,v3_emoji_clase2,emoji_clase2|emoji_🇮🇱🤢,Judíos e israelíes,"Los judíos son puro :bandera_israel: :cara_de_náuseas: estorbo, así de simple"
V3-02036,"Ojalá te deporten, chapi4dor4",2,v3_odio_ofuscado,"odio_ofuscado|Por gente como vos está así el país, {t}",Sexismo,"Ojalá te deporten, chapi4dor4"
V3-02037,Lo van 🔫 a dejar frío,3,v3_emoji_clase3,emoji_clase3|emoji_🔫,Individuo,Lo van :pistola: a dejar frío
V3-02038,🤝 Que Dios los bendiga a todos,0,v3_emoji_benigno,emoji_benigno|benigno_🤝,,:apretón_de_manos: Que Dios los bendiga a todos
V3-02039,Los mexicanos juegan muy bien al fútbol,0,v3_nacionalidad_notoxico,nacionalidad_notoxico|Los {g} juegan muy bien al fútbol,,Los mexicanos juegan muy bien al fútbol
V3-02040,"Que se vayan los tarados, son escoria 🗣️👊🤤",2,v3_emoji_clase2,emoji_clase2|emoji_🗣️👊🤤,Personas con discapacidad intelectual,"Que se vayan los tarados, son escoria :cabeza_parlante: :puño_cerrado: :cara_babeando:"
V3-02041,🌮 Ese pajero siempre llega tarde pero llega,0,v3_emoji_benigno,emoji_benigno|benigno_🌮,,:taco: Ese pajero siempre llega tarde pero llega
V3-02042,"Sos lo peor que hay, fascist",1,v3_ofensivo_ofuscado,"ofensivo_ofuscado|Mejor callate, {t}",Insulto,"Sos lo peor que hay, fascist"
V3-02043,Ya son demasiados obesos en este país 🐋🚫,2,v3_emoji_clase2,emoji_clase2|emoji_🐋🚫,Personas con sobrepeso,Ya son demasiados obesos en este país :ballena: :prohibido:
V3-02044,No respondo si lo llego a reventar acordate de esto,3,v3_amenaza_ofuscada,amenaza_ofuscada|No respondo si lo llego a {v},Amenaza Directa,No respondo si lo llego a reventar acordate de esto
V3-02045,"Dejá de escribir, ma*tenida",1,v3_ofensivo_ofuscado,"ofensivo_ofuscado|Sos lo peor que hay, {t}",Insulto,"Dejá de escribir, ma*tenida"
V3-02046,"Mejor callate, o$ico",1,v3_ofensivo_ofuscado,"ofensivo_ofuscado|Ya cállese, {t}",Insulto,"Mejor callate, o$ico"
V3-02047,Sos un imbécil y punto,1,v3_ofensivo_ofuscado,"ofensivo_ofuscado|Qué asco das, {t}",Insulto,Sos un imbécil y punto
V3-02048,"Odio a los muertos 🐕 de hambre, son puro estorbo",2,v3_emoji_clase2,emoji_clase2|emoji_🐕,Personas en situación de pobreza,"Odio a los muertos :perro: de hambre, son puro estorbo"
V3-02049,"Regresate de donde viniste, inmigrant",2,v3_odio_ofuscado,"odio_ofuscado|Aquí no te queremos, {t}",Xenofobia,"Regresate de donde viniste, inmigrant"
V3-02050,Hay que m@t@rlos a todos acordate de esto,3,v3_amenaza_ofuscada,amenaza_ofuscada|Hay que {v}los a todos,Amenaza Directa,Hay que m@t@rlos a todos acordate de esto
V3-02051,"Hay que m.a.t.a.rlos a todos y no es amenaza, es aviso",3,v3_amenaza_ofuscada,amenaza_ofuscada|Hay que {v}los a todos,Amenaza Directa,"Hay que m.a.t.a.rlos a todos y no es amenaza, es aviso"
V3-02052,Puro pr*pago el que escribió eso,1,v3_ofensivo_ofuscado,ofensivo_ofuscado|Mirá al {t} este,Insulto,Puro pr*pago el que escribió eso
V3-02053,"Aquí no te queremos, inmigrantes",2,v3_odio_ofuscado,"odio_ofuscado|Da asco verte, {t}",Xenofobia,"Aquí no te queremos, inmigrantes"
V3-02054,"Dejá de escribir, hi*ueputa",1,v3_ofensivo_ofuscado,"ofensivo_ofuscado|Dejá de escribir, {t}",Insulto,"Dejá de escribir, hi*ueputa"
V3-02055,Le van a apagar la luz a ese maje,3,v3_amenaza_eufemismo,amenaza_eufemismo|eufemismo_simple,Amenaza Implícita,Le van a apagar la luz a ese maje
V3-02056,Fuera los judíos de nuestro país 🧼🇮🇱,2,v3_emoji_clase2,emoji_clase2|emoji_🧼🇮🇱,Judíos,Fuera los judíos de nuestro país :jabón: :bandera_israel:
V3-02057,Ya compré el objeto para el domingo,0,v3_jerga_control,jerga_control|Ya compré el {t} para el domingo,,Ya compré el objeto para el domingo
V3-02058,"Da asco verte, mejis1mi0",2,v3_odio_ofuscado,"odio_ofuscado|Aquí no te queremos, {t}",Xenofobia,"Da asco verte, mejis1mi0"
V3-02059,Vamos a ver al jura el domingo,0,v3_jerga_notoxico,jerga_notoxico|Vamos a ver al {t} el domingo,,Vamos a ver al jura el domingo
V3-02060,Ya son demasiados morenos en este país 🤮🙈,2,v3_emoji_clase2,emoji_clase2|emoji_🤮🙈,Personas racializadas,Ya son demasiados morenos en este país :cara_vomitando: :mono_con_los_ojos_tapados:
V3-02061,Fuera los negros 🦶 de nuestro país,2,v3_emoji_clase2,emoji_clase2|emoji_🦶,Personas racializadas,Fuera los negros :pie: de nuestro país
V3-02062,"Mientras más hondureños llegan, peor está todo",2,v3_odio_grupo,"odio_grupo|Mientras más {g} llegan, peor está todo",Xenofobia,"Mientras más hondureños llegan, peor está todo"
V3-02063,"Qué cac@, en serio",1,v3_ofensivo_ofuscado,ofensivo_ofuscado|Sos un {t} y punto,Palabras obscenas,"Qué cac@, en serio"
V3-02064,"Vamos a colgar a ese maje y no es amenaza, es aviso",3,v3_amenaza_ofuscada,amenaza_ofuscada|Vamos a {v} a ese maje,Amenaza Directa,"Vamos a colgar a ese maje y no es amenaza, es aviso"
V3-02065,"Andate a tu país, n3gr0",2,v3_odio_ofuscado,"odio_ofuscado|Por gente como vos está así el país, {t}",Racismo,"Andate a tu país, n3gr0"
V3-02066,Ya quisiera l1nch4r a ese maje anotalo,3,v3_amenaza_ofuscada,amenaza_ofuscada|Ya quisiera {v} a ese maje,Amenaza Directa,Ya quisiera l1nch4r a ese maje anotalo
V3-02067,Voy a ir a qu3marte a tu casa,3,v3_amenaza_ofuscada,amenaza_ofuscada|Voy a ir a {v}te a tu casa,Amenaza Directa,Voy a ir a qu3marte a tu casa
V3-02068,"Qué 1nept0, en serio",1,v3_ofensivo_ofuscado,"ofensivo_ofuscado|Cerrá el hocico, {t}",Insulto,"Qué 1nept0, en serio"
V3-02069,"Qué onda policía, todo bien por allá",0,v3_jerga_control,"jerga_control|Qué onda {t}, todo bien por allá",,"Qué onda policía, todo bien por allá"
V3-02070,Ya son demasiados venezolanos en este país,2,v3_odio_grupo,odio_grupo|Ya son demasiados {g} en este país,Xenofobia,Ya son demasiados venezolanos en este país
V3-02071,A ese hay que g0lpearlo antes de que siga esperame afuera,3,v3_amenaza_ofuscada,amenaza_ofuscada|A ese hay que {v}lo antes de que siga,Amenaza Directa,A ese hay que g0lpearlo antes de que siga esperame afuera
V3-02072,"Que se vayan los latinos, son una plaga 🐒",2,v3_emoji_clase2,emoji_clase2|emoji_🐒,Latinoamericanos,"Que se vayan los latinos, son una plaga :mono:"
V3-02073,No quiero ni un chino cerca de mi familia,2,v3_odio_grupo,odio_grupo|No quiero ni un {gs} cerca de mi familia,Xenofobia,No quiero ni un chino cerca de mi familia
V3-02074,"Andate a tu país, n.e.g.r.o",2,v3_odio_ofuscado,"odio_ofuscado|Da asco verte, {t}",Racismo,"Andate a tu país, n.e.g.r.o"
V3-02075,Ese payaso siempre llega tarde pero llega,0,v3_jerga_control,jerga_control|Ese {t} siempre llega tarde pero llega,,Ese payaso siempre llega tarde pero llega
V3-02076,Los pobres son puro estorbo 🐕,2,v3_emoji_clase2,emoji_clase2|emoji_🐕,Personas en situación de pobreza,Los pobres son puro estorbo :perro:
V3-02077,"Por gente como vos está así el país, val1eron verga",2,v3_odio_ofuscado,"odio_ofuscado|Aquí no te queremos, {t}",Xenofobia,"Por gente como vos está así el país, val1eron verga"
V3-02078,"Ya cállese, c.h.o.l.e.r.o",1,v3_ofensivo_ofuscado,"ofensivo_ofuscado|Hablando pura paja, {t}",Insulto,"Ya cállese, c.h.o.l.e.r.o"
V3-02079,Ese kh4mbroso otra vez,1,v3_ofensivo_ofuscado,"ofensivo_ofuscado|Andate de aquí, {t}",Insulto,Ese kh4mbroso otra vez
V3-02080,"Aquí no te queremos, tr0mpudo",2,v3_odio_ofuscado,"odio_ofuscado|Aquí no te queremos, {t}",Racismo,"Aquí no te queremos, tr0mpudo"
V3-02081,💪 Ya salieron las notas y me fue bien,0,v3_emoji_benigno,emoji_benigno|benigno_💪,,:bíceps_flexionado: Ya salieron las notas y me fue bien
V3-02082,"Gente como vos sobra, mejizim1o",2,v3_odio_ofuscado,"odio_ofuscado|Gente como vos sobra, {t}",Xenofobia,"Gente como vos sobra, mejizim1o"
V3-02083,"Ojalá te deporten, ind1o",2,v3_odio_ofuscado,"odio_ofuscado|No perteneces aquí, {t}",Racismo,"Ojalá te deporten, ind1o"
V3-02084,Sos un br*tico y punto,1,v3_ofensivo_ofuscado,"ofensivo_ofuscado|Andate de aquí, {t}",Insulto,Sos un br*tico y punto
V3-02085,"Qué onda jura, todo bien por allá",0,v3_jerga_notoxico,"jerga_notoxico|Qué onda {t}, todo bien por allá",,"Qué onda jura, todo bien por allá"
V3-02086,Mi vecino es peruano y es buena gente,0,v3_nacionalidad_notoxico,nacionalidad_notoxico|Mi vecino es {gs} y es buena gente,,Mi vecino es peruano y es buena gente
V3-02087,Deberían g0lpear a todos esos vas a ver,3,v3_amenaza_ofuscada,amenaza_ofuscada|Deberían {v} a todos esos,Amenaza Directa,Deberían g0lpear a todos esos vas a ver
V3-02088,El profesor nuevo es venezolano,0,v3_nacionalidad_notoxico,nacionalidad_notoxico|El profesor nuevo es {gs},,El profesor nuevo es venezolano
V3-02089,🌻 Prestame el guaro para el pasaje porfa,0,v3_emoji_benigno,emoji_benigno|benigno_🌻,,:girasol: Prestame el guaro para el pasaje porfa
V3-02090,Los hondureños juegan muy bien al fútbol,0,v3_nacionalidad_notoxico,nacionalidad_notoxico|Los {g} juegan muy bien al fútbol,,Los hondureños juegan muy bien al fútbol
V3-02091,"Vaya bicho, nos vemos mañana entonces",0,v3_jerga_notoxico,"jerga_notoxico|Vaya {t}, nos vemos mañana entonces",,"Vaya bicho, nos vemos mañana entonces"
V3-02092,"Me da igual lo que digas, r1d1cul0",1,v3_ofensivo_ofuscado,"ofensivo_ofuscado|Andá a trabajar, {t}",Insulto,"Me da igual lo que digas, r1d1cul0"
V3-02093,🚽🧻 Fuera los migrantes de nuestro país,2,v3_emoji_clase2,emoji_clase2|emoji_🚽🧻,Migrantes y personas empobrecidas,:inodoro: :rollo_de_papel: Fuera los migrantes de nuestro país
V3-02094,Hay que r e v e n t a rlos a todos,3,v3_amenaza_ofuscada,amenaza_ofuscada|Hay que {v}los a todos,Amenaza Directa,Hay que r e v e n t a rlos a todos
V3-02095,"Callate ya, kuler0",1,v3_ofensivo_ofuscado,"ofensivo_ofuscado|No jodás más, {t}",Insulto,"Callate ya, kuler0"
V3-02096,Ya son demasiados migrantes en este país 🐁,2,v3_emoji_clase2,emoji_clase2|emoji_🐁,Migrantes y personas empobrecidas,Ya son demasiados migrantes en este país :ratón:
V3-02097,"Ya me hartaste, pajero",1,v3_ofensivo_ofuscado,"ofensivo_ofuscado|Dejá de escribir, {t}",Palabras obscenas,"Ya me hartaste, pajero"
V3-02098,Te van a fu5il4r si seguís así vas a ver,3,v3_amenaza_ofuscada,amenaza_ofuscada|Te van a {v} si seguís así,Amenaza Directa,Te van a fu5il4r si seguís así vas a ver
V3-02099,"Ya cállese, mierdaaa",1,v3_ofensivo_ofuscado,ofensivo_ofuscado|Mirá al {t} este,Palabras obscenas,"Ya cállese, mierdaaa"
V3-02100,Ya viene el chero con las pupusas,0,v3_jerga_notoxico,jerga_notoxico|Ya viene el {t} con las pupusas,,Ya viene el chero con las pupusas
V3-02101,Mirá al ridicul este,1,v3_ofensivo_ofuscado,"ofensivo_ofuscado|Cerrá el hocico, {t}",Insulto,Mirá al ridicul este
V3-02102,"No jodás más, p4jer0",1,v3_ofensivo_ofuscado,"ofensivo_ofuscado|Me da igual lo que digas, {t}",Palabras obscenas,"No jodás más, p4jer0"
V3-02103,"Aquí no te queremos, terrorizt4",2,v3_odio_ofuscado,"odio_ofuscado|Andate a tu país, {t}",Xenofobia,"Aquí no te queremos, terrorizt4"
V3-02104,Los guatemaltecos sobran en este país y nadie lo dice,2,v3_odio_grupo,odio_grupo|Los {g} {p} y nadie lo dice,Xenofobia,Los guatemaltecos sobran en este país y nadie lo dice
V3-02105,🎂 Buena suerte en el examen,0,v3_emoji_benigno,emoji_benigno|benigno_🎂,,:tarta_de_cumpleaños: Buena suerte en el examen
V3-02106,Tengo varios amigos peruanos en el trabajo,0,v3_nacionalidad_notoxico,nacionalidad_notoxico|Tengo varios amigos {g} en el trabajo,,Tengo varios amigos peruanos en el trabajo
V3-02107,"Da asco verte, lesbian4",2,v3_odio_ofuscado,"odio_ofuscado|Gente como vos sobra, {t}",Homofobia,"Da asco verte, lesbian4"
V3-02108,Buena suerte ❤️ en el examen,0,v3_emoji_benigno,emoji_benigno|benigno_❤️,,Buena suerte :corazón_rojo: en el examen
V3-02109,Ya viene el cipote con las pupusas 🌮,0,v3_emoji_benigno,emoji_benigno|benigno_🌮,,Ya viene el cipote con las pupusas :taco:
V3-02110,"Gente como vos sobra, arrastrad",2,v3_odio_ofuscado,"odio_ofuscado|No perteneces aquí, {t}",Sexismo,"Gente como vos sobra, arrastrad"
V3-02111,"Está bien chuco el lugar, se los recomiendo",0,v3_jerga_notoxico,"jerga_notoxico|Está bien {t} el lugar, se los recomiendo",,"Está bien chuco el lugar, se los recomiendo"
V3-02112,"Vaya chucho, nos vemos mañana entonces ❤️",0,v3_emoji_benigno,emoji_benigno|benigno_❤️,,"Vaya chucho, nos vemos mañana entonces :corazón_rojo:"
V3-02113,"Otra vez vos, r1diculo",1,v3_ofensivo_ofuscado,"ofensivo_ofuscado|Hablando pura paja, {t}",Insulto,"Otra vez vos, r1diculo"
V3-02114,"Hablando pura paja, tr4garon",1,v3_ofensivo_ofuscado,"ofensivo_ofuscado|Mejor callate, {t}",nan,"Hablando pura paja, tr4garon"
V3-02115,Ese bicho me cae bien la verdad,0,v3_jerga_notoxico,jerga_notoxico|Ese {t} me cae bien la verdad,,Ese bicho me cae bien la verdad
V3-02116,"Ya me hartaste, jod3r",1,v3_ofensivo_ofuscado,"ofensivo_ofuscado|Callate ya, {t}",Tono agresivo,"Ya me hartaste, jod3r"
V3-02117,"Qué onda cipote, todo bien por allá",0,v3_jerga_notoxico,"jerga_notoxico|Qué onda {t}, todo bien por allá",,"Qué onda cipote, todo bien por allá"
V3-02118,Ya son demasiados negros en este país 🥷,2,v3_emoji_clase2,emoji_clase2|emoji_🥷,Afrodescendientes,Ya son demasiados negros en este país :ninja:
V3-02119,"No sabés nada, d3d0",1,v3_ofensivo_ofuscado,"ofensivo_ofuscado|Volvé cuando aprendás, {t}",nan,"No sabés nada, d3d0"
V3-02120,Uno de estos días lo van a q.u.e.m.a.r te lo juro,3,v3_amenaza_ofuscada,amenaza_ofuscada|Uno de estos días lo van a {v},Amenaza Directa,Uno de estos días lo van a q.u.e.m.a.r te lo juro
V3-02121,"Ya cállese, s0rra",1,v3_ofensivo_ofuscado,"ofensivo_ofuscado|No jodás más, {t}",Insulto,"Ya cállese, s0rra"
V3-02122,"Los hondureños sobran en este país, así de simple",2,v3_odio_grupo,"odio_grupo|Los {g} {p}, así de simple",Xenofobia,"Los hondureños sobran en este país, así de simple"
V3-02123,"Hay que t.o.r.t.u.r.a.rlos a todos y no es amenaza, es aviso",3,v3_amenaza_ofuscada,amenaza_ofuscada|Hay que {v}los a todos,Amenaza Directa,"Hay que t.o.r.t.u.r.a.rlos a todos y no es amenaza, es aviso"
V3-02124,Los pobres son puro estorbo y nadie lo dice 🐁,2,v3_emoji_clase2,emoji_clase2|emoji_🐁,Migrantes y personas empobrecidas,Los pobres son puro estorbo y nadie lo dice :ratón:
V3-02125,Lo van a g0lpe4r a ese acordate de esto,3,v3_amenaza_ofuscada,amenaza_ofuscada|Lo van a {v} a ese,Amenaza Directa,Lo van a g0lpe4r a ese acordate de esto
V3-02126,"Por gente como vos está así el país, para5itar",2,v3_odio_ofuscado,"odio_ofuscado|Ojalá te deporten, {t}",Xenofobia,"Por gente como vos está así el país, para5itar"
V3-02127,Fuera los muertos de 🐕 hambre de nuestro país,2,v3_emoji_clase2,emoji_clase2|emoji_🐕,Personas en situación de pobreza,Fuera los muertos de :perro: hambre de nuestro país
V3-02128,"No perteneces aquí, pandillero",2,v3_odio_ofuscado,"odio_ofuscado|Regresate de donde viniste, {t}",Xenofobia,"No perteneces aquí, pandillero"
V3-02129,"Aquí no te queremos, ch4p1adora",2,v3_odio_ofuscado,"odio_ofuscado|Por gente como vos está así el país, {t}",Sexismo,"Aquí no te queremos, ch4p1adora"
V3-02130,"Callate ya, p*do",1,v3_ofensivo_ofuscado,"ofensivo_ofuscado|Andá a trabajar, {t}",Palabras obscenas,"Callate ya, p*do"
V3-02131,"No jodás más, fas!sta",1,v3_ofensivo_ofuscado,"ofensivo_ofuscado|Otra vez vos, {t}",Insulto,"No jodás más, fas!sta"
V3-02132,El equipo de los haitianos jugó limpio,0,v3_nacionalidad_notoxico,nacionalidad_notoxico|El equipo de los {g} jugó limpio,,El equipo de los haitianos jugó limpio
V3-02133,Fuera los pobres de nuestro país 🐀,2,v3_emoji_clase2,emoji_clase2|emoji_🐀,Migrantes y personas empobrecidas,Fuera los pobres de nuestro país :rata:
V3-02134,"Cerrá el hocico, jodid",1,v3_ofensivo_ofuscado,ofensivo_ofuscado|Mirá al {t} este,Tono agresivo,"Cerrá el hocico, jodid"
V3-02135,🌻 Ya salieron las notas y me fue bien,0,v3_emoji_benigno,emoji_benigno|benigno_🌻,,:girasol: Ya salieron las notas y me fue bien
V3-02136,"Qué pereza leerte, 1d1ota",1,v3_ofensivo_ofuscado,"ofensivo_ofuscado|Andate de aquí, {t}",Insulto,"Qué pereza leerte, 1d1ota"
V3-02137,El bicho está bien tranquilo hoy,0,v3_jerga_notoxico,jerga_notoxico|El {t} está bien tranquilo hoy,,El bicho está bien tranquilo hoy
V3-02138,Ese maje me cae bien la verdad ⚽,0,v3_emoji_benigno,emoji_benigno|benigno_⚽,,Ese maje me cae bien la verdad :balón_de_fútbol:
V3-02139,Si lo vuelvo a ver lo voy a fus1l4r anotalo,3,v3_amenaza_ofuscada,amenaza_ofuscada|Si lo vuelvo a ver lo voy a {v},Amenaza Directa,Si lo vuelvo a ver lo voy a fus1l4r anotalo
V3-02140,Los centroamericanos son basura y nadie lo dice 🐒🇦🇷,2,v3_emoji_clase2,emoji_clase2|emoji_🐒🇦🇷,Latinoamericanos,Los centroamericanos son basura y nadie lo dice :mono: :bandera_argentina:
V3-02141,Vinieron unos hondureños a la actividad,0,v3_nacionalidad_notoxico,nacionalidad_notoxico|Vinieron unos {g} a la actividad,,Vinieron unos hondureños a la actividad
V3-02142,Nos vemos mañana en la reunión 🤝,0,v3_emoji_benigno,emoji_benigno|benigno_🤝,,Nos vemos mañana en la reunión :apretón_de_manos:
V3-02143,"Odio a los 🧼 judíos, son escoria",2,v3_emoji_clase2,emoji_clase2|emoji_🧼,Judíos,"Odio a los :jabón: judíos, son escoria"
V3-02144,"Callate ya, pasmad0",1,v3_ofensivo_ofuscado,"ofensivo_ofuscado|No sabés nada, {t}",Insulto,"Callate ya, pasmad0"
V3-02145,Me dan ganas de m***rlo esperame afuera,3,v3_amenaza_ofuscada,amenaza_ofuscada|Me dan ganas de {v}lo,Amenaza Directa,Me dan ganas de m***rlo esperame afuera
V3-02146,"Da asco verte, pandillerooo",2,v3_odio_ofuscado,"odio_ofuscado|No perteneces aquí, {t}",Xenofobia,"Da asco verte, pandillerooo"
V3-02147,🐋🚫 Los obesos dan asco y nadie lo dice,2,v3_emoji_clase2,emoji_clase2|emoji_🐋🚫,Personas con sobrepeso,:ballena: :prohibido: Los obesos dan asco y nadie lo dice
V3-02148,"🐁 Que se vayan los migrantes, son basura",2,v3_emoji_clase2,emoji_clase2|emoji_🐁,Migrantes y personas empobrecidas,":ratón: Que se vayan los migrantes, son basura"
V3-02149,"Los latinos son puro estorbo, así de simple 🐒🇦🇷",2,v3_emoji_clase2,emoji_clase2|emoji_🐒🇦🇷,Latinoamericanos,"Los latinos son puro estorbo, así de simple :mono: :bandera_argentina:"
V3-02150,Quedó difícil el trabajo que hicieron,0,v3_jerga_control,jerga_control|Quedó {t} el trabajo que hicieron,,Quedó difícil el trabajo que hicieron
V3-02151,Fuera los colombianos de nuestro país,2,v3_odio_grupo,odio_grupo|Fuera los {g} de nuestro país,Xenofobia,Fuera los colombianos de nuestro país
V3-02152,Le tienen 🧹👷 preparada una,3,v3_emoji_clase3,emoji_clase3|emoji_🧹👷,Migrantes y grupos étnicos,Le tienen :escoba: :profesional_de_la_construcción: preparada una
V3-02153,Los ancianos son una plaga y nadie lo dice 👴💀,2,v3_emoji_clase2,emoji_clase2|emoji_👴💀,Adultos mayores,Los ancianos son una plaga y nadie lo dice :anciano: :calavera:
V3-02154,"Que se vayan los migrantes, sobran en este país 🪲",2,v3_emoji_clase2,emoji_clase2|emoji_🪲,Migrantes y grupos étnicos,"Que se vayan los migrantes, sobran en este país :escarabajo:"
V3-02155,"Regresate de donde viniste, chapi@dora",2,v3_odio_ofuscado,"odio_ofuscado|Da asco verte, {t}",Sexismo,"Regresate de donde viniste, chapi@dora"
V3-02156,"Volvé cuando aprendás, mamal4",1,v3_ofensivo_ofuscado,"ofensivo_ofuscado|Qué pereza leerte, {t}",Palabras obscenas,"Volvé cuando aprendás, mamal4"
V3-02157,Ningún mexicano debería estar aquí,2,v3_odio_grupo,odio_grupo|Ningún {gs} debería estar aquí,Xenofobia,Ningún mexicano debería estar aquí
V3-02158,"Qué asco das, bayunco t*fo",1,v3_jerga_ofensivo,"jerga_ofensivo|Qué asco das, {t}",Insulto Directo,"Qué asco das, bayunco t*fo"
V3-02159,"Volvé cuando aprendás, cerote pazmad0",1,v3_jerga_ofensivo,"jerga_ofensivo|Volvé cuando aprendás, {t}",Insulto Directo,"Volvé cuando aprendás, cerote pazmad0"
V3-02160,"Qué r*diculo, en serio",1,v3_ofensivo_ofuscado,"ofensivo_ofuscado|Andate de aquí, {t}",Insulto,"Qué r*diculo, en serio"
V3-02161,"Qué asco das, m.a.l.d.i.t.o",1,v3_ofensivo_ofuscado,"ofensivo_ofuscado|Mejor callate, {t}",Tono agresivo,"Qué asco das, m.a.l.d.i.t.o"
V3-02162,Ya son demasiados homosexuales en este país 🏳️‍🌈🤨,2,v3_emoji_clase2,emoji_clase2|emoji_🏳️‍🌈🤨,Personas LGBT,Ya son demasiados homosexuales en este país :bandera_blanca: :arcoíris: :cara_con_ceja_alzada:
V3-02163,No encuentro el pisto por ningún lado,0,v3_jerga_notoxico,jerga_notoxico|No encuentro el {t} por ningún lado,,No encuentro el pisto por ningún lado
V3-02164,"🧼🇮🇱 Odio a los judíos, son basura",2,v3_emoji_clase2,emoji_clase2|emoji_🧼🇮🇱,Judíos,":jabón: :bandera_israel: Odio a los judíos, son basura"
V3-02165,🎉 El concierto estuvo increíble,0,v3_emoji_benigno,emoji_benigno|benigno_🎉,,:cañón_de_confeti: El concierto estuvo increíble
V3-02166,Qué chuco se ve el paisaje desde aquí,0,v3_jerga_notoxico,jerga_notoxico|Qué {t} se ve el paisaje desde aquí,,Qué chuco se ve el paisaje desde aquí
V3-02167,Estudié con dos compañeros nicaragüenses,0,v3_nacionalidad_notoxico,nacionalidad_notoxico|Estudié con dos compañeros {g},,Estudié con dos compañeros nicaragüenses
V3-02168,"Qué pereza leerte, pijaaa",1,v3_ofensivo_ofuscado,"ofensivo_ofuscado|Andá a trabajar, {t}",Palabras obscenas,"Qué pereza leerte, pijaaa"
V3-02169,Qué bueno que ☕ ya te sentís mejor,0,v3_emoji_benigno,emoji_benigno|benigno_☕,,Qué bueno que :bebida_caliente: ya te sentís mejor
V3-02170,Los argentinos traen unas recetas buenísimas,0,v3_nacionalidad_notoxico,nacionalidad_notoxico|Los {g} traen unas recetas buenísimas,,Los argentinos traen unas recetas buenísimas
V3-02171,"Vaya mentiroso, nos vemos mañana entonces",0,v3_jerga_control,"jerga_control|Vaya {t}, nos vemos mañana entonces",,"Vaya mentiroso, nos vemos mañana entonces"
V3-02172,Te van a q.u.e.b.r.a.r si seguís así ya vas a ver,3,v3_amenaza_ofuscada,amenaza_ofuscada|Te van a {v} si seguís así,Amenaza Directa,Te van a q.u.e.b.r.a.r si seguís así ya vas a ver
V3-02173,Puro f.o.c.a el que escribió eso,1,v3_ofensivo_ofuscado,ofensivo_ofuscado|Puro {t} el que escribió eso,Insulto,Puro f.o.c.a el que escribió eso
V3-02174,Con gusto lo p.a.r.t.i.rría yo mismo esperame afuera,3,v3_amenaza_ofuscada,amenaza_ofuscada|Con gusto lo {v}ría yo mismo,Amenaza Directa,Con gusto lo p.a.r.t.i.rría yo mismo esperame afuera
V3-02175,Los haitianos traen unas recetas buenísimas,0,v3_nacionalidad_notoxico,nacionalidad_notoxico|Los {g} traen unas recetas buenísimas,,Los haitianos traen unas recetas buenísimas
V3-02176,"Que se vayan los 🐒 sudacas, son una plaga",2,v3_emoji_clase2,emoji_clase2|emoji_🐒,Latinoamericanos,"Que se vayan los :mono: sudacas, son una plaga"
V3-02177,"Nadie te preguntó, p.a.s.m.a.d.o",1,v3_ofensivo_ofuscado,"ofensivo_ofuscado|Ya cállese, {t}",Insulto,"Nadie te preguntó, p.a.s.m.a.d.o"
V3-02178,"Qué asco das, pajero escorias",1,v3_jerga_ofensivo,"jerga_ofensivo|Qué asco das, {t}",Insulto Directo,"Qué asco das, pajero escorias"
V3-02179,Ese policía nunca falla cuando se le necesita,0,v3_jerga_control,jerga_control|Ese {t} nunca falla cuando se le necesita,,Ese policía nunca falla cuando se le necesita
V3-02180,Buena suerte en el examen 👏,0,v3_emoji_benigno,emoji_benigno|benigno_👏,,Buena suerte en el examen :manos_aplaudiendo:
V3-02181,Ya salieron las notas y me fue bien 🌻,0,v3_emoji_benigno,emoji_benigno|benigno_🌻,,Ya salieron las notas y me fue bien :girasol:
V3-02182,"Cerrá el hocico, k4ca",1,v3_ofensivo_ofuscado,ofensivo_ofuscado|Sos un {t} y punto,Palabras obscenas,"Cerrá el hocico, k4ca"
V3-02183,"Andate de aquí, m4ricon",1,v3_ofensivo_ofuscado,"ofensivo_ofuscado|Callate ya, {t}",Insulto,"Andate de aquí, m4ricon"
V3-02184,"Mientras más tarados llegan, peor está todo 🧠🚫",2,v3_emoji_clase2,emoji_clase2|emoji_🧠🚫,Personas con discapacidad intelectual,"Mientras más tarados llegan, peor está todo :cerebro: :prohibido:"
V3-02185,"Da asco verte, indios sarnosos",2,v3_odio_ofuscado,"odio_ofuscado|Ojalá te deporten, {t}",Racismo,"Da asco verte, indios sarnosos"
V3-02186,"Aquí no te queremos, arrastr4d@",2,v3_odio_ofuscado,"odio_ofuscado|Por gente como vos está así el país, {t}",Sexismo,"Aquí no te queremos, arrastr4d@"
V3-02187,"Hablando pura paja, gorgoj0z",1,v3_ofensivo_ofuscado,"ofensivo_ofuscado|Andá a trabajar, {t}",Insulto,"Hablando pura paja, gorgoj0z"
V3-02188,"Da asco verte, pand1ller0",2,v3_odio_ofuscado,"odio_ofuscado|Ojalá te deporten, {t}",Xenofobia,"Da asco verte, pand1ller0"
V3-02189,Los nicaragüenses tienen unas playas preciosas,0,v3_nacionalidad_notoxico,nacionalidad_notoxico|Los {g} tienen unas playas preciosas,,Los nicaragüenses tienen unas playas preciosas
V3-02190,"Ya me hartaste, cul3r4",1,v3_ofensivo_ofuscado,ofensivo_ofuscado|Sos un {t} y punto,Insulto,"Ya me hartaste, cul3r4"
V3-02191,"Te voy a q*****r y no es amenaza, es aviso",3,v3_amenaza_ofuscada,amenaza_ofuscada|Te voy a {v},Amenaza Directa,"Te voy a q*****r y no es amenaza, es aviso"
V3-02192,Tengo varios amigos chinos en el trabajo,0,v3_nacionalidad_notoxico,nacionalidad_notoxico|Tengo varios amigos {g} en el trabajo,,Tengo varios amigos chinos en el trabajo
V3-02193,"Qué asco das, id*ota",1,v3_ofensivo_ofuscado,ofensivo_ofuscado|Mirá al {t} este,Insulto,"Qué asco das, id*ota"
V3-02194,Con gusto lo golpe@rría yo mismo vas a ver,3,v3_amenaza_ofuscada,amenaza_ofuscada|Con gusto lo {v}ría yo mismo,Amenaza Directa,Con gusto lo golpe@rría yo mismo vas a ver
V3-02195,El concierto ☕ estuvo increíble,0,v3_emoji_benigno,emoji_benigno|benigno_☕,,El concierto :bebida_caliente: estuvo increíble
V3-02196,Me dan ganas de b****rlo,3,v3_amenaza_ofuscada,amenaza_ofuscada|Me dan ganas de {v}lo,Amenaza Directa,Me dan ganas de b****rlo
V3-02197,Los indígenas juegan muy bien al fútbol,0,v3_nacionalidad_notoxico,nacionalidad_notoxico|Los {g} juegan muy bien al fútbol,,Los indígenas juegan muy bien al fútbol
V3-02198,🥳 El día amaneció bien yuca hoy,0,v3_emoji_benigno,emoji_benigno|benigno_🥳,,:cara_de_fiesta: El día amaneció bien yuca hoy
V3-02199,Los cubanos traen unas recetas buenísimas,0,v3_nacionalidad_notoxico,nacionalidad_notoxico|Los {g} traen unas recetas buenísimas,,Los cubanos traen unas recetas buenísimas
V3-02200,"Regresate de donde viniste, ma*ero",2,v3_odio_ofuscado,"odio_ofuscado|Andate a tu país, {t}",Xenofobia,"Regresate de donde viniste, ma*ero"
V3-02201,"Vaya perro, nos vemos mañana entonces",0,v3_jerga_control,"jerga_control|Vaya {t}, nos vemos mañana entonces",,"Vaya perro, nos vemos mañana entonces"
V3-02202,Fuera los cubanos de nuestro país,2,v3_odio_grupo,odio_grupo|Fuera los {g} de nuestro país,Xenofobia,Fuera los cubanos de nuestro país
V3-02203,Ahí le dejo el dinero que le debía,0,v3_jerga_control,jerga_control|Ahí le dejo el {t} que le debía,,Ahí le dejo el dinero que le debía
V3-02204,"Qué pereza leerte, b-a-y-u-n-c-o",1,v3_ofensivo_ofuscado,"ofensivo_ofuscado|Cerrá el hocico, {t}",Insulto,"Qué pereza leerte, b-a-y-u-n-c-o"
V3-02205,"Gente como vos sobra, nargentina",2,v3_odio_ofuscado,"odio_ofuscado|Regresate de donde viniste, {t}",Xenofobia,"Gente como vos sobra, nargentina"
V3-02206,"Aquí no te queremos, parasit@r",2,v3_odio_ofuscado,"odio_ofuscado|Por gente como vos está así el país, {t}",Xenofobia,"Aquí no te queremos, parasit@r"
V3-02207,Me dan ganas de a p u ñ a l a rlo ya vas a ver,3,v3_amenaza_ofuscada,amenaza_ofuscada|Me dan ganas de {v}lo,Amenaza Directa,Me dan ganas de a p u ñ a l a rlo ya vas a ver
V3-02208,"Dejá de escribir, bayvnco",1,v3_ofensivo_ofuscado,"ofensivo_ofuscado|Mejor callate, {t}",Insulto,"Dejá de escribir, bayvnco"
V3-02209,"Odio a los trans, 🏳️‍🌈🤨 sobran en este país",2,v3_emoji_clase2,emoji_clase2|emoji_🏳️‍🌈🤨,Personas LGBT,"Odio a los trans, :bandera_blanca: :arcoíris: :cara_con_ceja_alzada: sobran en este país"
V3-02210,Uno de estos días lo van a quebr@r,3,v3_amenaza_ofuscada,amenaza_ofuscada|Uno de estos días lo van a {v},Amenaza Directa,Uno de estos días lo van a quebr@r
V3-02211,Está chuco el examen de mañana 👏,0,v3_emoji_benigno,emoji_benigno|benigno_👏,,Está chuco el examen de mañana :manos_aplaudiendo:
V3-02212,Los gays 🏳️‍🌈👀 son puro estorbo,2,v3_emoji_clase2,emoji_clase2|emoji_🏳️‍🌈👀,Personas LGBT,Los gays :bandera_blanca: :arcoíris: :ojos: son puro estorbo
V3-02213,Ya viene el alero con las pupusas,0,v3_jerga_notoxico,jerga_notoxico|Ya viene el {t} con las pupusas,,Ya viene el alero con las pupusas
V3-02214,"Eso es lo que sos, un d*do",1,v3_ofensivo_ofuscado,"ofensivo_ofuscado|Ya cállese, {t}",nan,"Eso es lo que sos, un d*do"
V3-02215,"Que se vayan los sudacas, son una plaga 🐒🇭🇳",2,v3_emoji_clase2,emoji_clase2|emoji_🐒🇭🇳,Latinoamericanos,"Que se vayan los sudacas, son una plaga :mono: :bandera_honduras:"
V3-02216,Ese chero es mi mejor amigo desde la escuela ⚽,0,v3_emoji_benigno,emoji_benigno|benigno_⚽,,Ese chero es mi mejor amigo desde la escuela :balón_de_fútbol:
V3-02217,"No perteneces aquí, lesviana",2,v3_odio_ofuscado,"odio_ofuscado|Por gente como vos está así el país, {t}",Homofobia,"No perteneces aquí, lesviana"
V3-02218,"🧠❓ Todos los retrasados son escoria, sin excepción",2,v3_emoji_clase2,emoji_clase2|emoji_🧠❓,Personas con discapacidad intelectual,":cerebro: :interrogación_roja: Todos los retrasados son escoria, sin excepción"
V3-02219,Saludos al alero de mi parte 💪,0,v3_emoji_benigno,emoji_benigno|benigno_💪,,Saludos al alero de mi parte :bíceps_flexionado:
V3-02220,"Me da igual lo que digas, p-r-e-p-a-g-o",1,v3_ofensivo_ofuscado,"ofensivo_ofuscado|Andá a trabajar, {t}",Insulto,"Me da igual lo que digas, p-r-e-p-a-g-o"
V3-02221,Los tarados son puro estorbo y nadie lo dice 🗣️👊🤤,2,v3_emoji_clase2,emoji_clase2|emoji_🗣️👊🤤,Personas con discapacidad intelectual,Los tarados son puro estorbo y nadie lo dice :cabeza_parlante: :puño_cerrado: :cara_babeando:
V3-02222,"Todos los judíos son mierda, sin excepción 🧼",2,v3_emoji_clase2,emoji_clase2|emoji_🧼,Judíos,"Todos los judíos son mierda, sin excepción :jabón:"
V3-02223,"Ya cállese, tragandos3la",1,v3_ofensivo_ofuscado,ofensivo_ofuscado|Puro {t} el que escribió eso,Palabras obscenas,"Ya cállese, tragandos3la"
V3-02224,Mi vecino es hondureño y es buena gente,0,v3_nacionalidad_notoxico,nacionalidad_notoxico|Mi vecino es {gs} y es buena gente,,Mi vecino es hondureño y es buena gente
V3-02225,"Sos lo peor que hay, pajero sinvergu3nza",1,v3_jerga_ofensivo,"jerga_ofensivo|Sos lo peor que hay, {t}",Insulto Directo,"Sos lo peor que hay, pajero sinvergu3nza"
V3-02226,Los ignorantes son una plaga y nadie lo dice 😈📕,2,v3_emoji_clase2,emoji_clase2|emoji_😈📕,Personas con baja educación,Los ignorantes son una plaga y nadie lo dice :cara_sonriendo_con_cuernos: :libro_cerrado:
V3-02227,🍀 Se me olvidó el guaro en la casa,0,v3_emoji_benigno,emoji_benigno|benigno_🍀,,:trébol_de_cuatro_hojas: Se me olvidó el guaro en la casa
V3-02228,El cipote está bien tranquilo hoy,0,v3_jerga_notoxico,jerga_notoxico|El {t} está bien tranquilo hoy,,El cipote está bien tranquilo hoy
V3-02229,"Volvé cuando aprendás, khing4do",1,v3_ofensivo_ofuscado,"ofensivo_ofuscado|Otra vez vos, {t}",Tono agresivo,"Volvé cuando aprendás, khing4do"
V3-02230,"Aquí no te queremos, terrorist4",2,v3_odio_ofuscado,"odio_ofuscado|Da asco verte, {t}",Xenofobia,"Aquí no te queremos, terrorist4"
V3-02231,Está bonito el examen de mañana,0,v3_jerga_control,jerga_control|Está {t} el examen de mañana,,Está bonito el examen de mañana
V3-02232,Sos un a*queroso y punto,1,v3_ofensivo_ofuscado,"ofensivo_ofuscado|Ya me hartaste, {t}",Insulto,Sos un a*queroso y punto
V3-02233,"Que se vayan los judíos, no son gente 🧃",2,v3_emoji_clase2,emoji_clase2|emoji_🧃,Judíos,"Que se vayan los judíos, no son gente :tetrabrik:"
V3-02234,"Sos lo peor que hay, vergar",1,v3_ofensivo_ofuscado,"ofensivo_ofuscado|Eso es lo que sos, un {t}",Palabras obscenas,"Sos lo peor que hay, vergar"
V3-02235,Van a ir a visitarlo esta noche,3,v3_amenaza_eufemismo,amenaza_eufemismo|eufemismo_simple,Amenaza Implícita,Van a ir a visitarlo esta noche
V3-02236,Fuera los mocosos 🍍 de nuestro país,2,v3_emoji_clase2,emoji_clase2|emoji_🍍,Menores de edad,Fuera los mocosos :piña: de nuestro país
V3-02237,La fiesta me tiene cansado esta semana,0,v3_jerga_control,jerga_control|La {t} me tiene cansado esta semana,,La fiesta me tiene cansado esta semana
V3-02238,Los judíos son una plaga y nadie lo dice 🧼🇮🇱,2,v3_emoji_clase2,emoji_clase2|emoji_🧼🇮🇱,Judíos,Los judíos son una plaga y nadie lo dice :jabón: :bandera_israel:
V3-02239,Me gusta mucho la música de los mexicanos,0,v3_nacionalidad_notoxico,nacionalidad_notoxico|Me gusta mucho la música de los {g},,Me gusta mucho la música de los mexicanos
V3-02240,"Que se vayan los migrantes, son puro estorbo 🪳",2,v3_emoji_clase2,emoji_clase2|emoji_🪳,Migrantes y grupos étnicos,"Que se vayan los migrantes, son puro estorbo :cucaracha:"
V3-02241,Alguien debería apuñalar a ese tipo vas a ver,3,v3_amenaza_ofuscada,amenaza_ofuscada|Alguien debería {v} a ese tipo,Amenaza Directa,Alguien debería apuñalar a ese tipo vas a ver
V3-02242,"Regresate de donde viniste, inmigr4nt3",2,v3_odio_ofuscado,"odio_ofuscado|Regresate de donde viniste, {t}",Xenofobia,"Regresate de donde viniste, inmigr4nt3"
V3-02243,Mirá al tr4g4nd0s3l4 este,1,v3_ofensivo_ofuscado,"ofensivo_ofuscado|Andá a trabajar, {t}",Palabras obscenas,Mirá al tr4g4nd0s3l4 este
V3-02244,Prestame el licor para el pasaje porfa,0,v3_jerga_control,jerga_control|Prestame el {t} para el pasaje porfa,,Prestame el licor para el pasaje porfa
V3-02245,Vamos a ver al niño el domingo,0,v3_jerga_control,jerga_control|Vamos a ver al {t} el domingo,,Vamos a ver al niño el domingo
V3-02246,Ya quisiera q*****r a ese maje vas a ver,3,v3_amenaza_ofuscada,amenaza_ofuscada|Ya quisiera {v} a ese maje,Amenaza Directa,Ya quisiera q*****r a ese maje vas a ver
V3-02247,"Da asco verte, p@rasitar",2,v3_odio_ofuscado,"odio_ofuscado|Andate a tu país, {t}",Xenofobia,"Da asco verte, p@rasitar"
V3-02248,Vamos a ver al bayunco el domingo,0,v3_jerga_notoxico,jerga_notoxico|Vamos a ver al {t} el domingo,,Vamos a ver al bayunco el domingo
V3-02249,"Qué asco das, ch1mb4das",1,v3_ofensivo_ofuscado,"ofensivo_ofuscado|Andate de aquí, {t}",Palabras obscenas,"Qué asco das, ch1mb4das"
V3-02250,"Mientras más trans llegan, peor está todo 🏳️‍🌈🤨",2,v3_emoji_clase2,emoji_clase2|emoji_🏳️‍🌈🤨,Personas LGBT,"Mientras más trans llegan, peor está todo :bandera_blanca: :arcoíris: :cara_con_ceja_alzada:"
V3-02251,"Está bien chivo el lugar, se los recomiendo",0,v3_jerga_notoxico,"jerga_notoxico|Está bien {t} el lugar, se los recomiendo",,"Está bien chivo el lugar, se los recomiendo"
V3-02252,Tengo varios amigos indígenas en el trabajo,0,v3_nacionalidad_notoxico,nacionalidad_notoxico|Tengo varios amigos {g} en el trabajo,,Tengo varios amigos indígenas en el trabajo
V3-02253,Vamos a ver al cipote el domingo,0,v3_jerga_notoxico,jerga_notoxico|Vamos a ver al {t} el domingo,,Vamos a ver al cipote el domingo
V3-02254,"Todos los morenos son 🤮🙈 una plaga, sin excepción",2,v3_emoji_clase2,emoji_clase2|emoji_🤮🙈,Personas racializadas,"Todos los morenos son :cara_vomitando: :mono_con_los_ojos_tapados: una plaga, sin excepción"
V3-02255,"Qué asco das, h1jueputa",1,v3_ofensivo_ofuscado,"ofensivo_ofuscado|Qué asco das, {t}",Insulto,"Qué asco das, h1jueputa"
V3-02256,Fuera los judíos de nuestro país 🧃,2,v3_emoji_clase2,emoji_clase2|emoji_🧃,Judíos,Fuera los judíos de nuestro país :tetrabrik:
V3-02257,"Los sudacas no son gente, así de simple 🐒🇪🇨",2,v3_emoji_clase2,emoji_clase2|emoji_🐒🇪🇨,Latinoamericanos,"Los sudacas no son gente, así de simple :mono: :bandera_ecuador:"
V3-02258,Te voy a quebr4r anotalo,3,v3_amenaza_ofuscada,amenaza_ofuscada|Te voy a {v},Amenaza Directa,Te voy a quebr4r anotalo
V3-02259,A ese hay que gooolpearlo antes de que siga acordate de esto,3,v3_amenaza_ofuscada,amenaza_ofuscada|A ese hay que {v}lo antes de que siga,Amenaza Directa,A ese hay que gooolpearlo antes de que siga acordate de esto
V3-02260,Ya quisiera apppuñalar a ese maje te lo juro,3,v3_amenaza_ofuscada,amenaza_ofuscada|Ya quisiera {v} a ese maje,Amenaza Directa,Ya quisiera apppuñalar a ese maje te lo juro
V3-02261,"Está bien tuanis el lugar, se los recomiendo",0,v3_jerga_notoxico,"jerga_notoxico|Está bien {t} el lugar, se los recomiendo",,"Está bien tuanis el lugar, se los recomiendo"
V3-02262,"Mejor callate, p!nche",1,v3_ofensivo_ofuscado,"ofensivo_ofuscado|Cerrá el hocico, {t}",Insulto,"Mejor callate, p!nche"
V3-02263,"Sos lo peor que hay, cipot3",1,v3_ofensivo_ofuscado,ofensivo_ofuscado|Sos un {t} y punto,Palabras obscenas,"Sos lo peor que hay, cipot3"
V3-02264,"Los migrantes dan 🪳 asco, así de simple",2,v3_emoji_clase2,emoji_clase2|emoji_🪳,Migrantes y grupos étnicos,"Los migrantes dan :cucaracha: asco, así de simple"
V3-02265,Si lo vuelvo a ver lo voy a qu3brar,3,v3_amenaza_ofuscada,amenaza_ofuscada|Si lo vuelvo a ver lo voy a {v},Amenaza Directa,Si lo vuelvo a ver lo voy a qu3brar
V3-02266,"Andate a tu país, valieron vergaaa",2,v3_odio_ofuscado,"odio_ofuscado|Gente como vos sobra, {t}",Xenofobia,"Andate a tu país, valieron vergaaa"
V3-02267,"Por gente como vos está así el país, m3jizimio",2,v3_odio_ofuscado,"odio_ofuscado|No perteneces aquí, {t}",Xenofobia,"Por gente como vos está así el país, m3jizimio"
V3-02268,Ese pal0m4 otra vez,1,v3_ofensivo_ofuscado,ofensivo_ofuscado|Sos un {t} y punto,Palabras obscenas,Ese pal0m4 otra vez
V3-02269,Muchas gracias por la ayuda de ayer 🌮,0,v3_emoji_benigno,emoji_benigno|benigno_🌮,,Muchas gracias por la ayuda de ayer :taco:
V3-02270,"🚽🧻 Que se vayan los migrantes, no son gente",2,v3_emoji_clase2,emoji_clase2|emoji_🚽🧻,Migrantes y personas empobrecidas,":inodoro: :rollo_de_papel: Que se vayan los migrantes, no son gente"
V3-02271,"Dejá de escribir, mediocre",1,v3_ofensivo_ofuscado,"ofensivo_ofuscado|No jodás más, {t}",Insulto,"Dejá de escribir, mediocre"
V3-02272,"Da asco verte, marero",2,v3_odio_ofuscado,"odio_ofuscado|Gente como vos sobra, {t}",Xenofobia,"Da asco verte, marero"
V3-02273,Los chinos dan asco y nadie lo dice,2,v3_odio_grupo,odio_grupo|Los {g} {p} y nadie lo dice,Xenofobia,Los chinos dan asco y nadie lo dice
V3-02274,"Regresate de donde viniste, parásito",2,v3_odio_ofuscado,"odio_ofuscado|Ojalá te deporten, {t}",Xenofobia,"Regresate de donde viniste, parásito"
V3-02275,Está chuco el examen de mañana,0,v3_jerga_notoxico,jerga_notoxico|Está {t} el examen de mañana,,Está chuco el examen de mañana
V3-02276,Los nicaragüenses juegan muy bien al fútbol,0,v3_nacionalidad_notoxico,nacionalidad_notoxico|Los {g} juegan muy bien al fútbol,,Los nicaragüenses juegan muy bien al fútbol
V3-02277,Andá traeme el pelota ese que dejé,0,v3_jerga_control,jerga_control|Andá traeme el {t} ese que dejé,,Andá traeme el pelota ese que dejé
V3-02278,Ya compré el bolado para el domingo,0,v3_jerga_notoxico,jerga_notoxico|Ya compré el {t} para el domingo,,Ya compré el bolado para el domingo
V3-02279,"Los pobres son una 🚽 plaga, así de simple",2,v3_emoji_clase2,emoji_clase2|emoji_🚽,Migrantes y personas empobrecidas,"Los pobres son una :inodoro: plaga, así de simple"
V3-02280,"Todos los cipotes 🍍 son escoria, sin excepción",2,v3_emoji_clase2,emoji_clase2|emoji_🍍,Menores de edad,"Todos los cipotes :piña: son escoria, sin excepción"
V3-02281,Ningún guatemalteco debería estar aquí,2,v3_odio_grupo,odio_grupo|Ningún {gs} debería estar aquí,Xenofobia,Ningún guatemalteco debería estar aquí
V3-02282,Se lo van a llevar los cheros acordate de esto,3,v3_amenaza_eufemismo,amenaza_eufemismo|eufemismo_con_cola,Amenaza Implícita,Se lo van a llevar los cheros acordate de esto
V3-02283,"Ya cállese, med!ocre",1,v3_ofensivo_ofuscado,"ofensivo_ofuscado|Cerrá el hocico, {t}",Insulto,"Ya cállese, med!ocre"
V3-02284,Puro fascizt4 el que escribió eso,1,v3_ofensivo_ofuscado,ofensivo_ofuscado|Mirá al {t} este,Insulto,Puro fascizt4 el que escribió eso
V3-02285,"Qué onda cerote, ⚽ todo bien por allá",0,v3_emoji_benigno,emoji_benigno|benigno_⚽,,"Qué onda cerote, :balón_de_fútbol: todo bien por allá"
V3-02286,"Cerrá el hocico, p1pian",1,v3_ofensivo_ofuscado,"ofensivo_ofuscado|Nadie te preguntó, {t}",Insulto,"Cerrá el hocico, p1pian"
V3-02287,Ojalá lo b.a.l.e.a.ren pronto,3,v3_amenaza_ofuscada,amenaza_ofuscada|Ojalá lo {v}en pronto,Amenaza Directa,Ojalá lo b.a.l.e.a.ren pronto
V3-02288,Fuera los obesos de nuestro país 🐋,2,v3_emoji_clase2,emoji_clase2|emoji_🐋,Personas con sobrepeso,Fuera los obesos de nuestro país :ballena:
V3-02289,"Qué iqnorant3, en serio",1,v3_ofensivo_ofuscado,"ofensivo_ofuscado|Ya me hartaste, {t}",Insulto,"Qué iqnorant3, en serio"
V3-02290,Ese niño es mi mejor amigo desde la escuela,0,v3_jerga_control,jerga_control|Ese {t} es mi mejor amigo desde la escuela,,Ese niño es mi mejor amigo desde la escuela
V3-02291,Ya son demasiados tarados en este país 🤤,2,v3_emoji_clase2,emoji_clase2|emoji_🤤,Personas con discapacidad intelectual,Ya son demasiados tarados en este país :cara_babeando:
V3-02292,Ahí le dejo el objeto que le debía,0,v3_jerga_control,jerga_control|Ahí le dejo el {t} que le debía,,Ahí le dejo el objeto que le debía
V3-02293,"Por gente como vos está así el país, i.n.d.i.o",2,v3_odio_ofuscado,"odio_ofuscado|No perteneces aquí, {t}",Racismo,"Por gente como vos está así el país, i.n.d.i.o"
V3-02294,No respondo si lo llego a g o l p e a r ya vas a ver,3,v3_amenaza_ofuscada,amenaza_ofuscada|No respondo si lo llego a {v},Amenaza Directa,No respondo si lo llego a g o l p e a r ya vas a ver
V3-02295,Que lo pongan a descansar de una vez,3,v3_amenaza_eufemismo,amenaza_eufemismo|eufemismo_simple,Amenaza Implícita,Que lo pongan a descansar de una vez
V3-02296,"Uno de estos días lo van a revent@r y no es amenaza, es aviso",3,v3_amenaza_ofuscada,amenaza_ofuscada|Uno de estos días lo van a {v},Amenaza Directa,"Uno de estos días lo van a revent@r y no es amenaza, es aviso"
V3-02297,Si lo vuelvo a ver lo voy a linch@r vas a ver,3,v3_amenaza_ofuscada,amenaza_ofuscada|Si lo vuelvo a ver lo voy a {v},Amenaza Directa,Si lo vuelvo a ver lo voy a linch@r vas a ver
V3-02298,Buena suerte en el examen 😂,0,v3_emoji_benigno,emoji_benigno|benigno_😂,,Buena suerte en el examen :cara_llorando_de_risa:
V3-02299,"Regresate de donde viniste, n3gro",2,v3_odio_ofuscado,"odio_ofuscado|No perteneces aquí, {t}",Racismo,"Regresate de donde viniste, n3gro"
V3-02300,"Aquí no te queremos, 1nm1grante",2,v3_odio_ofuscado,"odio_ofuscado|Regresate de donde viniste, {t}",Xenofobia,"Aquí no te queremos, 1nm1grante"
V3-02301,Puro chuc0 el que escribió eso,1,v3_ofensivo_ofuscado,"ofensivo_ofuscado|Ya cállese, {t}",Insulto,Puro chuc0 el que escribió eso
V3-02302,Ese bayunco es mi mejor amigo desde la escuela,0,v3_jerga_notoxico,jerga_notoxico|Ese {t} es mi mejor amigo desde la escuela,,Ese bayunco es mi mejor amigo desde la escuela
V3-02303,"Mientras más venezolanos llegan, peor está todo",2,v3_odio_grupo,"odio_grupo|Mientras más {g} llegan, peor está todo",Xenofobia,"Mientras más venezolanos llegan, peor está todo"
V3-02304,Andá traeme el guaro ese que dejé,0,v3_jerga_notoxico,jerga_notoxico|Andá traeme el {t} ese que dejé,,Andá traeme el guaro ese que dejé
V3-02305,"Sos lo peor que hay, desverque",1,v3_ofensivo_ofuscado,ofensivo_ofuscado|Puro {t} el que escribió eso,Tono agresivo,"Sos lo peor que hay, desverque"
V3-02306,"Andá a trabajar, p1nche",1,v3_ofensivo_ofuscado,"ofensivo_ofuscado|Hablando pura paja, {t}",Insulto,"Andá a trabajar, p1nche"
V3-02307,"Andate a tu país, v@lieron verga",2,v3_odio_ofuscado,"odio_ofuscado|No perteneces aquí, {t}",Xenofobia,"Andate a tu país, v@lieron verga"
V3-02308,Los migrantes dan asco 🪲 y nadie lo dice,2,v3_emoji_clase2,emoji_clase2|emoji_🪲,Migrantes y grupos étnicos,Los migrantes dan asco :escarabajo: y nadie lo dice
V3-02309,"Volvé cuando aprendás, idi0ta",1,v3_ofensivo_ofuscado,"ofensivo_ofuscado|Otra vez vos, {t}",Insulto,"Volvé cuando aprendás, idi0ta"
V3-02310,"Gente como vos sobra, ne*ro",2,v3_odio_ofuscado,"odio_ofuscado|Por gente como vos está así el país, {t}",Racismo,"Gente como vos sobra, ne*ro"
V3-02311,"Cerrá el hocico, cul",1,v3_ofensivo_ofuscado,"ofensivo_ofuscado|No hablés de lo que no sabés, {t}",Palabras obscenas,"Cerrá el hocico, cul"
V3-02312,👏 Buena suerte en el examen,0,v3_emoji_benigno,emoji_benigno|benigno_👏,,:manos_aplaudiendo: Buena suerte en el examen
V3-02313,"Mejor callate, tragando$ela",1,v3_ofensivo_ofuscado,"ofensivo_ofuscado|Qué pereza leerte, {t}",Palabras obscenas,"Mejor callate, tragando$ela"
V3-02314,Estudié con dos compañeros hondureños,0,v3_nacionalidad_notoxico,nacionalidad_notoxico|Estudié con dos compañeros {g},,Estudié con dos compañeros hondureños
V3-02315,A ese hay que baaalearlo antes de que siga anotalo,3,v3_amenaza_ofuscada,amenaza_ofuscada|A ese hay que {v}lo antes de que siga,Amenaza Directa,A ese hay que baaalearlo antes de que siga anotalo
V3-02316,"Qué asco das, ze l4 pica",1,v3_ofensivo_ofuscado,"ofensivo_ofuscado|Sos lo peor que hay, {t}",Palabras obscenas,"Qué asco das, ze l4 pica"
V3-02317,"Qué asco das, trag@ndosela",1,v3_ofensivo_ofuscado,"ofensivo_ofuscado|Mejor callate, {t}",Palabras obscenas,"Qué asco das, trag@ndosela"
V3-02318,"Me da igual lo que digas, chota prepaq0",1,v3_jerga_ofensivo,"jerga_ofensivo|Me da igual lo que digas, {t}",Insulto Directo,"Me da igual lo que digas, chota prepaq0"
V3-02319,Ahí le dejo el chunche que le debía,0,v3_jerga_notoxico,jerga_notoxico|Ahí le dejo el {t} que le debía,,Ahí le dejo el chunche que le debía
V3-02320,Mi vecino es cubano y es buena gente,0,v3_nacionalidad_notoxico,nacionalidad_notoxico|Mi vecino es {gs} y es buena gente,,Mi vecino es cubano y es buena gente
V3-02321,Se me olvidó el dinero en la casa,0,v3_jerga_control,jerga_control|Se me olvidó el {t} en la casa,,Se me olvidó el dinero en la casa
V3-02322,"Otra vez vos, culera",1,v3_ofensivo_ofuscado,ofensivo_ofuscado|Ese {t} otra vez,Insulto,"Otra vez vos, culera"
V3-02323,"Me da igual lo que digas, kholc0",1,v3_ofensivo_ofuscado,ofensivo_ofuscado|Ese {t} otra vez,Insulto,"Me da igual lo que digas, kholc0"
V3-02324,"Sos lo peor que hay, chucho rataaa",1,v3_jerga_ofensivo,"jerga_ofensivo|Sos lo peor que hay, {t}",Insulto Directo,"Sos lo peor que hay, chucho rataaa"
V3-02325,El día amaneció bien sucio hoy,0,v3_jerga_control,jerga_control|El día amaneció bien {t} hoy,,El día amaneció bien sucio hoy
V3-02326,Puro v4qo el que escribió eso,1,v3_ofensivo_ofuscado,ofensivo_ofuscado|Puro {t} el que escribió eso,Insulto,Puro v4qo el que escribió eso
V3-02327,Ya le pusieron 🔪 precio a ese,3,v3_emoji_clase3,emoji_clase3|emoji_🔪,Individuo,Ya le pusieron :cuchillo_de_cocina: precio a ese
V3-02328,"Hablando pura paja, j*dido",1,v3_ofensivo_ofuscado,"ofensivo_ofuscado|Otra vez vos, {t}",Tono agresivo,"Hablando pura paja, j*dido"
V3-02329,"Ya cállese, ma1tro",1,v3_ofensivo_ofuscado,ofensivo_ofuscado|Mirá al {t} este,Insulto,"Ya cállese, ma1tro"
V3-02330,Los sudacas sobran en este país y nadie lo dice 🐒🇻🇪,2,v3_emoji_clase2,emoji_clase2|emoji_🐒🇻🇪,Latinoamericanos,Los sudacas sobran en este país y nadie lo dice :mono: :bandera_venezuela:
V3-02331,"Qué pereza leerte, ignor4nt3",1,v3_ofensivo_ofuscado,"ofensivo_ofuscado|Qué asco das, {t}",Insulto,"Qué pereza leerte, ignor4nt3"
V3-02332,No respondo si lo llego a reven74r vas a ver,3,v3_amenaza_ofuscada,amenaza_ofuscada|No respondo si lo llego a {v},Amenaza Directa,No respondo si lo llego a reven74r vas a ver
V3-02333,Sos un verg@ y punto,1,v3_ofensivo_ofuscado,"ofensivo_ofuscado|Callate ya, {t}",Palabras obscenas,Sos un verg@ y punto
V3-02334,No quiero ni un argentino cerca de mi familia,2,v3_odio_grupo,odio_grupo|No quiero ni un {gs} cerca de mi familia,Xenofobia,No quiero ni un argentino cerca de mi familia
V3-02335,Sos un bavoso y punto,1,v3_ofensivo_ofuscado,"ofensivo_ofuscado|Sos lo peor que hay, {t}",Insulto,Sos un bavoso y punto
V3-02336,Vamos a t******r a ese maje esperame afuera,3,v3_amenaza_ofuscada,amenaza_ofuscada|Vamos a {v} a ese maje,Amenaza Directa,Vamos a t******r a ese maje esperame afuera
V3-02337,Está tuanis el 🌮 examen de mañana,0,v3_emoji_benigno,emoji_benigno|benigno_🌮,,Está tuanis el :taco: examen de mañana
V3-02338,"Callate ya, mar1con",1,v3_ofensivo_ofuscado,ofensivo_ofuscado|Puro {t} el que escribió eso,Insulto,"Callate ya, mar1con"
V3-02339,Puro imb3kil el que escribió eso,1,v3_ofensivo_ofuscado,"ofensivo_ofuscado|Ya cállese, {t}",Insulto,Puro imb3kil el que escribió eso
V3-02340,"Regresate de donde viniste, inmigrant3",2,v3_odio_ofuscado,"odio_ofuscado|Gente como vos sobra, {t}",Xenofobia,"Regresate de donde viniste, inmigrant3"
V3-02341,"Todos los ancianos sobran en este país, sin excepción 👴👻",2,v3_emoji_clase2,emoji_clase2|emoji_👴👻,Adultos mayores,"Todos los ancianos sobran en este país, sin excepción :anciano: :fantasma:"
V3-02342,No respondo si lo llego a quuuebrar te lo juro,3,v3_amenaza_ofuscada,amenaza_ofuscada|No respondo si lo llego a {v},Amenaza Directa,No respondo si lo llego a quuuebrar te lo juro
V3-02343,"Que se vayan 🐒🇭🇳 los centroamericanos, son mierda",2,v3_emoji_clase2,emoji_clase2|emoji_🐒🇭🇳,Latinoamericanos,"Que se vayan :mono: :bandera_honduras: los centroamericanos, son mierda"
V3-02344,El jura está bien tranquilo hoy 🤝,0,v3_emoji_benigno,emoji_benigno|benigno_🤝,,El jura está bien tranquilo hoy :apretón_de_manos:
V3-02345,"Qué asco das, s*bnormal",1,v3_ofensivo_ofuscado,"ofensivo_ofuscado|Otra vez vos, {t}",Insulto,"Qué asco das, s*bnormal"
V3-02346,"No hablés de lo que no sabés, p1j4",1,v3_ofensivo_ofuscado,"ofensivo_ofuscado|Cerrá el hocico, {t}",Palabras obscenas,"No hablés de lo que no sabés, p1j4"
V3-02347,"Nadie te preguntó, m@ricon",1,v3_ofensivo_ofuscado,"ofensivo_ofuscado|Sos lo peor que hay, {t}",Insulto,"Nadie te preguntó, m@ricon"
V3-02348,"No sabés nada, asquerozo",1,v3_ofensivo_ofuscado,ofensivo_ofuscado|Sos un {t} y punto,Insulto,"No sabés nada, asquerozo"
V3-02349,"Ya cállese, hocico",1,v3_ofensivo_ofuscado,"ofensivo_ofuscado|Eso es lo que sos, un {t}",Insulto,"Ya cállese, hocico"
V3-02350,"Cerrá el hocico, khvco",1,v3_ofensivo_ofuscado,"ofensivo_ofuscado|Andate de aquí, {t}",Insulto,"Cerrá el hocico, khvco"
V3-02351,"caramba, nos vemos el domingo entonces",0,v3_jerga_control,"jerga_control|{t}, nos vemos el domingo entonces",,"caramba, nos vemos el domingo entonces"
V3-02352,Se lo van a cargar 🔪,3,v3_emoji_clase3,emoji_clase3|emoji_🔪,Individuo,Se lo van a cargar :cuchillo_de_cocina:
V3-02353,"Regresate de donde viniste, parasito",2,v3_odio_ofuscado,"odio_ofuscado|Por gente como vos está así el país, {t}",Xenofobia,"Regresate de donde viniste, parasito"
V3-02354,"Gente como vos sobra, p*ndillero",2,v3_odio_ofuscado,"odio_ofuscado|Aquí no te queremos, {t}",Xenofobia,"Gente como vos sobra, p*ndillero"
V3-02355,"Sos lo peor que hay, b3ztia",1,v3_ofensivo_ofuscado,"ofensivo_ofuscado|Qué pereza leerte, {t}",Insulto,"Sos lo peor que hay, b3ztia"
V3-02356,Mirá al khol3ro este,1,v3_ofensivo_ofuscado,"ofensivo_ofuscado|Mejor callate, {t}",Insulto,Mirá al khol3ro este
V3-02357,Mirá al payazo este,1,v3_ofensivo_ofuscado,ofensivo_ofuscado|Ese {t} otra vez,Insulto,Mirá al payazo este
V3-02358,A ese hay que matarlo antes de que siga 🪦,3,v3_emoji_clase3,emoji_clase3|emoji_🪦,Individuo,A ese hay que matarlo antes de que siga :lápida:
V3-02359,"Los haitianos dan asco, así de simple",2,v3_odio_grupo,"odio_grupo|Los {g} {p}, así de simple",Xenofobia,"Los haitianos dan asco, así de simple"
V3-02360,"Lo van a r******r a ese y no es amenaza, es aviso",3,v3_amenaza_ofuscada,amenaza_ofuscada|Lo van a {v} a ese,Amenaza Directa,"Lo van a r******r a ese y no es amenaza, es aviso"
V3-02361,Ojalá lo golpe4ren pronto acordate de esto,3,v3_amenaza_ofuscada,amenaza_ofuscada|Ojalá lo {v}en pronto,Amenaza Directa,Ojalá lo golpe4ren pronto acordate de esto
V3-02362,Uno de estos días lo van a q****r,3,v3_amenaza_ofuscada,amenaza_ofuscada|Uno de estos días lo van a {v},Amenaza Directa,Uno de estos días lo van a q****r
V3-02363,Los peruanos traen unas recetas buenísimas,0,v3_nacionalidad_notoxico,nacionalidad_notoxico|Los {g} traen unas recetas buenísimas,,Los peruanos traen unas recetas buenísimas
V3-02364,Ese maje siempre llega tarde pero llega,0,v3_jerga_notoxico,jerga_notoxico|Ese {t} siempre llega tarde pero llega,,Ese maje siempre llega tarde pero llega
V3-02365,Ese bicho nunca falla cuando se le necesita 🙏,0,v3_emoji_benigno,emoji_benigno|benigno_🙏,,Ese bicho nunca falla cuando se le necesita :manos_en_oración:
V3-02366,Se lo van a llevar los cheros te lo juro,3,v3_amenaza_eufemismo,amenaza_eufemismo|eufemismo_con_cola,Amenaza Implícita,Se lo van a llevar los cheros te lo juro
V3-02367,Mirá al v3rga este,1,v3_ofensivo_ofuscado,"ofensivo_ofuscado|Otra vez vos, {t}",Palabras obscenas,Mirá al v3rga este
V3-02368,"Vaya cerote, nos vemos mañana entonces 🥳",0,v3_emoji_benigno,emoji_benigno|benigno_🥳,,"Vaya cerote, nos vemos mañana entonces :cara_de_fiesta:"
V3-02369,Va a amanecer tieso ese 🔫,3,v3_emoji_clase3,emoji_clase3|emoji_🔫,Individuo,Va a amanecer tieso ese :pistola:
V3-02370,"Ya me hartaste, ma*icon",1,v3_ofensivo_ofuscado,"ofensivo_ofuscado|Sos lo peor que hay, {t}",Insulto,"Ya me hartaste, ma*icon"
V3-02371,"A ese hay que reeeventarlo antes de que siga y no es amenaza, es aviso",3,v3_amenaza_ofuscada,amenaza_ofuscada|A ese hay que {v}lo antes de que siga,Amenaza Directa,"A ese hay que reeeventarlo antes de que siga y no es amenaza, es aviso"
V3-02372,"Gente como vos sobra, ind10",2,v3_odio_ofuscado,"odio_ofuscado|Aquí no te queremos, {t}",Racismo,"Gente como vos sobra, ind10"
V3-02373,"Ya cállese, puta",1,v3_ofensivo_ofuscado,ofensivo_ofuscado|Ese {t} otra vez,Palabras obscenas,"Ya cállese, puta"
V3-02374,Ese cachud otra vez,1,v3_ofensivo_ofuscado,"ofensivo_ofuscado|Mejor callate, {t}",Insulto,Ese cachud otra vez
V3-02375,Vamos a ver al cerote el domingo,0,v3_jerga_notoxico,jerga_notoxico|Vamos a ver al {t} el domingo,,Vamos a ver al cerote el domingo
V3-02376,"exacto, ya se me hizo tarde otra vez",0,v3_jerga_control,"jerga_control|{t}, ya se me hizo tarde otra vez",,"exacto, ya se me hizo tarde otra vez"
V3-02377,Fuera los haitianos de nuestro país,2,v3_odio_grupo,odio_grupo|Fuera los {g} de nuestro país,Xenofobia,Fuera los haitianos de nuestro país
V3-02378,"puchica, ya se me hizo tarde otra vez",0,v3_jerga_notoxico,"jerga_notoxico|{t}, ya se me hizo tarde otra vez",,"puchica, ya se me hizo tarde otra vez"
V3-02379,"Los gordos son puro estorbo, así de simple 🐋",2,v3_emoji_clase2,emoji_clase2|emoji_🐋,Personas con sobrepeso,"Los gordos son puro estorbo, así de simple :ballena:"
V3-02380,"Ojalá te deporten, inmigrantes de mierda",2,v3_odio_ofuscado,"odio_ofuscado|No perteneces aquí, {t}",Xenofobia,"Ojalá te deporten, inmigrantes de mierda"
V3-02381,"Andate de aquí, m4r1con",1,v3_ofensivo_ofuscado,ofensivo_ofuscado|Sos un {t} y punto,Insulto,"Andate de aquí, m4r1con"
V3-02382,Ese rat4 otra vez,1,v3_ofensivo_ofuscado,"ofensivo_ofuscado|Qué {t}, en serio",Insulto,Ese rat4 otra vez
V3-02383,Si lo vuelvo a ver lo voy a fuuusilar anotalo,3,v3_amenaza_ofuscada,amenaza_ofuscada|Si lo vuelvo a ver lo voy a {v},Amenaza Directa,Si lo vuelvo a ver lo voy a fuuusilar anotalo
V3-02384,"🐒🇦🇷 Todos los centroamericanos son basura, sin excepción",2,v3_emoji_clase2,emoji_clase2|emoji_🐒🇦🇷,Latinoamericanos,":mono: :bandera_argentina: Todos los centroamericanos son basura, sin excepción"
V3-02385,"Otra vez vos, chingad0",1,v3_ofensivo_ofuscado,"ofensivo_ofuscado|Callate ya, {t}",Tono agresivo,"Otra vez vos, chingad0"
V3-02386,"Hablando pura paja, prepag",1,v3_ofensivo_ofuscado,"ofensivo_ofuscado|Dejá de escribir, {t}",Insulto,"Hablando pura paja, prepag"
V3-02387,"Eso es lo que sos, un venqanz4",1,v3_ofensivo_ofuscado,"ofensivo_ofuscado|No hablés de lo que no sabés, {t}",nan,"Eso es lo que sos, un venqanz4"
V3-02388,"👴👻 Que se vayan los ancianos, son puro estorbo",2,v3_emoji_clase2,emoji_clase2|emoji_👴👻,Adultos mayores,":anciano: :fantasma: Que se vayan los ancianos, son puro estorbo"
V3-02389,Vamos a qu3m4r a ese maje esperame afuera,3,v3_amenaza_ofuscada,amenaza_ofuscada|Vamos a {v} a ese maje,Amenaza Directa,Vamos a qu3m4r a ese maje esperame afuera
V3-02390,Los haitianos son puro estorbo,2,v3_odio_grupo,odio_grupo|Los {g} {p},Xenofobia,Los haitianos son puro estorbo
V3-02391,"Otra vez vos, trag4ndosela",1,v3_ofensivo_ofuscado,ofensivo_ofuscado|Ese {t} otra vez,Palabras obscenas,"Otra vez vos, trag4ndosela"
V3-02392,"No hablés de lo que no sabés, desprec1able",1,v3_ofensivo_ofuscado,"ofensivo_ofuscado|Cerrá el hocico, {t}",Insulto,"No hablés de lo que no sabés, desprec1able"
V3-02393,Mirá al ching@do este,1,v3_ofensivo_ofuscado,"ofensivo_ofuscado|Andá a trabajar, {t}",Tono agresivo,Mirá al ching@do este
V3-02394,"Cerrá el hocico, pvto",1,v3_ofensivo_ofuscado,"ofensivo_ofuscado|No sabés nada, {t}",Palabras obscenas,"Cerrá el hocico, pvto"
V3-02395,Vamos a ver al bicho el domingo,0,v3_jerga_notoxico,jerga_notoxico|Vamos a ver al {t} el domingo,,Vamos a ver al bicho el domingo
V3-02396,"Mejor callate, chingad",1,v3_ofensivo_ofuscado,ofensivo_ofuscado|Ese {t} otra vez,Tono agresivo,"Mejor callate, chingad"
V3-02397,Te voy ⚱️ a matar,3,v3_emoji_clase3,emoji_clase3|emoji_⚱️,Individuo,Te voy :urna_funeraria: a matar
V3-02398,"Andate de aquí, 1n3pt0",1,v3_ofensivo_ofuscado,"ofensivo_ofuscado|Andá a trabajar, {t}",Insulto,"Andate de aquí, 1n3pt0"
V3-02399,Voy a ir a balearte a tu casa,3,v3_amenaza_ofuscada,amenaza_ofuscada|Voy a ir a {v}te a tu casa,Amenaza Directa,Voy a ir a balearte a tu casa
V3-02400,"No hablés de lo que no sabés, s1nverguenza",1,v3_ofensivo_ofuscado,"ofensivo_ofuscado|Otra vez vos, {t}",Insulto,"No hablés de lo que no sabés, s1nverguenza"
V3-02401,Mirá al c-h-o-l-c-o este,1,v3_ofensivo_ofuscado,ofensivo_ofuscado|Ese {t} otra vez,Insulto,Mirá al c-h-o-l-c-o este
V3-02402,Fuera los mocosos de nuestro país 🍍,2,v3_emoji_clase2,emoji_clase2|emoji_🍍,Menores de edad,Fuera los mocosos de nuestro país :piña:
V3-02403,Puro bvrro el que escribió eso,1,v3_ofensivo_ofuscado,"ofensivo_ofuscado|Nadie te preguntó, {t}",Insulto,Puro bvrro el que escribió eso
V3-02404,Puro d.e.d.o el que escribió eso,1,v3_ofensivo_ofuscado,"ofensivo_ofuscado|Cerrá el hocico, {t}",nan,Puro d.e.d.o el que escribió eso
V3-02405,"Qué venganza, en serio",1,v3_ofensivo_ofuscado,"ofensivo_ofuscado|Otra vez vos, {t}",nan,"Qué venganza, en serio"
V3-02406,Ya son demasiados 🐋 gordos en este país,2,v3_emoji_clase2,emoji_clase2|emoji_🐋,Personas con sobrepeso,Ya son demasiados :ballena: gordos en este país
V3-02407,"No sabés nada, c-a-c-h-u-d-o",1,v3_ofensivo_ofuscado,ofensivo_ofuscado|Puro {t} el que escribió eso,Insulto,"No sabés nada, c-a-c-h-u-d-o"
V3-02408,Ahí le dejo el 💪 chibola que le debía,0,v3_emoji_benigno,emoji_benigno|benigno_💪,,Ahí le dejo el :bíceps_flexionado: chibola que le debía
V3-02409,Le van a pasar factura 🧹,3,v3_emoji_clase3,emoji_clase3|emoji_🧹,Migrantes y grupos étnicos,Le van a pasar factura :escoba:
V3-02410,"Qué f3ri4, en serio",1,v3_ofensivo_ofuscado,"ofensivo_ofuscado|Callate ya, {t}",Insulto,"Qué f3ri4, en serio"
V3-02411,"Sos lo peor que hay, pajeros",1,v3_ofensivo_ofuscado,"ofensivo_ofuscado|Ya cállese, {t}",Palabras obscenas,"Sos lo peor que hay, pajeros"
V3-02412,Ya sabés lo que te puede pasar esperame afuera,3,v3_amenaza_eufemismo,amenaza_eufemismo|eufemismo_con_cola,Amenaza Implícita,Ya sabés lo que te puede pasar esperame afuera
V3-02413,Ya viene el payaso con las pupusas,0,v3_jerga_control,jerga_control|Ya viene el {t} con las pupusas,,Ya viene el payaso con las pupusas
V3-02414,"Qué onda alero, todo bien por allá 🌮",0,v3_emoji_benigno,emoji_benigno|benigno_🌮,,"Qué onda alero, todo bien por allá :taco:"
V3-02415,Ya compré el guaro para el domingo,0,v3_jerga_notoxico,jerga_notoxico|Ya compré el {t} para el domingo,,Ya compré el guaro para el domingo
V3-02416,Te van a g0lpe4r si seguís así vas a ver,3,v3_amenaza_ofuscada,amenaza_ofuscada|Te van a {v} si seguís así,Amenaza Directa,Te van a g0lpe4r si seguís así vas a ver
V3-02417,"Mientras más negros 🥷 llegan, peor está todo",2,v3_emoji_clase2,emoji_clase2|emoji_🥷,Afrodescendientes,"Mientras más negros :ninja: llegan, peor está todo"
V3-02418,Que lo vayan a tortur@r de una vez acordate de esto,3,v3_amenaza_ofuscada,amenaza_ofuscada|Que lo vayan a {v} de una vez,Amenaza Directa,Que lo vayan a tortur@r de una vez acordate de esto
V3-02419,Ya compré el licor para el domingo,0,v3_jerga_control,jerga_control|Ya compré el {t} para el domingo,,Ya compré el licor para el domingo
V3-02420,"Qué asco das, p*sto",1,v3_ofensivo_ofuscado,"ofensivo_ofuscado|No hablés de lo que no sabés, {t}",Insulto,"Qué asco das, p*sto"
V3-02421,Hay que ma7arlos a todos,3,v3_amenaza_ofuscada,amenaza_ofuscada|Hay que {v}los a todos,Amenaza Directa,Hay que ma7arlos a todos
V3-02422,"Por gente como vos está así el país, mej1simio",2,v3_odio_ofuscado,"odio_ofuscado|Aquí no te queremos, {t}",Xenofobia,"Por gente como vos está así el país, mej1simio"
V3-02423,Estudié con dos compañeros colombianos,0,v3_nacionalidad_notoxico,nacionalidad_notoxico|Estudié con dos compañeros {g},,Estudié con dos compañeros colombianos
V3-02424,Fuera los sudacas de nuestro país 🐒🇸🇻,2,v3_emoji_clase2,emoji_clase2|emoji_🐒🇸🇻,Latinoamericanos,Fuera los sudacas de nuestro país :mono: :bandera_el_salvador:
V3-02425,"Eso es lo que sos, un cule",1,v3_ofensivo_ofuscado,"ofensivo_ofuscado|No sabés nada, {t}",Insulto,"Eso es lo que sos, un cule"
V3-02426,"Da asco verte, 1ndio",2,v3_odio_ofuscado,"odio_ofuscado|Gente como vos sobra, {t}",Racismo,"Da asco verte, 1ndio"
V3-02427,"Ya cállese, baboz0",1,v3_ofensivo_ofuscado,"ofensivo_ofuscado|Qué asco das, {t}",Insulto,"Ya cállese, baboz0"
V3-02428,Decile que van a ir a visitarlo esta noche,3,v3_amenaza_eufemismo,amenaza_eufemismo|eufemismo_reportado,Amenaza Implícita,Decile que van a ir a visitarlo esta noche
V3-02429,"Que se vayan los retrasados, sobran en este país 🧠🚫",2,v3_emoji_clase2,emoji_clase2|emoji_🧠🚫,Personas con discapacidad intelectual,"Que se vayan los retrasados, sobran en este país :cerebro: :prohibido:"
V3-02430,"Nadie te preguntó, tragandozela",1,v3_ofensivo_ofuscado,"ofensivo_ofuscado|No hablés de lo que no sabés, {t}",Palabras obscenas,"Nadie te preguntó, tragandozela"
V3-02431,"Feliz cumpleaños, que la pases bonito 🙏",0,v3_emoji_benigno,emoji_benigno|benigno_🙏,,"Feliz cumpleaños, que la pases bonito :manos_en_oración:"
V3-02432,Voy a ir a quem@rte a tu casa esperame afuera,3,v3_amenaza_ofuscada,amenaza_ofuscada|Voy a ir a {v}te a tu casa,Amenaza Directa,Voy a ir a quem@rte a tu casa esperame afuera
V3-02433,Los judíos son una plaga 🧃,2,v3_emoji_clase2,emoji_clase2|emoji_🧃,Judíos,Los judíos son una plaga :tetrabrik:
V3-02434,Alguien debería golp3ar a ese tipo esperame afuera,3,v3_amenaza_ofuscada,amenaza_ofuscada|Alguien debería {v} a ese tipo,Amenaza Directa,Alguien debería golp3ar a ese tipo esperame afuera
V3-02435,"Eso es lo que sos, un vayvnco",1,v3_ofensivo_ofuscado,ofensivo_ofuscado|Ese {t} otra vez,Insulto,"Eso es lo que sos, un vayvnco"
V3-02436,"Otra vez vos, m*ldito",1,v3_ofensivo_ofuscado,"ofensivo_ofuscado|Mejor callate, {t}",Tono agresivo,"Otra vez vos, m*ldito"
V3-02437,"No sabés nada, h1juepvta",1,v3_ofensivo_ofuscado,"ofensivo_ofuscado|Ya me hartaste, {t}",Insulto,"No sabés nada, h1juepvta"
V3-02438,"Que se vayan los negros, sobran en este país 🦶",2,v3_emoji_clase2,emoji_clase2|emoji_🦶,Personas racializadas,"Que se vayan los negros, sobran en este país :pie:"
V3-02439,"No perteneces aquí, marera",2,v3_odio_ofuscado,"odio_ofuscado|Por gente como vos está así el país, {t}",Xenofobia,"No perteneces aquí, marera"
V3-02440,Me gusta mucho la música de los indígenas,0,v3_nacionalidad_notoxico,nacionalidad_notoxico|Me gusta mucho la música de los {g},,Me gusta mucho la música de los indígenas
V3-02441,Ese b4yvnco otra vez,1,v3_ofensivo_ofuscado,"ofensivo_ofuscado|Eso es lo que sos, un {t}",Insulto,Ese b4yvnco otra vez
V3-02442,Dejame el pelota sobre la mesa,0,v3_jerga_control,jerga_control|Dejame el {t} sobre la mesa,,Dejame el pelota sobre la mesa
V3-02443,"Qué pereza leerte, kip0te",1,v3_ofensivo_ofuscado,ofensivo_ofuscado|Sos un {t} y punto,Palabras obscenas,"Qué pereza leerte, kip0te"
V3-02444,Con un mexicano no se puede razonar,2,v3_odio_grupo,odio_grupo|Con un {gs} no se puede razonar,Xenofobia,Con un mexicano no se puede razonar
V3-02445,"Andate de aquí, pendej",1,v3_ofensivo_ofuscado,"ofensivo_ofuscado|Me da igual lo que digas, {t}",Insulto,"Andate de aquí, pendej"
V3-02446,La comida de los haitianos está buenísima,0,v3_nacionalidad_notoxico,nacionalidad_notoxico|La comida de los {g} está buenísima,,La comida de los haitianos está buenísima
V3-02447,El concierto estuvo increíble 🎂,0,v3_emoji_benigno,emoji_benigno|benigno_🎂,,El concierto estuvo increíble :tarta_de_cumpleaños:
V3-02448,Mañana tengo chamba desde temprano,0,v3_jerga_notoxico,jerga_notoxico|Mañana tengo {t} desde temprano,,Mañana tengo chamba desde temprano
V3-02449,"Todos los guatemaltecos no son gente, sin excepción",2,v3_odio_grupo,"odio_grupo|Todos los {g} {p}, sin excepción",Xenofobia,"Todos los guatemaltecos no son gente, sin excepción"
V3-02450,Hay que matarlos a todos 🧹👷,3,v3_emoji_clase3,emoji_clase3|emoji_🧹👷,Migrantes y grupos étnicos,Hay que matarlos a todos :escoba: :profesional_de_la_construcción:
V3-02451,"Todo bien con el bayunco, no hay pleito 🥳",0,v3_emoji_benigno,emoji_benigno|benigno_🥳,,"Todo bien con el bayunco, no hay pleito :cara_de_fiesta:"
V3-02452,"🐒🇪🇨 Todos los latinos dan asco, sin excepción",2,v3_emoji_clase2,emoji_clase2|emoji_🐒🇪🇨,Latinoamericanos,":mono: :bandera_ecuador: Todos los latinos dan asco, sin excepción"
V3-02453,"Dejá de escribir, desv3rgu3",1,v3_ofensivo_ofuscado,"ofensivo_ofuscado|Me da igual lo que digas, {t}",Tono agresivo,"Dejá de escribir, desv3rgu3"
V3-02454,"Mientras más guatemaltecos llegan, peor está todo",2,v3_odio_grupo,"odio_grupo|Mientras más {g} llegan, peor está todo",Xenofobia,"Mientras más guatemaltecos llegan, peor está todo"
V3-02455,Nos vemos mañana en la reunión 😂,0,v3_emoji_benigno,emoji_benigno|benigno_😂,,Nos vemos mañana en la reunión :cara_llorando_de_risa:
V3-02456,Uno de estos días lo van a matar esperame afuera,3,v3_amenaza_ofuscada,amenaza_ofuscada|Uno de estos días lo van a {v},Amenaza Directa,Uno de estos días lo van a matar esperame afuera
V3-02457,Ese perro me cae bien la verdad,0,v3_jerga_control,jerga_control|Ese {t} me cae bien la verdad,,Ese perro me cae bien la verdad
V3-02458,"Nadie te preguntó, vazura",1,v3_ofensivo_ofuscado,"ofensivo_ofuscado|Qué pereza leerte, {t}",Insulto,"Nadie te preguntó, vazura"
V3-02459,"Ya cállese, mi*o",1,v3_ofensivo_ofuscado,"ofensivo_ofuscado|Ya me hartaste, {t}",Palabras obscenas,"Ya cállese, mi*o"
V3-02460,"Sos lo peor que hay, ho*ico",1,v3_ofensivo_ofuscado,"ofensivo_ofuscado|Volvé cuando aprendás, {t}",Insulto,"Sos lo peor que hay, ho*ico"
V3-02461,A ese hay que tortur@rlo antes de que siga vas a ver,3,v3_amenaza_ofuscada,amenaza_ofuscada|A ese hay que {v}lo antes de que siga,Amenaza Directa,A ese hay que tortur@rlo antes de que siga vas a ver
V3-02462,"Me dan ganas de tortur@rlo y no es amenaza, es aviso",3,v3_amenaza_ofuscada,amenaza_ofuscada|Me dan ganas de {v}lo,Amenaza Directa,"Me dan ganas de tortur@rlo y no es amenaza, es aviso"
V3-02463,Ojalá lo fus1laren pronto esperame afuera,3,v3_amenaza_ofuscada,amenaza_ofuscada|Ojalá lo {v}en pronto,Amenaza Directa,Ojalá lo fus1laren pronto esperame afuera
V3-02464,"Volvé cuando aprendás, pa*ero",1,v3_ofensivo_ofuscado,ofensivo_ofuscado|Mirá al {t} este,Palabras obscenas,"Volvé cuando aprendás, pa*ero"
V3-02465,Voy a ir a m.a.t.a.rte a tu casa ya vas a ver,3,v3_amenaza_ofuscada,amenaza_ofuscada|Voy a ir a {v}te a tu casa,Amenaza Directa,Voy a ir a m.a.t.a.rte a tu casa ya vas a ver
V3-02466,Ojalá lo r.e.v.e.n.t.a.ren pronto te lo juro,3,v3_amenaza_ofuscada,amenaza_ofuscada|Ojalá lo {v}en pronto,Amenaza Directa,Ojalá lo r.e.v.e.n.t.a.ren pronto te lo juro
V3-02467,Un haitiano siempre va a ser un problema,2,v3_odio_grupo,odio_grupo|Un {gs} siempre va a ser un problema,Xenofobia,Un haitiano siempre va a ser un problema
V3-02468,"Ya me hartaste, mald!to",1,v3_ofensivo_ofuscado,"ofensivo_ofuscado|Mejor callate, {t}",Tono agresivo,"Ya me hartaste, mald!to"
V3-02469,Ya son demasiados ancianos en este país 👴💀,2,v3_emoji_clase2,emoji_clase2|emoji_👴💀,Adultos mayores,Ya son demasiados ancianos en este país :anciano: :calavera:
V3-02470,"Hablando pura paja, cerot3",1,v3_ofensivo_ofuscado,"ofensivo_ofuscado|Hablando pura paja, {t}",Insulto,"Hablando pura paja, cerot3"
V3-02471,"No seás tacaño, pagá la cuenta vos",0,v3_jerga_control,"jerga_control|No seás {t}, pagá la cuenta vos",,"No seás tacaño, pagá la cuenta vos"
V3-02472,Los muertos de hambre son una plaga 🐶,2,v3_emoji_clase2,emoji_clase2|emoji_🐶,Personas en situación de pobreza,Los muertos de hambre son una plaga :cara_de_perro:
V3-02473,"Andate a tu país, c*che",2,v3_odio_ofuscado,"odio_ofuscado|No perteneces aquí, {t}",Homofobia,"Andate a tu país, c*che"
V3-02474,Ese jura nunca falla cuando se le necesita,0,v3_jerga_notoxico,jerga_notoxico|Ese {t} nunca falla cuando se le necesita,,Ese jura nunca falla cuando se le necesita
V3-02475,"cabal, se me pasó la hora de la cita",0,v3_jerga_notoxico,"jerga_notoxico|{t}, se me pasó la hora de la cita",,"cabal, se me pasó la hora de la cita"
V3-02476,"Ya me hartaste, sinverguensa",1,v3_ofensivo_ofuscado,"ofensivo_ofuscado|Otra vez vos, {t}",Insulto,"Ya me hartaste, sinverguensa"
V3-02477,"Andate de aquí, jura o5ico",1,v3_jerga_ofensivo,"jerga_ofensivo|Andate de aquí, {t}",Insulto Directo,"Andate de aquí, jura o5ico"
V3-02478,Que lo vayan a c****r de una vez te lo juro,3,v3_amenaza_ofuscada,amenaza_ofuscada|Que lo vayan a {v} de una vez,Amenaza Directa,Que lo vayan a c****r de una vez te lo juro
V3-02479,"Aquí no te queremos, khapiadora",2,v3_odio_ofuscado,"odio_ofuscado|Regresate de donde viniste, {t}",Sexismo,"Aquí no te queremos, khapiadora"
V3-02480,"Por gente como vos está así el país, cu*he",2,v3_odio_ofuscado,"odio_ofuscado|Andate a tu país, {t}",Homofobia,"Por gente como vos está así el país, cu*he"
V3-02481,"Que se vayan los sudacas, son puro estorbo 🐒🇲🇽",2,v3_emoji_clase2,emoji_clase2|emoji_🐒🇲🇽,Latinoamericanos,"Que se vayan los sudacas, son puro estorbo :mono: :bandera_méxico:"
V3-02482,Se me olvidó el pisto en la casa,0,v3_jerga_notoxico,jerga_notoxico|Se me olvidó el {t} en la casa,,Se me olvidó el pisto en la casa
V3-02483,A ese ya le tienen el cajón listo,3,v3_amenaza_eufemismo,amenaza_eufemismo|eufemismo_simple,Amenaza Implícita,A ese ya le tienen el cajón listo
V3-02484,"Qué asco das, b.r.u.t.i.c.o",1,v3_ofensivo_ofuscado,"ofensivo_ofuscado|Me da igual lo que digas, {t}",Insulto,"Qué asco das, b.r.u.t.i.c.o"
V3-02485,Un guatemalteco siempre va a ser un problema,2,v3_odio_grupo,odio_grupo|Un {gs} siempre va a ser un problema,Xenofobia,Un guatemalteco siempre va a ser un problema
V3-02486,Vinieron unos venezolanos a la actividad,0,v3_nacionalidad_notoxico,nacionalidad_notoxico|Vinieron unos {g} a la actividad,,Vinieron unos venezolanos a la actividad
V3-02487,"Los indios son 👨‍🌾🐒 escoria, así de simple",2,v3_emoji_clase2,emoji_clase2|emoji_👨‍🌾🐒,Pueblos indígenas,"Los indios son :hombre: :espiga_de_arroz: :mono: escoria, así de simple"
V3-02488,Vamos a g*****r a ese maje acordate de esto,3,v3_amenaza_ofuscada,amenaza_ofuscada|Vamos a {v} a ese maje,Amenaza Directa,Vamos a g*****r a ese maje acordate de esto
V3-02489,"Todos los migrantes son puro estorbo, sin excepción 🐁",2,v3_emoji_clase2,emoji_clase2|emoji_🐁,Migrantes y personas empobrecidas,"Todos los migrantes son puro estorbo, sin excepción :ratón:"
V3-02490,"Eso es lo que sos, un cr0t3",1,v3_ofensivo_ofuscado,"ofensivo_ofuscado|Andá a trabajar, {t}",Insulto,"Eso es lo que sos, un cr0t3"
V3-02491,Si lo vuelvo a ver lo voy a liiinchar,3,v3_amenaza_ofuscada,amenaza_ofuscada|Si lo vuelvo a ver lo voy a {v},Amenaza Directa,Si lo vuelvo a ver lo voy a liiinchar
V3-02492,"Me da igual lo que digas, cur$o",1,v3_ofensivo_ofuscado,"ofensivo_ofuscado|Mejor callate, {t}",nan,"Me da igual lo que digas, cur$o"
V3-02493,"Por gente como vos está así el país, chapi4dora",2,v3_odio_ofuscado,"odio_ofuscado|Por gente como vos está así el país, {t}",Sexismo,"Por gente como vos está así el país, chapi4dora"
V3-02494,"Todos los judíos son mierda, sin excepción 🧃",2,v3_emoji_clase2,emoji_clase2|emoji_🧃,Judíos,"Todos los judíos son mierda, sin excepción :tetrabrik:"
V3-02495,"Dejá de escribir, pazmad0 🇺🇸🦅💩",1,v3_emoji_clase1,emoji_clase1|emoji_🇺🇸🦅💩,Estadounidenses,"Dejá de escribir, pazmad0 :bandera_estados_unidos: :águila: :caca_con_ojos:"
V3-02496,Sos un cvles y punto,1,v3_ofensivo_ofuscado,"ofensivo_ofuscado|Qué pereza leerte, {t}",Palabras obscenas,Sos un cvles y punto
V3-02497,"Hay que l1nch4rlos a todos y no es amenaza, es aviso",3,v3_amenaza_ofuscada,amenaza_ofuscada|Hay que {v}los a todos,Amenaza Directa,"Hay que l1nch4rlos a todos y no es amenaza, es aviso"
V3-02498,Sos un p4ja y punto 🧟,1,v3_emoji_clase1,emoji_clase1|emoji_🧟,Colectivo político,Sos un p4ja y punto :zombi:
V3-02499,"Odio a los haitianos, son basura",2,v3_odio_grupo,"odio_grupo|Odio a los {g}, {p}",Xenofobia,"Odio a los haitianos, son basura"
V3-02500,🌟 Nos vemos mañana en la reunión,0,v3_emoji_benigno,emoji_benigno|benigno_🌟,,:estrella_brillante: Nos vemos mañana en la reunión
V3-02501,Voy a ir a t******rte a tu casa te lo juro,3,v3_amenaza_ofuscada,amenaza_ofuscada|Voy a ir a {v}te a tu casa,Amenaza Directa,Voy a ir a t******rte a tu casa te lo juro
V3-02502,El equipo de los mexicanos jugó limpio,0,v3_nacionalidad_notoxico,nacionalidad_notoxico|El equipo de los {g} jugó limpio,,El equipo de los mexicanos jugó limpio
V3-02503,"Volvé cuando aprendás, c1pote",1,v3_ofensivo_ofuscado,ofensivo_ofuscado|Mirá al {t} este,Palabras obscenas,"Volvé cuando aprendás, c1pote"
V3-02504,Mirá al sinvergvenza este,1,v3_ofensivo_ofuscado,ofensivo_ofuscado|Ese {t} otra vez,Insulto,Mirá al sinvergvenza este
V3-02505,"No hablés de lo que no sabés, ca*hudo",1,v3_ofensivo_ofuscado,"ofensivo_ofuscado|Volvé cuando aprendás, {t}",Insulto,"No hablés de lo que no sabés, ca*hudo"
V3-02506,"No sabés nada, hdp",1,v3_ofensivo_ofuscado,"ofensivo_ofuscado|Hablando pura paja, {t}",Insulto,"No sabés nada, hdp"
V3-02507,Está yuca el examen de mañana,0,v3_jerga_notoxico,jerga_notoxico|Está {t} el examen de mañana,,Está yuca el examen de mañana
V3-02508,Los guatemaltecos juegan muy bien al fútbol,0,v3_nacionalidad_notoxico,nacionalidad_notoxico|Los {g} juegan muy bien al fútbol,,Los guatemaltecos juegan muy bien al fútbol
V3-02509,Sos un escobas calendarios y punto,1,v3_ofensivo_ofuscado,"ofensivo_ofuscado|Sos lo peor que hay, {t}",Insulto,Sos un escobas calendarios y punto
V3-02510,"No hablés de lo que no sabés, basura",1,v3_ofensivo_ofuscado,ofensivo_ofuscado|Ese {t} otra vez,Insulto,"No hablés de lo que no sabés, basura"
V3-02511,"exacto, qué bonito amaneció hoy",0,v3_jerga_control,"jerga_control|{t}, qué bonito amaneció hoy",,"exacto, qué bonito amaneció hoy"
V3-02512,Me gusta mucho la música de los argentinos,0,v3_nacionalidad_notoxico,nacionalidad_notoxico|Me gusta mucho la música de los {g},,Me gusta mucho la música de los argentinos
V3-02513,Lo van a reeeventar a ese ya vas a ver,3,v3_amenaza_ofuscada,amenaza_ofuscada|Lo van a {v} a ese,Amenaza Directa,Lo van a reeeventar a ese ya vas a ver
V3-02514,"Todos los chinos son basura, sin excepción",2,v3_odio_grupo,"odio_grupo|Todos los {g} {p}, sin excepción",Xenofobia,"Todos los chinos son basura, sin excepción"
V3-02515,"Ya me hartaste, bvrro 🧟",1,v3_emoji_clase1,emoji_clase1|emoji_🧟,Colectivo político,"Ya me hartaste, bvrro :zombi:"
V3-02516,"Aquí no te queremos, nargent1n4",2,v3_odio_ofuscado,"odio_ofuscado|No perteneces aquí, {t}",Xenofobia,"Aquí no te queremos, nargent1n4"
V3-02517,"Qué pereza leerte, chuco",1,v3_ofensivo_ofuscado,"ofensivo_ofuscado|Hablando pura paja, {t}",Insulto,"Qué pereza leerte, chuco"
V3-02518,Uno de estos días lo van a c o l g a r acordate de esto,3,v3_amenaza_ofuscada,amenaza_ofuscada|Uno de estos días lo van a {v},Amenaza Directa,Uno de estos días lo van a c o l g a r acordate de esto
V3-02519,Ya llegamos bien a la casa 🎂,0,v3_emoji_benigno,emoji_benigno|benigno_🎂,,Ya llegamos bien a la casa :tarta_de_cumpleaños:
V3-02520,"Me da igual lo que digas, hijveput4",1,v3_ofensivo_ofuscado,"ofensivo_ofuscado|Nadie te preguntó, {t}",Insulto,"Me da igual lo que digas, hijveput4"
V3-02521,"Me dan ganas de baaalearlo y no es amenaza, es aviso",3,v3_amenaza_ofuscada,amenaza_ofuscada|Me dan ganas de {v}lo,Amenaza Directa,"Me dan ganas de baaalearlo y no es amenaza, es aviso"
V3-02522,"Regresate de donde viniste, pandillera",2,v3_odio_ofuscado,"odio_ofuscado|Regresate de donde viniste, {t}",Xenofobia,"Regresate de donde viniste, pandillera"
V3-02523,"Hablando pura paja, p*to",1,v3_ofensivo_ofuscado,"ofensivo_ofuscado|Eso es lo que sos, un {t}",Palabras obscenas,"Hablando pura paja, p*to"
V3-02524,"Andate a tu país, gorron4",2,v3_odio_ofuscado,"odio_ofuscado|Regresate de donde viniste, {t}",Sexismo,"Andate a tu país, gorron4"
V3-02525,"No sabés nada, ezcobas",1,v3_ofensivo_ofuscado,"ofensivo_ofuscado|Me da igual lo que digas, {t}",Insulto,"No sabés nada, ezcobas"
V3-02526,Qué rico estuvo el almuerzo de hoy 🎂,0,v3_emoji_benigno,emoji_benigno|benigno_🎂,,Qué rico estuvo el almuerzo de hoy :tarta_de_cumpleaños:
V3-02527,El profesor nuevo es peruano,0,v3_nacionalidad_notoxico,nacionalidad_notoxico|El profesor nuevo es {gs},,El profesor nuevo es peruano
V3-02528,Te van a a******r si seguís así vas a ver,3,v3_amenaza_ofuscada,amenaza_ofuscada|Te van a {v} si seguís así,Amenaza Directa,Te van a a******r si seguís así vas a ver
V3-02529,"Vamos a f u s i l a r a ese maje y no es amenaza, es aviso",3,v3_amenaza_ofuscada,amenaza_ofuscada|Vamos a {v} a ese maje,Amenaza Directa,"Vamos a f u s i l a r a ese maje y no es amenaza, es aviso"
V3-02530,🧹👷 A ese ya le tienen el cajón listo,3,v3_emoji_clase3,emoji_clase3|emoji_🧹👷,Migrantes y grupos étnicos,:escoba: :profesional_de_la_construcción: A ese ya le tienen el cajón listo
V3-02531,Los argentinos tienen unas playas preciosas,0,v3_nacionalidad_notoxico,nacionalidad_notoxico|Los {g} tienen unas playas preciosas,,Los argentinos tienen unas playas preciosas
V3-02532,Andá traeme el objeto ese que dejé,0,v3_jerga_control,jerga_control|Andá traeme el {t} ese que dejé,,Andá traeme el objeto ese que dejé
V3-02533,Vamos a ver al payaso el domingo,0,v3_jerga_control,jerga_control|Vamos a ver al {t} el domingo,,Vamos a ver al payaso el domingo
V3-02534,Qué rico estuvo 👏 el almuerzo de hoy,0,v3_emoji_benigno,emoji_benigno|benigno_👏,,Qué rico estuvo :manos_aplaudiendo: el almuerzo de hoy
V3-02535,"No hablés de lo que no sabés, tonta 🇺🇸🦅💩",1,v3_emoji_clase1,emoji_clase1|emoji_🇺🇸🦅💩,Estadounidenses,"No hablés de lo que no sabés, tonta :bandera_estados_unidos: :águila: :caca_con_ojos:"
V3-02536,"Mejor callate, v*rga",1,v3_ofensivo_ofuscado,"ofensivo_ofuscado|Sos lo peor que hay, {t}",Palabras obscenas,"Mejor callate, v*rga"
V3-02537,"Ya me hartaste, b4yunc0",1,v3_ofensivo_ofuscado,ofensivo_ofuscado|Sos un {t} y punto,Insulto,"Ya me hartaste, b4yunc0"
V3-02538,"Hablando pura paja, foka",1,v3_ofensivo_ofuscado,"ofensivo_ofuscado|Mejor callate, {t}",Insulto,"Hablando pura paja, foka"
V3-02539,"Qué pereza leerte, putaaa",1,v3_ofensivo_ofuscado,"ofensivo_ofuscado|Dejá de escribir, {t}",Palabras obscenas,"Qué pereza leerte, putaaa"
V3-02540,Ya compré el bolado para el domingo ❤️,0,v3_emoji_benigno,emoji_benigno|benigno_❤️,,Ya compré el bolado para el domingo :corazón_rojo:
V3-02541,No quiero ni un nicaragüense cerca de mi familia,2,v3_odio_grupo,odio_grupo|No quiero ni un {gs} cerca de mi familia,Xenofobia,No quiero ni un nicaragüense cerca de mi familia
V3-02542,Fuera los pobres de nuestro país 🐶,2,v3_emoji_clase2,emoji_clase2|emoji_🐶,Personas en situación de pobreza,Fuera los pobres de nuestro país :cara_de_perro:
V3-02543,Ojalá lo golp34ren pronto,3,v3_amenaza_ofuscada,amenaza_ofuscada|Ojalá lo {v}en pronto,Amenaza Directa,Ojalá lo golp34ren pronto
V3-02544,"No sabés nada, kholko",1,v3_ofensivo_ofuscado,"ofensivo_ofuscado|Mejor callate, {t}",Insulto,"No sabés nada, kholko"
V3-02545,"Hablando pura paja, verguia",1,v3_ofensivo_ofuscado,"ofensivo_ofuscado|Volvé cuando aprendás, {t}",Palabras obscenas,"Hablando pura paja, verguia"
V3-02546,Mi vecino es indígena y es buena gente,0,v3_nacionalidad_notoxico,nacionalidad_notoxico|Mi vecino es {gs} y es buena gente,,Mi vecino es indígena y es buena gente
V3-02547,Los cubanos sobran en este país,2,v3_odio_grupo,odio_grupo|Los {g} {p},Xenofobia,Los cubanos sobran en este país
V3-02548,Los migrantes son basura 🪲 y nadie lo dice,2,v3_emoji_clase2,emoji_clase2|emoji_🪲,Migrantes y grupos étnicos,Los migrantes son basura :escarabajo: y nadie lo dice
V3-02549,🌑 Los morenos son una plaga y nadie lo dice,2,v3_emoji_clase2,emoji_clase2|emoji_🌑,Personas racializadas,:luna_nueva: Los morenos son una plaga y nadie lo dice
V3-02550,Ya son demasiados negros en este país 🤮🙈,2,v3_emoji_clase2,emoji_clase2|emoji_🤮🙈,Personas racializadas,Ya son demasiados negros en este país :cara_vomitando: :mono_con_los_ojos_tapados:
V3-02551,"Volvé cuando aprendás, brut1co",1,v3_ofensivo_ofuscado,ofensivo_ofuscado|Puro {t} el que escribió eso,Insulto,"Volvé cuando aprendás, brut1co"
V3-02552,La comida de los mexicanos está buenísima,0,v3_nacionalidad_notoxico,nacionalidad_notoxico|La comida de los {g} está buenísima,,La comida de los mexicanos está buenísima
V3-02553,"👏 Todo bien con el jura, no hay pleito",0,v3_emoji_benigno,emoji_benigno|benigno_👏,,":manos_aplaudiendo: Todo bien con el jura, no hay pleito"
V3-02554,"Callate ya, veztia",1,v3_ofensivo_ofuscado,"ofensivo_ofuscado|Ya cállese, {t}",Insulto,"Callate ya, veztia"
V3-02555,"Ojalá te deporten, p4rasitar",2,v3_odio_ofuscado,"odio_ofuscado|Da asco verte, {t}",Xenofobia,"Ojalá te deporten, p4rasitar"
V3-02556,"Ojalá te deporten, i-n-d-i-o",2,v3_odio_ofuscado,"odio_ofuscado|Por gente como vos está así el país, {t}",Racismo,"Ojalá te deporten, i-n-d-i-o"
V3-02557,"Qué pereza leerte, micooo",1,v3_ofensivo_ofuscado,ofensivo_ofuscado|Puro {t} el que escribió eso,Palabras obscenas,"Qué pereza leerte, micooo"
V3-02558,"Qué asco das, bab0so",1,v3_ofensivo_ofuscado,"ofensivo_ofuscado|Qué asco das, {t}",Insulto,"Qué asco das, bab0so"
V3-02559,"Eso es lo que sos, un f4sc1st4",1,v3_ofensivo_ofuscado,ofensivo_ofuscado|Mirá al {t} este,Insulto,"Eso es lo que sos, un f4sc1st4"
V3-02560,Ya quisiera r3v3nt4r a ese maje vas a ver,3,v3_amenaza_ofuscada,amenaza_ofuscada|Ya quisiera {v} a ese maje,Amenaza Directa,Ya quisiera r3v3nt4r a ese maje vas a ver
V3-02561,"Ojalá te deporten, mejis!mio",2,v3_odio_ofuscado,"odio_ofuscado|Andate a tu país, {t}",Xenofobia,"Ojalá te deporten, mejis!mio"
V3-02562,"Qué pereza leerte, p3nd3jo",1,v3_ofensivo_ofuscado,"ofensivo_ofuscado|Dejá de escribir, {t}",Insulto,"Qué pereza leerte, p3nd3jo"
V3-02563,No encuentro el guaro por ningún lado,0,v3_jerga_notoxico,jerga_notoxico|No encuentro el {t} por ningún lado,,No encuentro el guaro por ningún lado
V3-02564,Alguien debería quebr@r a ese tipo acordate de esto,3,v3_amenaza_ofuscada,amenaza_ofuscada|Alguien debería {v} a ese tipo,Amenaza Directa,Alguien debería quebr@r a ese tipo acordate de esto
V3-02565,"Que se vayan los migrantes, no son gente 🚽🧻",2,v3_emoji_clase2,emoji_clase2|emoji_🚽🧻,Migrantes y personas empobrecidas,"Que se vayan los migrantes, no son gente :inodoro: :rollo_de_papel:"
V3-02566,Ya viene el chero con las pupusas 🎉,0,v3_emoji_benigno,emoji_benigno|benigno_🎉,,Ya viene el chero con las pupusas :cañón_de_confeti:
V3-02567,El profesor nuevo es indígena,0,v3_nacionalidad_notoxico,nacionalidad_notoxico|El profesor nuevo es {gs},,El profesor nuevo es indígena
V3-02568,Se ve bonito el paisaje desde aquí 🙏,0,v3_emoji_benigno,emoji_benigno|benigno_🙏,,Se ve bonito el paisaje desde aquí :manos_en_oración:
V3-02569,Ojalá lo cooolgaren pronto acordate de esto,3,v3_amenaza_ofuscada,amenaza_ofuscada|Ojalá lo {v}en pronto,Amenaza Directa,Ojalá lo cooolgaren pronto acordate de esto
V3-02570,El equipo de los nicaragüenses jugó limpio,0,v3_nacionalidad_notoxico,nacionalidad_notoxico|El equipo de los {g} jugó limpio,,El equipo de los nicaragüenses jugó limpio
V3-02571,Me dan ganas de q.u.e.m.a.rlo,3,v3_amenaza_ofuscada,amenaza_ofuscada|Me dan ganas de {v}lo,Amenaza Directa,Me dan ganas de q.u.e.m.a.rlo
V3-02572,"Qué feri4, en serio",1,v3_ofensivo_ofuscado,"ofensivo_ofuscado|Cerrá el hocico, {t}",Insulto,"Qué feri4, en serio"
V3-02573,"Andate a tu país, 1nmiqrante",2,v3_odio_ofuscado,"odio_ofuscado|Aquí no te queremos, {t}",Xenofobia,"Andate a tu país, 1nmiqrante"
V3-02574,"Andate a tu país, marer",2,v3_odio_ofuscado,"odio_ofuscado|Aquí no te queremos, {t}",Xenofobia,"Andate a tu país, marer"
V3-02575,Los hondureños tienen unas playas preciosas,0,v3_nacionalidad_notoxico,nacionalidad_notoxico|Los {g} tienen unas playas preciosas,,Los hondureños tienen unas playas preciosas
V3-02576,"Odio a los peruanos, son basura",2,v3_odio_grupo,"odio_grupo|Odio a los {g}, {p}",Xenofobia,"Odio a los peruanos, son basura"
V3-02577,Le va a llegar su hora ⚰️,3,v3_emoji_clase3,emoji_clase3|emoji_⚰️,Personas enfermas,Le va a llegar su hora :ataúd:
V3-02578,Ese cipote siempre llega tarde pero llega,0,v3_jerga_notoxico,jerga_notoxico|Ese {t} siempre llega tarde pero llega,,Ese cipote siempre llega tarde pero llega
V3-02579,"No jodás más, jo*ido",1,v3_ofensivo_ofuscado,ofensivo_ofuscado|Puro {t} el que escribió eso,Tono agresivo,"No jodás más, jo*ido"
V3-02580,"Mejor callate, culero",1,v3_ofensivo_ofuscado,"ofensivo_ofuscado|Mejor callate, {t}",Insulto,"Mejor callate, culero"
V3-02581,Deberían reventar a todos esos te lo juro,3,v3_amenaza_ofuscada,amenaza_ofuscada|Deberían {v} a todos esos,Amenaza Directa,Deberían reventar a todos esos te lo juro
V3-02582,El chero está 🌟 bien tranquilo hoy,0,v3_emoji_benigno,emoji_benigno|benigno_🌟,,El chero está :estrella_brillante: bien tranquilo hoy
V3-02583,No quiero ni un haitiano cerca de mi familia,2,v3_odio_grupo,odio_grupo|No quiero ni un {gs} cerca de mi familia,Xenofobia,No quiero ni un haitiano cerca de mi familia
V3-02584,Mi vecino es haitiano y es buena gente,0,v3_nacionalidad_notoxico,nacionalidad_notoxico|Mi vecino es {gs} y es buena gente,,Mi vecino es haitiano y es buena gente
V3-02585,Le van a apagar la luz a ese maje vas a ver,3,v3_amenaza_eufemismo,amenaza_eufemismo|eufemismo_con_cola,Amenaza Implícita,Le van a apagar la luz a ese maje vas a ver
V3-02586,"Mejor callate, m-a-m-a-l-a",1,v3_ofensivo_ofuscado,"ofensivo_ofuscado|Qué pereza leerte, {t}",Palabras obscenas,"Mejor callate, m-a-m-a-l-a"
V3-02587,Mi vecino es guatemalteco y es buena gente,0,v3_nacionalidad_notoxico,nacionalidad_notoxico|Mi vecino es {gs} y es buena gente,,Mi vecino es guatemalteco y es buena gente
V3-02588,"Da asco verte, arraztr4da",2,v3_odio_ofuscado,"odio_ofuscado|Ojalá te deporten, {t}",Sexismo,"Da asco verte, arraztr4da"
V3-02589,"Da asco verte, qorron4",2,v3_odio_ofuscado,"odio_ofuscado|Gente como vos sobra, {t}",Sexismo,"Da asco verte, qorron4"
V3-02590,"🐒🇲🇽 Mientras más centroamericanos llegan, peor está todo",2,v3_emoji_clase2,emoji_clase2|emoji_🐒🇲🇽,Latinoamericanos,":mono: :bandera_méxico: Mientras más centroamericanos llegan, peor está todo"
V3-02591,Ya salieron las notas 🤝 y me fue bien,0,v3_emoji_benigno,emoji_benigno|benigno_🤝,,Ya salieron las notas :apretón_de_manos: y me fue bien
V3-02592,Le van a mandar saludos con plomo 💣,3,v3_emoji_clase3,emoji_clase3|emoji_💣,Colectivo,Le van a mandar saludos con plomo :bomba:
V3-02593,"Gente como vos sobra, t3rrorista",2,v3_odio_ofuscado,"odio_ofuscado|Aquí no te queremos, {t}",Xenofobia,"Gente como vos sobra, t3rrorista"
V3-02594,"Otra vez vos, perrro",1,v3_ofensivo_ofuscado,"ofensivo_ofuscado|Qué {t}, en serio",Insulto,"Otra vez vos, perrro"
V3-02595,Hay que ponerlo en 💣 su lugar de una vez,3,v3_emoji_clase3,emoji_clase3|emoji_💣,Colectivo,Hay que ponerlo en :bomba: su lugar de una vez
V3-02596,"Vaya chero, nos vemos mañana entonces",0,v3_jerga_notoxico,"jerga_notoxico|Vaya {t}, nos vemos mañana entonces",,"Vaya chero, nos vemos mañana entonces"
V3-02597,"No hablés de lo que no sabés, med10cre",1,v3_ofensivo_ofuscado,"ofensivo_ofuscado|Qué asco das, {t}",Insulto,"No hablés de lo que no sabés, med10cre"
V3-02598,"Qué pereza 🇺🇸🦅💩 leerte, m-a-i-t-r-o",1,v3_emoji_clase1,emoji_clase1|emoji_🇺🇸🦅💩,Estadounidenses,"Qué pereza :bandera_estados_unidos: :águila: :caca_con_ojos: leerte, m-a-i-t-r-o"
V3-02599,"No hablés de lo que no sabés, eztvpido",1,v3_ofensivo_ofuscado,"ofensivo_ofuscado|Andá a trabajar, {t}",Insulto,"No hablés de lo que no sabés, eztvpido"
V3-02600,Vinieron unos chinos a la actividad,0,v3_nacionalidad_notoxico,nacionalidad_notoxico|Vinieron unos {g} a la actividad,,Vinieron unos chinos a la actividad
V3-02601,Vamos a ver al maje el domingo,0,v3_jerga_notoxico,jerga_notoxico|Vamos a ver al {t} el domingo,,Vamos a ver al maje el domingo
V3-02602,"Vaya pajero, nos vemos mañana entonces",0,v3_jerga_notoxico,"jerga_notoxico|Vaya {t}, nos vemos mañana entonces",,"Vaya pajero, nos vemos mañana entonces"
V3-02603,Uno de estos días lo van a q*****r acordate de esto,3,v3_amenaza_ofuscada,amenaza_ofuscada|Uno de estos días lo van a {v},Amenaza Directa,Uno de estos días lo van a q*****r acordate de esto
V3-02604,Me dan ganas de 7or7urarlo anotalo,3,v3_amenaza_ofuscada,amenaza_ofuscada|Me dan ganas de {v}lo,Amenaza Directa,Me dan ganas de 7or7urarlo anotalo
V3-02605,"Dejá de escribir, escoria del mundo",1,v3_ofensivo_ofuscado,"ofensivo_ofuscado|Callate ya, {t}",Insulto,"Dejá de escribir, escoria del mundo"
V3-02606,Vamos a c0lgar a ese maje esperame afuera,3,v3_amenaza_ofuscada,amenaza_ofuscada|Vamos a {v} a ese maje,Amenaza Directa,Vamos a c0lgar a ese maje esperame afuera
V3-02607,Ya está en la lista ese,3,v3_amenaza_eufemismo,amenaza_eufemismo|eufemismo_simple,Amenaza Implícita,Ya está en la lista ese
V3-02608,Deberían quuuebrar a todos esos esperame afuera,3,v3_amenaza_ofuscada,amenaza_ofuscada|Deberían {v} a todos esos,Amenaza Directa,Deberían quuuebrar a todos esos esperame afuera
V3-02609,Ese payaz0 otra vez,1,v3_ofensivo_ofuscado,ofensivo_ofuscado|Mirá al {t} este,Insulto,Ese payaz0 otra vez
V3-02610,Hay que reeeventarlos a todos esperame afuera,3,v3_amenaza_ofuscada,amenaza_ofuscada|Hay que {v}los a todos,Amenaza Directa,Hay que reeeventarlos a todos esperame afuera
V3-02611,"Odio a los ancianos, sobran en este país 👴💀",2,v3_emoji_clase2,emoji_clase2|emoji_👴💀,Adultos mayores,"Odio a los ancianos, sobran en este país :anciano: :calavera:"
V3-02612,"Qué mald1to, en serio",1,v3_ofensivo_ofuscado,"ofensivo_ofuscado|Qué asco das, {t}",Tono agresivo,"Qué mald1to, en serio"
V3-02613,Dejame el bolado sobre la mesa 😂,0,v3_emoji_benigno,emoji_benigno|benigno_😂,,Dejame el bolado sobre la mesa :cara_llorando_de_risa:
V3-02614,💣 Hay que darles su merecido a esos,3,v3_emoji_clase3,emoji_clase3|emoji_💣,Colectivo,:bomba: Hay que darles su merecido a esos
V3-02615,La comida de los venezolanos está buenísima,0,v3_nacionalidad_notoxico,nacionalidad_notoxico|La comida de los {g} está buenísima,,La comida de los venezolanos está buenísima
V3-02616,La comida de los cubanos está buenísima,0,v3_nacionalidad_notoxico,nacionalidad_notoxico|La comida de los {g} está buenísima,,La comida de los cubanos está buenísima
V3-02617,Hay que fu5ilarlos a todos anotalo,3,v3_amenaza_ofuscada,amenaza_ofuscada|Hay que {v}los a todos,Amenaza Directa,Hay que fu5ilarlos a todos anotalo
V3-02618,Si lo vuelvo a ver lo voy a a.p.u.ñ.a.l.a.r acordate de esto,3,v3_amenaza_ofuscada,amenaza_ofuscada|Si lo vuelvo a ver lo voy a {v},Amenaza Directa,Si lo vuelvo a ver lo voy a a.p.u.ñ.a.l.a.r acordate de esto
V3-02619,"No jodás más, p-i-s-t-o",1,v3_ofensivo_ofuscado,ofensivo_ofuscado|Ese {t} otra vez,Insulto,"No jodás más, p-i-s-t-o"
V3-02620,"Eso es lo que sos, un vasur4",1,v3_ofensivo_ofuscado,"ofensivo_ofuscado|No jodás más, {t}",Insulto,"Eso es lo que sos, un vasur4"
V3-02621,"🧠🚫 Los tarados sobran en este país, así de simple",2,v3_emoji_clase2,emoji_clase2|emoji_🧠🚫,Personas con discapacidad intelectual,":cerebro: :prohibido: Los tarados sobran en este país, así de simple"
V3-02622,"Qué ba*oso, en serio",1,v3_ofensivo_ofuscado,"ofensivo_ofuscado|No jodás más, {t}",Insulto,"Qué ba*oso, en serio"
V3-02623,"Vaya niño, nos vemos mañana entonces",0,v3_jerga_control,"jerga_control|Vaya {t}, nos vemos mañana entonces",,"Vaya niño, nos vemos mañana entonces"
V3-02624,"Odio a los latinos, son puro estorbo 🐒🇦🇷",2,v3_emoji_clase2,emoji_clase2|emoji_🐒🇦🇷,Latinoamericanos,"Odio a los latinos, son puro estorbo :mono: :bandera_argentina:"
V3-02625,"Andate a tu país, g*rrona",2,v3_odio_ofuscado,"odio_ofuscado|Aquí no te queremos, {t}",Sexismo,"Andate a tu país, g*rrona"
V3-02626,Deberían g0lpe4r a todos esos,3,v3_amenaza_ofuscada,amenaza_ofuscada|Deberían {v} a todos esos,Amenaza Directa,Deberían g0lpe4r a todos esos
V3-02627,🔪 Se lo van a llevar los cheros,3,v3_emoji_clase3,emoji_clase3|emoji_🔪,Individuo,:cuchillo_de_cocina: Se lo van a llevar los cheros
V3-02628,Ya son demasiados gordos en este país 🐷,2,v3_emoji_clase2,emoji_clase2|emoji_🐷,Personas con sobrepeso,Ya son demasiados gordos en este país :cara_de_cerdo:
V3-02629,"Que se vayan los centroamericanos, son una plaga 🐒🇪🇨",2,v3_emoji_clase2,emoji_clase2|emoji_🐒🇪🇨,Latinoamericanos,"Que se vayan los centroamericanos, son una plaga :mono: :bandera_ecuador:"
V3-02630,Fuera los argentinos de nuestro país,2,v3_odio_grupo,odio_grupo|Fuera los {g} de nuestro país,Xenofobia,Fuera los argentinos de nuestro país
V3-02631,"No hablés de lo que no sabés, cipote o5ico",1,v3_jerga_ofensivo,"jerga_ofensivo|No hablés de lo que no sabés, {t}",Insulto Directo,"No hablés de lo que no sabés, cipote o5ico"
V3-02632,El día amaneció bien chuco hoy,0,v3_jerga_notoxico,jerga_notoxico|El día amaneció bien {t} hoy,,El día amaneció bien chuco hoy
V3-02633,Sos un v-e-r-g-a-z-o y punto,1,v3_ofensivo_ofuscado,"ofensivo_ofuscado|Andate de aquí, {t}",Palabras obscenas,Sos un v-e-r-g-a-z-o y punto
V3-02634,💣 Hay quien lo está esperando afuera,3,v3_emoji_clase3,emoji_clase3|emoji_💣,Colectivo,:bomba: Hay quien lo está esperando afuera
V3-02635,Mi vecino es argentino y es buena gente,0,v3_nacionalidad_notoxico,nacionalidad_notoxico|Mi vecino es {gs} y es buena gente,,Mi vecino es argentino y es buena gente
V3-02636,Te voy a t o r t u r a r anotalo,3,v3_amenaza_ofuscada,amenaza_ofuscada|Te voy a {v},Amenaza Directa,Te voy a t o r t u r a r anotalo
V3-02637,"Mejor callate, chimvadas",1,v3_ofensivo_ofuscado,"ofensivo_ofuscado|Volvé cuando aprendás, {t}",Palabras obscenas,"Mejor callate, chimvadas"
V3-02638,"No sabés nada, marik0n",1,v3_ofensivo_ofuscado,"ofensivo_ofuscado|Callate ya, {t}",Insulto,"No sabés nada, marik0n"
V3-02639,"Me da igual lo que digas, babosos",1,v3_ofensivo_ofuscado,"ofensivo_ofuscado|Qué pereza leerte, {t}",Insulto,"Me da igual lo que digas, babosos"
V3-02640,Hay que fusil4rlos a todos acordate de esto,3,v3_amenaza_ofuscada,amenaza_ofuscada|Hay que {v}los a todos,Amenaza Directa,Hay que fusil4rlos a todos acordate de esto
V3-02641,Puro mald1t0 el que escribió eso,1,v3_ofensivo_ofuscado,ofensivo_ofuscado|Sos un {t} y punto,Tono agresivo,Puro mald1t0 el que escribió eso
V3-02642,Lo van a matar a ese 💀,3,v3_emoji_clase3,emoji_clase3|emoji_💀,Personas enfermas,Lo van a matar a ese :calavera:
V3-02643,"Volvé cuando aprendás, pe*ro",1,v3_ofensivo_ofuscado,"ofensivo_ofuscado|Cerrá el hocico, {t}",Insulto,"Volvé cuando aprendás, pe*ro"
V3-02644,Hay que darles su merecido a esos te lo juro,3,v3_amenaza_eufemismo,amenaza_eufemismo|eufemismo_con_cola,Amenaza Implícita,Hay que darles su merecido a esos te lo juro
V3-02645,Los hondureños son escoria y nadie lo dice,2,v3_odio_grupo,odio_grupo|Los {g} {p} y nadie lo dice,Xenofobia,Los hondureños son escoria y nadie lo dice
V3-02646,Ya llegamos bien a la casa 🍀,0,v3_emoji_benigno,emoji_benigno|benigno_🍀,,Ya llegamos bien a la casa :trébol_de_cuatro_hojas:
V3-02647,"Que se vayan los peruanos, son mierda",2,v3_odio_grupo,"odio_grupo|Que se vayan los {g}, {p}",Xenofobia,"Que se vayan los peruanos, son mierda"
V3-02648,"Sos lo peor que hay, cvlera",1,v3_ofensivo_ofuscado,"ofensivo_ofuscado|Hablando pura paja, {t}",Insulto,"Sos lo peor que hay, cvlera"
V3-02649,Uno de estos días lo van a matar 💀,3,v3_emoji_clase3,emoji_clase3|emoji_💀,Personas enfermas,Uno de estos días lo van a matar :calavera:
V3-02650,"No jodás más, tragar0n",1,v3_ofensivo_ofuscado,"ofensivo_ofuscado|Qué asco das, {t}",nan,"No jodás más, tragar0n"
V3-02651,"No perteneces aquí, mejizimio",2,v3_odio_ofuscado,"odio_ofuscado|Ojalá te deporten, {t}",Xenofobia,"No perteneces aquí, mejizimio"
V3-02652,"Andate a tu país, m4rer0",2,v3_odio_ofuscado,"odio_ofuscado|Da asco verte, {t}",Xenofobia,"Andate a tu país, m4rer0"
V3-02653,"Los morenos no son gente, así de simple 🤮🙈",2,v3_emoji_clase2,emoji_clase2|emoji_🤮🙈,Personas racializadas,"Los morenos no son gente, así de simple :cara_vomitando: :mono_con_los_ojos_tapados:"
V3-02654,Qué bueno que ya te sentís mejor 😊,0,v3_emoji_benigno,emoji_benigno|benigno_😊,,Qué bueno que ya te sentís mejor :cara_feliz_con_ojos_sonrientes:
V3-02655,A ese hay que colgarlo antes de que siga acordate de esto,3,v3_amenaza_ofuscada,amenaza_ofuscada|A ese hay que {v}lo antes de que siga,Amenaza Directa,A ese hay que colgarlo antes de que siga acordate de esto
V3-02656,Con gusto lo quebr4rría yo mismo ya vas a ver,3,v3_amenaza_ofuscada,amenaza_ofuscada|Con gusto lo {v}ría yo mismo,Amenaza Directa,Con gusto lo quebr4rría yo mismo ya vas a ver
V3-02657,"Qué onda bayunco, todo bien por allá",0,v3_jerga_notoxico,"jerga_notoxico|Qué onda {t}, todo bien por allá",,"Qué onda bayunco, todo bien por allá"
V3-02658,Ya compré el pisto para el domingo 😊,0,v3_emoji_benigno,emoji_benigno|benigno_😊,,Ya compré el pisto para el domingo :cara_feliz_con_ojos_sonrientes:
V3-02659,"Andate de aquí, p4sm4do",1,v3_ofensivo_ofuscado,"ofensivo_ofuscado|Qué pereza leerte, {t}",Insulto,"Andate de aquí, p4sm4do"
V3-02660,"Volvé cuando aprendás, best1a",1,v3_ofensivo_ofuscado,"ofensivo_ofuscado|Eso es lo que sos, un {t}",Insulto,"Volvé cuando aprendás, best1a"
V3-02661,Un mexicano siempre va a ser un problema,2,v3_odio_grupo,odio_grupo|Un {gs} siempre va a ser un problema,Xenofobia,Un mexicano siempre va a ser un problema
V3-02662,El profesor nuevo es mexicano,0,v3_nacionalidad_notoxico,nacionalidad_notoxico|El profesor nuevo es {gs},,El profesor nuevo es mexicano
V3-02663,Conocí a un haitiano muy amable ayer,0,v3_nacionalidad_notoxico,nacionalidad_notoxico|Conocí a un {gs} muy amable ayer,,Conocí a un haitiano muy amable ayer
V3-02664,"Los argentinos son una plaga, así de simple",2,v3_odio_grupo,"odio_grupo|Los {g} {p}, así de simple",Xenofobia,"Los argentinos son una plaga, así de simple"
V3-02665,Los sudacas son escoria y nadie lo dice 🐒🇭🇳,2,v3_emoji_clase2,emoji_clase2|emoji_🐒🇭🇳,Latinoamericanos,Los sudacas son escoria y nadie lo dice :mono: :bandera_honduras:
V3-02666,Los negros sobran en este 🤮🙈 país y nadie lo dice,2,v3_emoji_clase2,emoji_clase2|emoji_🤮🙈,Personas racializadas,Los negros sobran en este :cara_vomitando: :mono_con_los_ojos_tapados: país y nadie lo dice
V3-02667,Andá traeme el chibola ese que dejé,0,v3_jerga_notoxico,jerga_notoxico|Andá traeme el {t} ese que dejé,,Andá traeme el chibola ese que dejé
V3-02668,"No sabés nada, escoba5",1,v3_ofensivo_ofuscado,"ofensivo_ofuscado|Ya cállese, {t}",Insulto,"No sabés nada, escoba5"
V3-02669,Los migrantes son una plaga y nadie lo dice 🐀,2,v3_emoji_clase2,emoji_clase2|emoji_🐀,Migrantes y personas empobrecidas,Los migrantes son una plaga y nadie lo dice :rata:
V3-02670,"Mientras más haitianos llegan, peor está todo",2,v3_odio_grupo,"odio_grupo|Mientras más {g} llegan, peor está todo",Xenofobia,"Mientras más haitianos llegan, peor está todo"
V3-02671,"Los sudacas son mierda, así de simple 🐒",2,v3_emoji_clase2,emoji_clase2|emoji_🐒,Latinoamericanos,"Los sudacas son mierda, así de simple :mono:"
V3-02672,Ya sabés lo que te puede pasar acordate de esto,3,v3_amenaza_eufemismo,amenaza_eufemismo|eufemismo_con_cola,Amenaza Implícita,Ya sabés lo que te puede pasar acordate de esto
V3-02673,Está tuanis el examen de mañana,0,v3_jerga_notoxico,jerga_notoxico|Está {t} el examen de mañana,,Está tuanis el examen de mañana
V3-02674,Fuera los pobres de nuestro país 🐕,2,v3_emoji_clase2,emoji_clase2|emoji_🐕,Personas en situación de pobreza,Fuera los pobres de nuestro país :perro:
V3-02675,Puro dezm4dre el que escribió eso,1,v3_ofensivo_ofuscado,"ofensivo_ofuscado|Cerrá el hocico, {t}",Tono agresivo,Puro dezm4dre el que escribió eso
V3-02676,"Ojalá te deporten, valieron verqa",2,v3_odio_ofuscado,"odio_ofuscado|Gente como vos sobra, {t}",Xenofobia,"Ojalá te deporten, valieron verqa"
V3-02677,Ese c!pote otra vez,1,v3_ofensivo_ofuscado,ofensivo_ofuscado|Sos un {t} y punto,Palabras obscenas,Ese c!pote otra vez
V3-02678,Le tienen 💀 el traje listo,3,v3_emoji_clase3,emoji_clase3|emoji_💀,Personas enfermas,Le tienen :calavera: el traje listo
V3-02679,Estudié con dos compañeros haitianos,0,v3_nacionalidad_notoxico,nacionalidad_notoxico|Estudié con dos compañeros {g},,Estudié con dos compañeros haitianos
V3-02680,"Mientras más judíos llegan, peor está todo 🇮🇱🤢",2,v3_emoji_clase2,emoji_clase2|emoji_🇮🇱🤢,Judíos e israelíes,"Mientras más judíos llegan, peor está todo :bandera_israel: :cara_de_náuseas:"
V3-02681,Lo van a 7or7ur4r a ese anotalo,3,v3_amenaza_ofuscada,amenaza_ofuscada|Lo van a {v} a ese,Amenaza Directa,Lo van a 7or7ur4r a ese anotalo
V3-02682,"Andate a tu país, cuch3",2,v3_odio_ofuscado,"odio_ofuscado|Andate a tu país, {t}",Homofobia,"Andate a tu país, cuch3"
V3-02683,Ese payaso me cae bien la verdad,0,v3_jerga_control,jerga_control|Ese {t} me cae bien la verdad,,Ese payaso me cae bien la verdad
V3-02684,No quiero ni un guatemalteco cerca de mi familia,2,v3_odio_grupo,odio_grupo|No quiero ni un {gs} cerca de mi familia,Xenofobia,No quiero ni un guatemalteco cerca de mi familia
V3-02685,"Cerrá el hocico, ch!ngado",1,v3_ofensivo_ofuscado,"ofensivo_ofuscado|Qué asco das, {t}",Tono agresivo,"Cerrá el hocico, ch!ngado"
V3-02686,"Que se vayan los negros, sobran en este país 🤮🙈",2,v3_emoji_clase2,emoji_clase2|emoji_🤮🙈,Personas racializadas,"Que se vayan los negros, sobran en este país :cara_vomitando: :mono_con_los_ojos_tapados:"
V3-02687,"Regresate de donde viniste, pand1llero",2,v3_odio_ofuscado,"odio_ofuscado|Da asco verte, {t}",Xenofobia,"Regresate de donde viniste, pand1llero"
V3-02688,Alguien debería r3v3ntar a ese tipo vas a ver,3,v3_amenaza_ofuscada,amenaza_ofuscada|Alguien debería {v} a ese tipo,Amenaza Directa,Alguien debería r3v3ntar a ese tipo vas a ver
V3-02689,"Andate a tu país, g0rr0n4",2,v3_odio_ofuscado,"odio_ofuscado|Andate a tu país, {t}",Sexismo,"Andate a tu país, g0rr0n4"
V3-02690,Trabajo con un argentino muy responsable,0,v3_nacionalidad_notoxico,nacionalidad_notoxico|Trabajo con un {gs} muy responsable,,Trabajo con un argentino muy responsable
V3-02691,"Los indígenas son mierda, así de simple 👨‍🌾🐒",2,v3_emoji_clase2,emoji_clase2|emoji_👨‍🌾🐒,Pueblos indígenas,"Los indígenas son mierda, así de simple :hombre: :espiga_de_arroz: :mono:"
V3-02692,Ojalá lo partiren pronto ya vas a ver,3,v3_amenaza_ofuscada,amenaza_ofuscada|Ojalá lo {v}en pronto,Amenaza Directa,Ojalá lo partiren pronto ya vas a ver
V3-02693,Deberían cooolgar a todos esos anotalo,3,v3_amenaza_ofuscada,amenaza_ofuscada|Deberían {v} a todos esos,Amenaza Directa,Deberían cooolgar a todos esos anotalo
V3-02694,"No perteneces aquí, p4nd1ll3r0",2,v3_odio_ofuscado,"odio_ofuscado|Ojalá te deporten, {t}",Xenofobia,"No perteneces aquí, p4nd1ll3r0"
V3-02695,Está difícil el examen de mañana,0,v3_jerga_control,jerga_control|Está {t} el examen de mañana,,Está difícil el examen de mañana
V3-02696,"Da asco verte, inm!grante",2,v3_odio_ofuscado,"odio_ofuscado|Gente como vos sobra, {t}",Xenofobia,"Da asco verte, inm!grante"
V3-02697,"Mientras más indígenas llegan, peor está todo",2,v3_odio_grupo,"odio_grupo|Mientras más {g} llegan, peor está todo",Xenofobia,"Mientras más indígenas llegan, peor está todo"
V3-02698,"🌟 puchica, nos vemos el domingo entonces",0,v3_emoji_benigno,emoji_benigno|benigno_🌟,,":estrella_brillante: puchica, nos vemos el domingo entonces"
V3-02699,"Me da igual lo que digas, c*lero",1,v3_ofensivo_ofuscado,"ofensivo_ofuscado|Sos lo peor que hay, {t}",Insulto,"Me da igual lo que digas, c*lero"
V3-02700,"Da asco verte, par4sitar",2,v3_odio_ofuscado,"odio_ofuscado|Aquí no te queremos, {t}",Xenofobia,"Da asco verte, par4sitar"
V3-02701,"Mejor callate, as*ueroso",1,v3_ofensivo_ofuscado,"ofensivo_ofuscado|Volvé cuando aprendás, {t}",Insulto,"Mejor callate, as*ueroso"
V3-02702,A ese hay que q****rlo antes de que siga,3,v3_amenaza_ofuscada,amenaza_ofuscada|A ese hay que {v}lo antes de que siga,Amenaza Directa,A ese hay que q****rlo antes de que siga
V3-02703,Le van a apagar 🧹👷 la luz a ese maje,3,v3_emoji_clase3,emoji_clase3|emoji_🧹👷,Migrantes y grupos étnicos,Le van a apagar :escoba: :profesional_de_la_construcción: la luz a ese maje
V3-02704,Tengo varios amigos cubanos en el trabajo,0,v3_nacionalidad_notoxico,nacionalidad_notoxico|Tengo varios amigos {g} en el trabajo,,Tengo varios amigos cubanos en el trabajo
V3-02705,"Ojalá te deporten, cvkhe",2,v3_odio_ofuscado,"odio_ofuscado|Gente como vos sobra, {t}",Homofobia,"Ojalá te deporten, cvkhe"
V3-02706,Te van a r******r si seguís así esperame afuera,3,v3_amenaza_ofuscada,amenaza_ofuscada|Te van a {v} si seguís así,Amenaza Directa,Te van a r******r si seguís así esperame afuera
V3-02707,Saludos al maje de mi parte,0,v3_jerga_notoxico,jerga_notoxico|Saludos al {t} de mi parte,,Saludos al maje de mi parte
V3-02708,Mirá al bayunco este,1,v3_ofensivo_ofuscado,ofensivo_ofuscado|Puro {t} el que escribió eso,Insulto,Mirá al bayunco este
V3-02709,El equipo de los chinos jugó limpio,0,v3_nacionalidad_notoxico,nacionalidad_notoxico|El equipo de los {g} jugó limpio,,El equipo de los chinos jugó limpio
V3-02710,"Los tarados son una 🤤 plaga, así de simple",2,v3_emoji_clase2,emoji_clase2|emoji_🤤,Personas con discapacidad intelectual,"Los tarados son una :cara_babeando: plaga, así de simple"
V3-02711,"Regresate de donde viniste, narg3ntina",2,v3_odio_ofuscado,"odio_ofuscado|Da asco verte, {t}",Xenofobia,"Regresate de donde viniste, narg3ntina"
V3-02712,"Todo bien con el chero, no hay pleito",0,v3_jerga_notoxico,"jerga_notoxico|Todo bien con el {t}, no hay pleito",,"Todo bien con el chero, no hay pleito"
V3-02713,"Que se vayan los tarados, no son gente 🧠🚫",2,v3_emoji_clase2,emoji_clase2|emoji_🧠🚫,Personas con discapacidad intelectual,"Que se vayan los tarados, no son gente :cerebro: :prohibido:"
V3-02714,"Todo bien con el chucho, no hay pleito",0,v3_jerga_notoxico,"jerga_notoxico|Todo bien con el {t}, no hay pleito",,"Todo bien con el chucho, no hay pleito"
V3-02715,"Eso es lo que sos, un chinq4do",1,v3_ofensivo_ofuscado,"ofensivo_ofuscado|Andate de aquí, {t}",Tono agresivo,"Eso es lo que sos, un chinq4do"
V3-02716,No encuentro el licor por ningún lado,0,v3_jerga_control,jerga_control|No encuentro el {t} por ningún lado,,No encuentro el licor por ningún lado
V3-02717,Ese chucho es mi mejor amigo desde la escuela 🎂,0,v3_emoji_benigno,emoji_benigno|benigno_🎂,,Ese chucho es mi mejor amigo desde la escuela :tarta_de_cumpleaños:
V3-02718,Ese alero siempre llega tarde pero llega,0,v3_jerga_notoxico,jerga_notoxico|Ese {t} siempre llega tarde pero llega,,Ese alero siempre llega tarde pero llega
V3-02719,"No jodás más, c3r0te",1,v3_ofensivo_ofuscado,"ofensivo_ofuscado|Ya cállese, {t}",Insulto,"No jodás más, c3r0te"
V3-02720,"Todos los muertos de hambre 🐕 son una plaga, sin excepción",2,v3_emoji_clase2,emoji_clase2|emoji_🐕,Personas en situación de pobreza,"Todos los muertos de hambre :perro: son una plaga, sin excepción"
V3-02721,"Qué pereza leerte, ca*a",1,v3_ofensivo_ofuscado,"ofensivo_ofuscado|Qué {t}, en serio",Palabras obscenas,"Qué pereza leerte, ca*a"
V3-02722,Los indígenas son basura y nadie lo dice,2,v3_odio_grupo,odio_grupo|Los {g} {p} y nadie lo dice,Xenofobia,Los indígenas son basura y nadie lo dice
V3-02723,"Mientras más argentinos llegan, peor está todo",2,v3_odio_grupo,"odio_grupo|Mientras más {g} llegan, peor está todo",Xenofobia,"Mientras más argentinos llegan, peor está todo"
V3-02724,Los peruanos sobran en este país y nadie lo dice,2,v3_odio_grupo,odio_grupo|Los {g} {p} y nadie lo dice,Xenofobia,Los peruanos sobran en este país y nadie lo dice
V3-02725,Ya sabés lo que te puede pasar 💀,3,v3_emoji_clase3,emoji_clase3|emoji_💀,Personas enfermas,Ya sabés lo que te puede pasar :calavera:
V3-02726,"Otra vez vos, ch*mbroso",1,v3_ofensivo_ofuscado,"ofensivo_ofuscado|Nadie te preguntó, {t}",Insulto,"Otra vez vos, ch*mbroso"
V3-02727,Un colombiano siempre va a ser un problema,2,v3_odio_grupo,odio_grupo|Un {gs} siempre va a ser un problema,Xenofobia,Un colombiano siempre va a ser un problema
V3-02728,Lo van a m4t4r a ese te lo juro,3,v3_amenaza_ofuscada,amenaza_ofuscada|Lo van a {v} a ese,Amenaza Directa,Lo van a m4t4r a ese te lo juro
V3-02729,"Ojalá te deporten, arraztrad4",2,v3_odio_ofuscado,"odio_ofuscado|Da asco verte, {t}",Sexismo,"Ojalá te deporten, arraztrad4"
V3-02730,"No jodás más, brut1c0",1,v3_ofensivo_ofuscado,"ofensivo_ofuscado|No jodás más, {t}",Insulto,"No jodás más, brut1c0"
V3-02731,Fuera los nicaragüenses de nuestro país,2,v3_odio_grupo,odio_grupo|Fuera los {g} de nuestro país,Xenofobia,Fuera los nicaragüenses de nuestro país
V3-02732,"Que se vayan los 🐁 migrantes, sobran en este país",2,v3_emoji_clase2,emoji_clase2|emoji_🐁,Migrantes y personas empobrecidas,"Que se vayan los :ratón: migrantes, sobran en este país"
V3-02733,Conocí a un argentino muy amable ayer,0,v3_nacionalidad_notoxico,nacionalidad_notoxico|Conocí a un {gs} muy amable ayer,,Conocí a un argentino muy amable ayer
V3-02734,❤️ El concierto estuvo increíble,0,v3_emoji_benigno,emoji_benigno|benigno_❤️,,:corazón_rojo: El concierto estuvo increíble
V3-02735,"Los homosexuales no son gente, así de simple 🏳️‍🌈🤨",2,v3_emoji_clase2,emoji_clase2|emoji_🏳️‍🌈🤨,Personas LGBT,"Los homosexuales no son gente, así de simple :bandera_blanca: :arcoíris: :cara_con_ceja_alzada:"
V3-02736,"No sabés nada, fa$cista",1,v3_ofensivo_ofuscado,"ofensivo_ofuscado|Volvé cuando aprendás, {t}",Insulto,"No sabés nada, fa$cista"
V3-02737,Con un guatemalteco no se puede razonar,2,v3_odio_grupo,odio_grupo|Con un {gs} no se puede razonar,Xenofobia,Con un guatemalteco no se puede razonar
V3-02738,"Dejá de escribir, pijon",1,v3_ofensivo_ofuscado,"ofensivo_ofuscado|Callate ya, {t}",Palabras obscenas,"Dejá de escribir, pijon"
V3-02739,Avisale que a ese ya le tienen el cajón listo,3,v3_amenaza_eufemismo,amenaza_eufemismo|eufemismo_reportado,Amenaza Implícita,Avisale que a ese ya le tienen el cajón listo
V3-02740,"Alguien debería golp34r a ese tipo y no es amenaza, es aviso",3,v3_amenaza_ofuscada,amenaza_ofuscada|Alguien debería {v} a ese tipo,Amenaza Directa,"Alguien debería golp34r a ese tipo y no es amenaza, es aviso"
V3-02741,"Hablando pura paja, ridiculo",1,v3_ofensivo_ofuscado,"ofensivo_ofuscado|Qué asco das, {t}",Insulto,"Hablando pura paja, ridiculo"
V3-02742,"Ojalá te deporten, inmigrante",2,v3_odio_ofuscado,"odio_ofuscado|Gente como vos sobra, {t}",Xenofobia,"Ojalá te deporten, inmigrante"
V3-02743,Sos un p4lom4 y punto,1,v3_ofensivo_ofuscado,"ofensivo_ofuscado|Cerrá el hocico, {t}",Palabras obscenas,Sos un p4lom4 y punto
V3-02744,Lo van a dejar frío,3,v3_amenaza_eufemismo,amenaza_eufemismo|eufemismo_simple,Amenaza Implícita,Lo van a dejar frío
V3-02745,"Los guatemaltecos son una plaga, así de simple",2,v3_odio_grupo,"odio_grupo|Los {g} {p}, así de simple",Xenofobia,"Los guatemaltecos son una plaga, así de simple"
V3-02746,"Gente como vos sobra, parazit4r",2,v3_odio_ofuscado,"odio_ofuscado|No perteneces aquí, {t}",Xenofobia,"Gente como vos sobra, parazit4r"
V3-02747,Los cubanos tienen unas playas preciosas,0,v3_nacionalidad_notoxico,nacionalidad_notoxico|Los {g} tienen unas playas preciosas,,Los cubanos tienen unas playas preciosas
V3-02748,Conocí a un indígena muy amable ayer,0,v3_nacionalidad_notoxico,nacionalidad_notoxico|Conocí a un {gs} muy amable ayer,,Conocí a un indígena muy amable ayer
V3-02749,"Andá a trabajar, har4g4n",1,v3_ofensivo_ofuscado,"ofensivo_ofuscado|Otra vez vos, {t}",Insulto,"Andá a trabajar, har4g4n"
V3-02750,Saludos al pajero de mi parte,0,v3_jerga_notoxico,jerga_notoxico|Saludos al {t} de mi parte,,Saludos al pajero de mi parte
V3-02751,Vinieron unos peruanos a la actividad,0,v3_nacionalidad_notoxico,nacionalidad_notoxico|Vinieron unos {g} a la actividad,,Vinieron unos peruanos a la actividad
V3-02752,"Otra vez vos, burrooo",1,v3_ofensivo_ofuscado,"ofensivo_ofuscado|No jodás más, {t}",Insulto,"Otra vez vos, burrooo"
V3-02753,Puro m-a-r-i-c-o-n el que escribió eso,1,v3_ofensivo_ofuscado,ofensivo_ofuscado|Mirá al {t} este,Insulto,Puro m-a-r-i-c-o-n el que escribió eso
V3-02754,"No hablés de lo que no sabés, kvlo",1,v3_ofensivo_ofuscado,"ofensivo_ofuscado|Nadie te preguntó, {t}",Palabras obscenas,"No hablés de lo que no sabés, kvlo"
V3-02755,"Andá a trabajar, cul3ra",1,v3_ofensivo_ofuscado,"ofensivo_ofuscado|No hablés de lo que no sabés, {t}",Insulto,"Andá a trabajar, cul3ra"
V3-02756,"Regresate de donde viniste, chap!adora",2,v3_odio_ofuscado,"odio_ofuscado|No perteneces aquí, {t}",Sexismo,"Regresate de donde viniste, chap!adora"
V3-02757,"Andate de aquí, hoc!co",1,v3_ofensivo_ofuscado,"ofensivo_ofuscado|Ya cállese, {t}",Insulto,"Andate de aquí, hoc!co"
V3-02758,"Con gusto lo apppuñalarría yo mismo y no es amenaza, es aviso",3,v3_amenaza_ofuscada,amenaza_ofuscada|Con gusto lo {v}ría yo mismo,Amenaza Directa,"Con gusto lo apppuñalarría yo mismo y no es amenaza, es aviso"
V3-02759,Voy a ir a apuñalarte a tu casa esperame afuera,3,v3_amenaza_ofuscada,amenaza_ofuscada|Voy a ir a {v}te a tu casa,Amenaza Directa,Voy a ir a apuñalarte a tu casa esperame afuera
V3-02760,"No hablés de lo que no sabés, p-a-t-a-d-a",1,v3_ofensivo_ofuscado,"ofensivo_ofuscado|Qué pereza leerte, {t}",nan,"No hablés de lo que no sabés, p-a-t-a-d-a"
V3-02761,"Me da igual lo que digas, trag@ron",1,v3_ofensivo_ofuscado,"ofensivo_ofuscado|No hablés de lo que no sabés, {t}",nan,"Me da igual lo que digas, trag@ron"
V3-02762,Ese asqu3roso otra vez,1,v3_ofensivo_ofuscado,"ofensivo_ofuscado|No jodás más, {t}",Insulto,Ese asqu3roso otra vez
V3-02763,Los brutos son mierda y nadie lo dice 😈📕,2,v3_emoji_clase2,emoji_clase2|emoji_😈📕,Personas con baja educación,Los brutos son mierda y nadie lo dice :cara_sonriendo_con_cuernos: :libro_cerrado:
V3-02764,"Me da igual lo que digas, hijueput@",1,v3_ofensivo_ofuscado,"ofensivo_ofuscado|Mejor callate, {t}",Insulto,"Me da igual lo que digas, hijueput@"
V3-02765,"Aquí no te queremos, val!eron verga",2,v3_odio_ofuscado,"odio_ofuscado|No perteneces aquí, {t}",Xenofobia,"Aquí no te queremos, val!eron verga"
V3-02766,"Dejá de escribir, verg",1,v3_ofensivo_ofuscado,"ofensivo_ofuscado|Ya me hartaste, {t}",Palabras obscenas,"Dejá de escribir, verg"
V3-02767,Los chinos son escoria,2,v3_odio_grupo,odio_grupo|Los {g} {p},Xenofobia,Los chinos son escoria
V3-02768,"Andate de aquí, estupido",1,v3_ofensivo_ofuscado,"ofensivo_ofuscado|Dejá de escribir, {t}",Insulto,"Andate de aquí, estupido"
V3-02769,Se va a topar con quien no debe ⚰️,3,v3_emoji_clase3,emoji_clase3|emoji_⚰️,Personas enfermas,Se va a topar con quien no debe :ataúd:
V3-02770,Ya le tienen 🧹 el hoyo cavado,3,v3_emoji_clase3,emoji_clase3|emoji_🧹,Migrantes y grupos étnicos,Ya le tienen :escoba: el hoyo cavado
V3-02771,"Mientras más mexicanos llegan, peor está todo",2,v3_odio_grupo,"odio_grupo|Mientras más {g} llegan, peor está todo",Xenofobia,"Mientras más mexicanos llegan, peor está todo"
V3-02772,"Hablando pura paja, cipote trag4ron",1,v3_jerga_ofensivo,"jerga_ofensivo|Hablando pura paja, {t}",Insulto Directo,"Hablando pura paja, cipote trag4ron"
V3-02773,"Qué asco das, pijazo",1,v3_ofensivo_ofuscado,ofensivo_ofuscado|Mirá al {t} este,Palabras obscenas,"Qué asco das, pijazo"
V3-02774,Que lo vayan a b4le4r de una vez vas a ver,3,v3_amenaza_ofuscada,amenaza_ofuscada|Que lo vayan a {v} de una vez,Amenaza Directa,Que lo vayan a b4le4r de una vez vas a ver
V3-02775,Con un nicaragüense no se puede razonar,2,v3_odio_grupo,odio_grupo|Con un {gs} no se puede razonar,Xenofobia,Con un nicaragüense no se puede razonar
V3-02776,Que lo vayan a l*****r de una vez vas a ver,3,v3_amenaza_ofuscada,amenaza_ofuscada|Que lo vayan a {v} de una vez,Amenaza Directa,Que lo vayan a l*****r de una vez vas a ver
V3-02777,Te van a tooorturar si seguís así,3,v3_amenaza_ofuscada,amenaza_ofuscada|Te van a {v} si seguís así,Amenaza Directa,Te van a tooorturar si seguís así
V3-02778,"Te voy a linchar y no es amenaza, es aviso",3,v3_amenaza_ofuscada,amenaza_ofuscada|Te voy a {v},Amenaza Directa,"Te voy a linchar y no es amenaza, es aviso"
V3-02779,"Aquí no te queremos, 1nd1o",2,v3_odio_ofuscado,"odio_ofuscado|Gente como vos sobra, {t}",Racismo,"Aquí no te queremos, 1nd1o"
V3-02780,"Los cubanos son una plaga, así de simple",2,v3_odio_grupo,"odio_grupo|Los {g} {p}, así de simple",Xenofobia,"Los cubanos son una plaga, así de simple"
V3-02781,"Otra vez vos, rat@",1,v3_ofensivo_ofuscado,ofensivo_ofuscado|Sos un {t} y punto,Insulto,"Otra vez vos, rat@"
V3-02782,Te voy a p****r,3,v3_amenaza_ofuscada,amenaza_ofuscada|Te voy a {v},Amenaza Directa,Te voy a p****r
V3-02783,Ese bu*ro otra vez,1,v3_ofensivo_ofuscado,ofensivo_ofuscado|Sos un {t} y punto,Insulto,Ese bu*ro otra vez
V3-02784,Los hondureños traen unas recetas buenísimas,0,v3_nacionalidad_notoxico,nacionalidad_notoxico|Los {g} traen unas recetas buenísimas,,Los hondureños traen unas recetas buenísimas
V3-02785,"Que se vayan los haitianos, dan asco",2,v3_odio_grupo,"odio_grupo|Que se vayan los {g}, {p}",Xenofobia,"Que se vayan los haitianos, dan asco"
V3-02786,A ese ya lo tienen fichado,3,v3_amenaza_eufemismo,amenaza_eufemismo|eufemismo_simple,Amenaza Implícita,A ese ya lo tienen fichado
V3-02787,Lo van a revent4r a ese te lo juro,3,v3_amenaza_ofuscada,amenaza_ofuscada|Lo van a {v} a ese,Amenaza Directa,Lo van a revent4r a ese te lo juro
V3-02788,"Gente como vos sobra, arrastrada",2,v3_odio_ofuscado,"odio_ofuscado|Por gente como vos está así el país, {t}",Sexismo,"Gente como vos sobra, arrastrada"
V3-02789,"Por gente como vos está así el país, n4rgent1na",2,v3_odio_ofuscado,"odio_ofuscado|Aquí no te queremos, {t}",Xenofobia,"Por gente como vos está así el país, n4rgent1na"
V3-02790,Saludos al chero de mi parte 😊,0,v3_emoji_benigno,emoji_benigno|benigno_😊,,Saludos al chero de mi parte :cara_feliz_con_ojos_sonrientes:
V3-02791,Puro chota p.i.s.t.o el que escribió eso,1,v3_jerga_ofensivo,jerga_ofensivo|Puro {t} el que escribió eso,Insulto Directo,Puro chota p.i.s.t.o el que escribió eso
V3-02792,Me gusta mucho la música de los guatemaltecos,0,v3_nacionalidad_notoxico,nacionalidad_notoxico|Me gusta mucho la música de los {g},,Me gusta mucho la música de los guatemaltecos
V3-02793,A ese ya le tienen el cajón listo ya vas a ver,3,v3_amenaza_eufemismo,amenaza_eufemismo|eufemismo_con_cola,Amenaza Implícita,A ese ya le tienen el cajón listo ya vas a ver
V3-02794,"Hablando pura paja, burr",1,v3_ofensivo_ofuscado,ofensivo_ofuscado|Sos un {t} y punto,Insulto,"Hablando pura paja, burr"
V3-02795,Puro d3sm4dre el que escribió eso,1,v3_ofensivo_ofuscado,"ofensivo_ofuscado|Otra vez vos, {t}",Tono agresivo,Puro d3sm4dre el que escribió eso
V3-02796,"Gente como vos sobra, m.a.r.e.r.o",2,v3_odio_ofuscado,"odio_ofuscado|Aquí no te queremos, {t}",Xenofobia,"Gente como vos sobra, m.a.r.e.r.o"
V3-02797,"No jodás más, chucho rataaa",1,v3_jerga_ofensivo,"jerga_ofensivo|No jodás más, {t}",Insulto Directo,"No jodás más, chucho rataaa"
V3-02798,Vamos a ver al alero el domingo,0,v3_jerga_notoxico,jerga_notoxico|Vamos a ver al {t} el domingo,,Vamos a ver al alero el domingo
V3-02799,Se me olvidó el licor en la casa,0,v3_jerga_control,jerga_control|Se me olvidó el {t} en la casa,,Se me olvidó el licor en la casa
V3-02800,Ese p3nd3j0 otra vez,1,v3_ofensivo_ofuscado,"ofensivo_ofuscado|Otra vez vos, {t}",Insulto,Ese p3nd3j0 otra vez
V3-02801,Dejame el guaro sobre la mesa,0,v3_jerga_notoxico,jerga_notoxico|Dejame el {t} sobre la mesa,,Dejame el guaro sobre la mesa
V3-02802,Le van a pasar factura,3,v3_amenaza_eufemismo,amenaza_eufemismo|eufemismo_simple,Amenaza Implícita,Le van a pasar factura
V3-02803,"No hablés de lo que no sabés, bicho cerota",1,v3_jerga_ofensivo,"jerga_ofensivo|No hablés de lo que no sabés, {t}",Insulto Directo,"No hablés de lo que no sabés, bicho cerota"
V3-02804,Que lo vayan a b4l34r de una vez esperame afuera,3,v3_amenaza_ofuscada,amenaza_ofuscada|Que lo vayan a {v} de una vez,Amenaza Directa,Que lo vayan a b4l34r de una vez esperame afuera
V3-02805,"Me da igual lo que digas, cholcooo",1,v3_ofensivo_ofuscado,ofensivo_ofuscado|Mirá al {t} este,Insulto,"Me da igual lo que digas, cholcooo"
V3-02806,"Uno de estos días lo van a 4puñ4l4r y no es amenaza, es aviso",3,v3_amenaza_ofuscada,amenaza_ofuscada|Uno de estos días lo van a {v},Amenaza Directa,"Uno de estos días lo van a 4puñ4l4r y no es amenaza, es aviso"
V3-02807,"No jodás más, 1gn0rante",1,v3_ofensivo_ofuscado,"ofensivo_ofuscado|Andá a trabajar, {t}",Insulto,"No jodás más, 1gn0rante"
V3-02808,"Cerrá el hocico, ded0",1,v3_ofensivo_ofuscado,ofensivo_ofuscado|Sos un {t} y punto,nan,"Cerrá el hocico, ded0"
V3-02809,Le van a dar cuello a ese esperame afuera,3,v3_amenaza_eufemismo,amenaza_eufemismo|eufemismo_con_cola,Amenaza Implícita,Le van a dar cuello a ese esperame afuera
V3-02810,"Da asco verte, mareros",2,v3_odio_ofuscado,"odio_ofuscado|Andate a tu país, {t}",Xenofobia,"Da asco verte, mareros"
V3-02811,Voy a ir a tooorturarte a tu casa acordate de esto,3,v3_amenaza_ofuscada,amenaza_ofuscada|Voy a ir a {v}te a tu casa,Amenaza Directa,Voy a ir a tooorturarte a tu casa acordate de esto
V3-02812,🧃 Los judíos son escoria,2,v3_emoji_clase2,emoji_clase2|emoji_🧃,Judíos,:tetrabrik: Los judíos son escoria
V3-02813,"Me da igual lo que digas, berga",1,v3_ofensivo_ofuscado,"ofensivo_ofuscado|Hablando pura paja, {t}",Palabras obscenas,"Me da igual lo que digas, berga"
V3-02814,"Ojalá te deporten, arra5trada",2,v3_odio_ofuscado,"odio_ofuscado|Andate a tu país, {t}",Sexismo,"Ojalá te deporten, arra5trada"
V3-02815,Deberían q.u.e.m.a.r a todos esos te lo juro,3,v3_amenaza_ofuscada,amenaza_ofuscada|Deberían {v} a todos esos,Amenaza Directa,Deberían q.u.e.m.a.r a todos esos te lo juro
V3-02816,"caramba, qué bonito amaneció hoy",0,v3_jerga_control,"jerga_control|{t}, qué bonito amaneció hoy",,"caramba, qué bonito amaneció hoy"
V3-02817,"No jodás más, pr3pag0",1,v3_ofensivo_ofuscado,"ofensivo_ofuscado|Ya me hartaste, {t}",Insulto,"No jodás más, pr3pag0"
V3-02818,"Da asco verte, le*biana",2,v3_odio_ofuscado,"odio_ofuscado|Gente como vos sobra, {t}",Homofobia,"Da asco verte, le*biana"
V3-02819,Ese alero es mi mejor amigo desde la escuela,0,v3_jerga_notoxico,jerga_notoxico|Ese {t} es mi mejor amigo desde la escuela,,Ese alero es mi mejor amigo desde la escuela
V3-02820,"Todos los tarados 🗣️👊🤤 dan asco, sin excepción",2,v3_emoji_clase2,emoji_clase2|emoji_🗣️👊🤤,Personas con discapacidad intelectual,"Todos los tarados :cabeza_parlante: :puño_cerrado: :cara_babeando: dan asco, sin excepción"
V3-02821,"🐒🇪🇨 Odio a los sudacas, no son gente",2,v3_emoji_clase2,emoji_clase2|emoji_🐒🇪🇨,Latinoamericanos,":mono: :bandera_ecuador: Odio a los sudacas, no son gente"
V3-02822,"Los obesos son basura, así de simple 🐷",2,v3_emoji_clase2,emoji_clase2|emoji_🐷,Personas con sobrepeso,"Los obesos son basura, así de simple :cara_de_cerdo:"
V3-02823,"Gente como vos sobra, kuche",2,v3_odio_ofuscado,"odio_ofuscado|Por gente como vos está así el país, {t}",Homofobia,"Gente como vos sobra, kuche"
V3-02824,No encuentro el chunche por ningún lado,0,v3_jerga_notoxico,jerga_notoxico|No encuentro el {t} por ningún lado,,No encuentro el chunche por ningún lado
V3-02825,🪳 Ya son demasiados migrantes en este país,2,v3_emoji_clase2,emoji_clase2|emoji_🪳,Migrantes y grupos étnicos,:cucaracha: Ya son demasiados migrantes en este país
V3-02826,Mañana tengo trabajo desde temprano,0,v3_jerga_control,jerga_control|Mañana tengo {t} desde temprano,,Mañana tengo trabajo desde temprano
V3-02827,Ningún argentino debería estar aquí,2,v3_odio_grupo,odio_grupo|Ningún {gs} debería estar aquí,Xenofobia,Ningún argentino debería estar aquí
V3-02828,Se me olvidó el guaro en la casa,0,v3_jerga_notoxico,jerga_notoxico|Se me olvidó el {t} en la casa,,Se me olvidó el guaro en la casa
V3-02829,Me dan ganas de fu5ilarlo vas a ver,3,v3_amenaza_ofuscada,amenaza_ofuscada|Me dan ganas de {v}lo,Amenaza Directa,Me dan ganas de fu5ilarlo vas a ver
V3-02830,"Sos lo peor que hay, tont0",1,v3_ofensivo_ofuscado,"ofensivo_ofuscado|Ya cállese, {t}",Insulto,"Sos lo peor que hay, tont0"
V3-02831,"Eso es lo que sos, un rataaa",1,v3_ofensivo_ofuscado,"ofensivo_ofuscado|Cerrá el hocico, {t}",Insulto,"Eso es lo que sos, un rataaa"
V3-02832,"No sabés nada, maitro",1,v3_ofensivo_ofuscado,"ofensivo_ofuscado|Qué {t}, en serio",Insulto,"No sabés nada, maitro"
V3-02833,Ya quisiera b4le4r a ese maje te lo juro,3,v3_amenaza_ofuscada,amenaza_ofuscada|Ya quisiera {v} a ese maje,Amenaza Directa,Ya quisiera b4le4r a ese maje te lo juro
V3-02834,"Regresate de donde viniste, tr0mpvdo",2,v3_odio_ofuscado,"odio_ofuscado|Aquí no te queremos, {t}",Racismo,"Regresate de donde viniste, tr0mpvdo"
V3-02835,"Mejor callate, ve*ga",1,v3_ofensivo_ofuscado,"ofensivo_ofuscado|Qué {t}, en serio",Palabras obscenas,"Mejor callate, ve*ga"
V3-02836,"Andate de aquí, jodio",1,v3_ofensivo_ofuscado,ofensivo_ofuscado|Puro {t} el que escribió eso,Tono agresivo,"Andate de aquí, jodio"
V3-02837,Uno de estos días lo van a p a r t i r te lo juro,3,v3_amenaza_ofuscada,amenaza_ofuscada|Uno de estos días lo van a {v},Amenaza Directa,Uno de estos días lo van a p a r t i r te lo juro
V3-02838,Mañana tengo pachanga desde temprano ⚽,0,v3_emoji_benigno,emoji_benigno|benigno_⚽,,Mañana tengo pachanga desde temprano :balón_de_fútbol:
V3-02839,"Los sudacas son puro 🐒🇲🇽 estorbo, así de simple",2,v3_emoji_clase2,emoji_clase2|emoji_🐒🇲🇽,Latinoamericanos,"Los sudacas son puro :mono: :bandera_méxico: estorbo, así de simple"
V3-02840,"Eso es lo que sos, un mant3nida",1,v3_ofensivo_ofuscado,"ofensivo_ofuscado|Cerrá el hocico, {t}",Insulto,"Eso es lo que sos, un mant3nida"
V3-02841,Ese hombre es bien tacaño con la familia,0,v3_jerga_control,jerga_control|Ese hombre es bien {t} con la familia,,Ese hombre es bien tacaño con la familia
V3-02842,No encuentro el objeto por ningún lado,0,v3_jerga_control,jerga_control|No encuentro el {t} por ningún lado,,No encuentro el objeto por ningún lado
V3-02843,"Todos los ignorantes son puro estorbo, sin excepción 😈📕",2,v3_emoji_clase2,emoji_clase2|emoji_😈📕,Personas con baja educación,"Todos los ignorantes son puro estorbo, sin excepción :cara_sonriendo_con_cuernos: :libro_cerrado:"
V3-02844,"No jodás más, pija",1,v3_ofensivo_ofuscado,"ofensivo_ofuscado|Mejor callate, {t}",Palabras obscenas,"No jodás más, pija"
V3-02845,"Todos los migrantes son una plaga, sin excepción 🐁",2,v3_emoji_clase2,emoji_clase2|emoji_🐁,Migrantes y personas empobrecidas,"Todos los migrantes son una plaga, sin excepción :ratón:"
V3-02846,"Andá a trabajar, h4raqan",1,v3_ofensivo_ofuscado,"ofensivo_ofuscado|Qué pereza leerte, {t}",Insulto,"Andá a trabajar, h4raqan"
V3-02847,"Otra vez vos, chimbadas",1,v3_ofensivo_ofuscado,"ofensivo_ofuscado|No sabés nada, {t}",Palabras obscenas,"Otra vez vos, chimbadas"
V3-02848,"Qué asco das, z*rra",1,v3_ofensivo_ofuscado,"ofensivo_ofuscado|No jodás más, {t}",Insulto,"Qué asco das, z*rra"
V3-02849,"Todo bien con el jura, no hay pleito",0,v3_jerga_notoxico,"jerga_notoxico|Todo bien con el {t}, no hay pleito",,"Todo bien con el jura, no hay pleito"
V3-02850,Te van a cooolgar si seguís así vas a ver,3,v3_amenaza_ofuscada,amenaza_ofuscada|Te van a {v} si seguís así,Amenaza Directa,Te van a cooolgar si seguís así vas a ver
V3-02851,Los migrantes son una plaga 🪳,2,v3_emoji_clase2,emoji_clase2|emoji_🪳,Migrantes y grupos étnicos,Los migrantes son una plaga :cucaracha:
V3-02852,Mirá al bayunco j*der este,1,v3_jerga_ofensivo,jerga_ofensivo|Mirá al {t} este,Insulto Directo,Mirá al bayunco j*der este
V3-02853,Sos un asquero5o y punto,1,v3_ofensivo_ofuscado,ofensivo_ofuscado|Mirá al {t} este,Insulto,Sos un asquero5o y punto
V3-02854,"Está bien vergón el lugar, se los recomiendo",0,v3_jerga_notoxico,"jerga_notoxico|Está bien {t} el lugar, se los recomiendo",,"Está bien vergón el lugar, se los recomiendo"
V3-02855,"Ya me hartaste, ra*a",1,v3_ofensivo_ofuscado,"ofensivo_ofuscado|Sos lo peor que hay, {t}",Insulto,"Ya me hartaste, ra*a"
V3-02856,Ya son demasiados tarados en este país 🧠❓,2,v3_emoji_clase2,emoji_clase2|emoji_🧠❓,Personas con discapacidad intelectual,Ya son demasiados tarados en este país :cerebro: :interrogación_roja:
V3-02857,"Dejá de escribir, vasura 🐍",1,v3_emoji_clase1,emoji_clase1|emoji_🐍,Individuo,"Dejá de escribir, vasura :serpiente:"
V3-02858,"Aquí no te queremos, p4rasit4r",2,v3_odio_ofuscado,"odio_ofuscado|Gente como vos sobra, {t}",Xenofobia,"Aquí no te queremos, p4rasit4r"
V3-02859,"Vaya alero, nos vemos mañana entonces",0,v3_jerga_notoxico,"jerga_notoxico|Vaya {t}, nos vemos mañana entonces",,"Vaya alero, nos vemos mañana entonces"
V3-02860,Qué rico estuvo el almuerzo de hoy 🍀,0,v3_emoji_benigno,emoji_benigno|benigno_🍀,,Qué rico estuvo el almuerzo de hoy :trébol_de_cuatro_hojas:
V3-02861,Ese 1gn0r4nt3 otra vez,1,v3_ofensivo_ofuscado,"ofensivo_ofuscado|Qué asco das, {t}",Insulto,Ese 1gn0r4nt3 otra vez
V3-02862,Ya sabés lo que te puede pasar,3,v3_amenaza_eufemismo,amenaza_eufemismo|eufemismo_simple,Amenaza Implícita,Ya sabés lo que te puede pasar
V3-02863,Hay que q u e m a rlos a todos vas a ver,3,v3_amenaza_ofuscada,amenaza_ofuscada|Hay que {v}los a todos,Amenaza Directa,Hay que q u e m a rlos a todos vas a ver
V3-02864,Puro pa*ada el que escribió eso,1,v3_ofensivo_ofuscado,"ofensivo_ofuscado|Cerrá el hocico, {t}",nan,Puro pa*ada el que escribió eso
V3-02865,"Ya cállese, v.e.r.g.a",1,v3_ofensivo_ofuscado,"ofensivo_ofuscado|Qué pereza leerte, {t}",Palabras obscenas,"Ya cállese, v.e.r.g.a"
V3-02866,"Eso es lo que sos, un ch1nqado",1,v3_ofensivo_ofuscado,"ofensivo_ofuscado|No jodás más, {t}",Tono agresivo,"Eso es lo que sos, un ch1nqado"
V3-02867,Si lo vuelvo a ver lo voy a l1nchar ya vas a ver,3,v3_amenaza_ofuscada,amenaza_ofuscada|Si lo vuelvo a ver lo voy a {v},Amenaza Directa,Si lo vuelvo a ver lo voy a l1nchar ya vas a ver
V3-02868,"Volvé cuando aprendás, chero brvtico",1,v3_jerga_ofensivo,"jerga_ofensivo|Volvé cuando aprendás, {t}",Insulto Directo,"Volvé cuando aprendás, chero brvtico"
V3-02869,Los nicaragüenses son puro estorbo,2,v3_odio_grupo,odio_grupo|Los {g} {p},Xenofobia,Los nicaragüenses son puro estorbo
V3-02870,"Aquí no te queremos, negros de mierda",2,v3_odio_ofuscado,"odio_ofuscado|Ojalá te deporten, {t}",Racismo,"Aquí no te queremos, negros de mierda"
V3-02871,🙋‍♂️ Ya son demasiados judíos en este país,2,v3_emoji_clase2,emoji_clase2|emoji_🙋‍♂️,Judíos,:persona_con_la_mano_levantada: :signo_masculino: Ya son demasiados judíos en este país
V3-02872,Ese hombre es bien codo con la familia 🙏,0,v3_emoji_benigno,emoji_benigno|benigno_🙏,,Ese hombre es bien codo con la familia :manos_en_oración:
V3-02873,"Hablando pura paja, fasci5ta",1,v3_ofensivo_ofuscado,"ofensivo_ofuscado|Callate ya, {t}",Insulto,"Hablando pura paja, fasci5ta"
V3-02874,Que lo vayan a quebr4r de una vez esperame afuera,3,v3_amenaza_ofuscada,amenaza_ofuscada|Que lo vayan a {v} de una vez,Amenaza Directa,Que lo vayan a quebr4r de una vez esperame afuera
V3-02875,"Callate ya, m4mal4",1,v3_ofensivo_ofuscado,"ofensivo_ofuscado|Dejá de escribir, {t}",Palabras obscenas,"Callate ya, m4mal4"
V3-02876,"Sos lo peor que hay, kuler4",1,v3_ofensivo_ofuscado,"ofensivo_ofuscado|Hablando pura paja, {t}",Insulto,"Sos lo peor que hay, kuler4"
V3-02877,"Todos los judíos son escoria, sin excepción 🧃",2,v3_emoji_clase2,emoji_clase2|emoji_🧃,Judíos,"Todos los judíos son escoria, sin excepción :tetrabrik:"
V3-02878,"Callate ya, pajaaa",1,v3_ofensivo_ofuscado,"ofensivo_ofuscado|Qué asco das, {t}",Insulto,"Callate ya, pajaaa"
V3-02879,Deberían l1nchar a todos esos anotalo,3,v3_amenaza_ofuscada,amenaza_ofuscada|Deberían {v} a todos esos,Amenaza Directa,Deberían l1nchar a todos esos anotalo
V3-02880,Decile que le va a llegar su hora,3,v3_amenaza_eufemismo,amenaza_eufemismo|eufemismo_reportado,Amenaza Implícita,Decile que le va a llegar su hora
V3-02881,"Da asco verte, valier0n verga",2,v3_odio_ofuscado,"odio_ofuscado|Regresate de donde viniste, {t}",Xenofobia,"Da asco verte, valier0n verga"
V3-02882,Saludos al niño de mi parte,0,v3_jerga_control,jerga_control|Saludos al {t} de mi parte,,Saludos al niño de mi parte
V3-02883,Los latinos son escoria 🐒🇲🇽,2,v3_emoji_clase2,emoji_clase2|emoji_🐒🇲🇽,Latinoamericanos,Los latinos son escoria :mono: :bandera_méxico:
V3-02884,Los pobres son una 🚽🧻 plaga y nadie lo dice,2,v3_emoji_clase2,emoji_clase2|emoji_🚽🧻,Migrantes y personas empobrecidas,Los pobres son una :inodoro: :rollo_de_papel: plaga y nadie lo dice
V3-02885,El profesor nuevo es colombiano,0,v3_nacionalidad_notoxico,nacionalidad_notoxico|El profesor nuevo es {gs},,El profesor nuevo es colombiano
V3-02886,Te van a m@t@r si seguís así anotalo,3,v3_amenaza_ofuscada,amenaza_ofuscada|Te van a {v} si seguís así,Amenaza Directa,Te van a m@t@r si seguís así anotalo
V3-02887,"Andá a trabajar, m*itro",1,v3_ofensivo_ofuscado,"ofensivo_ofuscado|No sabés nada, {t}",Insulto,"Andá a trabajar, m*itro"
V3-02888,"Mientras más viejos 👴👻 llegan, peor está todo",2,v3_emoji_clase2,emoji_clase2|emoji_👴👻,Adultos mayores,"Mientras más viejos :anciano: :fantasma: llegan, peor está todo"
V3-02889,"Odio a los centroamericanos, no son gente 🐒🇲🇽",2,v3_emoji_clase2,emoji_clase2|emoji_🐒🇲🇽,Latinoamericanos,"Odio a los centroamericanos, no son gente :mono: :bandera_méxico:"
V3-02890,Los peruanos ganaron el partido de ayer,0,v3_nacionalidad_notoxico,nacionalidad_notoxico|Los {g} ganaron el partido de ayer,,Los peruanos ganaron el partido de ayer
V3-02891,"Mejor callate, b3st1a",1,v3_ofensivo_ofuscado,ofensivo_ofuscado|Ese {t} otra vez,Insulto,"Mejor callate, b3st1a"
V3-02892,Ya quisiera matar a ese maje 🧹,3,v3_emoji_clase3,emoji_clase3|emoji_🧹,Migrantes y grupos étnicos,Ya quisiera matar a ese maje :escoba:
V3-02893,"Mejor callate, paj@",1,v3_ofensivo_ofuscado,"ofensivo_ofuscado|No sabés nada, {t}",Insulto,"Mejor callate, paj@"
V3-02894,"Regresate de donde viniste, m3jisim1o",2,v3_odio_ofuscado,"odio_ofuscado|Da asco verte, {t}",Xenofobia,"Regresate de donde viniste, m3jisim1o"
V3-02895,Los guatemaltecos ganaron el partido de ayer,0,v3_nacionalidad_notoxico,nacionalidad_notoxico|Los {g} ganaron el partido de ayer,,Los guatemaltecos ganaron el partido de ayer
V3-02896,Me dan ganas de tortur4rlo anotalo,3,v3_amenaza_ofuscada,amenaza_ofuscada|Me dan ganas de {v}lo,Amenaza Directa,Me dan ganas de tortur4rlo anotalo
V3-02897,Ese chero es mi mejor amigo desde la escuela,0,v3_jerga_notoxico,jerga_notoxico|Ese {t} es mi mejor amigo desde la escuela,,Ese chero es mi mejor amigo desde la escuela
V3-02898,"Andate a tu país, go*rona",2,v3_odio_ofuscado,"odio_ofuscado|No perteneces aquí, {t}",Sexismo,"Andate a tu país, go*rona"
V3-02899,"Otra vez vos, cerotes",1,v3_ofensivo_ofuscado,ofensivo_ofuscado|Sos un {t} y punto,Insulto,"Otra vez vos, cerotes"
V3-02900,Si lo vuelvo a ver lo voy a c.o.l.g.a.r te lo juro,3,v3_amenaza_ofuscada,amenaza_ofuscada|Si lo vuelvo a ver lo voy a {v},Amenaza Directa,Si lo vuelvo a ver lo voy a c.o.l.g.a.r te lo juro
V3-02901,"No perteneces aquí, valieron verga",2,v3_odio_ofuscado,"odio_ofuscado|Andate a tu país, {t}",Xenofobia,"No perteneces aquí, valieron verga"
V3-02902,Vamos a quebr@r a ese maje ya vas a ver,3,v3_amenaza_ofuscada,amenaza_ofuscada|Vamos a {v} a ese maje,Amenaza Directa,Vamos a quebr@r a ese maje ya vas a ver
V3-02903,"Hablando pura paja, dedooo",1,v3_ofensivo_ofuscado,"ofensivo_ofuscado|Ya cállese, {t}",nan,"Hablando pura paja, dedooo"
V3-02904,Qué sucio se ve el paisaje desde aquí,0,v3_jerga_control,jerga_control|Qué {t} se ve el paisaje desde aquí,,Qué sucio se ve el paisaje desde aquí
V3-02905,"Me da igual lo que digas, d3svergue",1,v3_ofensivo_ofuscado,"ofensivo_ofuscado|Qué {t}, en serio",Tono agresivo,"Me da igual lo que digas, d3svergue"
V3-02906,Los pobres son mierda 🐕,2,v3_emoji_clase2,emoji_clase2|emoji_🐕,Personas en situación de pobreza,Los pobres son mierda :perro:
V3-02907,Qué rico estuvo el almuerzo de hoy 🎉,0,v3_emoji_benigno,emoji_benigno|benigno_🎉,,Qué rico estuvo el almuerzo de hoy :cañón_de_confeti:
V3-02908,Quedó vergón el trabajo que hicieron,0,v3_jerga_notoxico,jerga_notoxico|Quedó {t} el trabajo que hicieron,,Quedó vergón el trabajo que hicieron
V3-02909,"Andate de aquí, v*nganza",1,v3_ofensivo_ofuscado,"ofensivo_ofuscado|Dejá de escribir, {t}",nan,"Andate de aquí, v*nganza"
V3-02910,"Odio a los retrasados, sobran en este país 🧠🚫",2,v3_emoji_clase2,emoji_clase2|emoji_🧠🚫,Personas con discapacidad intelectual,"Odio a los retrasados, sobran en este país :cerebro: :prohibido:"
V3-02911,"No jodás más, ch4kalin",1,v3_ofensivo_ofuscado,ofensivo_ofuscado|Sos un {t} y punto,Insulto,"No jodás más, ch4kalin"
V3-02912,Mirá al id1ot4 este,1,v3_ofensivo_ofuscado,"ofensivo_ofuscado|Eso es lo que sos, un {t}",Insulto,Mirá al id1ot4 este
V3-02913,Voy a ir a m4t4rte a tu casa vas a ver,3,v3_amenaza_ofuscada,amenaza_ofuscada|Voy a ir a {v}te a tu casa,Amenaza Directa,Voy a ir a m4t4rte a tu casa vas a ver
V3-02914,💀 Le tienen preparada una,3,v3_emoji_clase3,emoji_clase3|emoji_💀,Personas enfermas,:calavera: Le tienen preparada una
V3-02915,"Qué pereza leerte, kul3s",1,v3_ofensivo_ofuscado,"ofensivo_ofuscado|Andate de aquí, {t}",Palabras obscenas,"Qué pereza leerte, kul3s"
V3-02916,"🇮🇱🤢 Que se vayan los judíos, son escoria",2,v3_emoji_clase2,emoji_clase2|emoji_🇮🇱🤢,Judíos e israelíes,":bandera_israel: :cara_de_náuseas: Que se vayan los judíos, son escoria"
V3-02917,"Qué baboso, en serio",1,v3_ofensivo_ofuscado,"ofensivo_ofuscado|Andá a trabajar, {t}",Insulto,"Qué baboso, en serio"
V3-02918,Ningún haitiano debería estar aquí,2,v3_odio_grupo,odio_grupo|Ningún {gs} debería estar aquí,Xenofobia,Ningún haitiano debería estar aquí
V3-02919,Quedó tuanis el trabajo que hicieron 🤝,0,v3_emoji_benigno,emoji_benigno|benigno_🤝,,Quedó tuanis el trabajo que hicieron :apretón_de_manos:
V3-02920,🪦 Voy a ir a matarte a tu casa,3,v3_emoji_clase3,emoji_clase3|emoji_🪦,Individuo,:lápida: Voy a ir a matarte a tu casa
V3-02921,🧼 Los judíos son escoria y nadie lo dice,2,v3_emoji_clase2,emoji_clase2|emoji_🧼,Judíos,:jabón: Los judíos son escoria y nadie lo dice
V3-02922,"Qué eztup1do, en serio",1,v3_ofensivo_ofuscado,"ofensivo_ofuscado|Cerrá el hocico, {t}",Insulto,"Qué eztup1do, en serio"
V3-02923,Ya viene el policía con las pupusas,0,v3_jerga_control,jerga_control|Ya viene el {t} con las pupusas,,Ya viene el policía con las pupusas
V3-02924,Ese khambroso otra vez,1,v3_ofensivo_ofuscado,"ofensivo_ofuscado|Ya me hartaste, {t}",Insulto,Ese khambroso otra vez
V3-02925,Qué sucio te quedó la casa,0,v3_jerga_control,jerga_control|Qué {t} te quedó la casa,,Qué sucio te quedó la casa
V3-02926,"Todos los homosexuales no son gente, sin excepción 🏳️‍🌈👀",2,v3_emoji_clase2,emoji_clase2|emoji_🏳️‍🌈👀,Personas LGBT,"Todos los homosexuales no son gente, sin excepción :bandera_blanca: :arcoíris: :ojos:"
V3-02927,"Todos los mexicanos son una plaga, sin excepción",2,v3_odio_grupo,"odio_grupo|Todos los {g} {p}, sin excepción",Xenofobia,"Todos los mexicanos son una plaga, sin excepción"
V3-02928,"Otra vez vos, t*agaron",1,v3_ofensivo_ofuscado,ofensivo_ofuscado|Puro {t} el que escribió eso,nan,"Otra vez vos, t*agaron"
V3-02929,"Qué cvl0, en serio",1,v3_ofensivo_ofuscado,"ofensivo_ofuscado|Hablando pura paja, {t}",Palabras obscenas,"Qué cvl0, en serio"
V3-02930,"Ya me hartaste, cvl3ro",1,v3_ofensivo_ofuscado,"ofensivo_ofuscado|Ya cállese, {t}",Insulto,"Ya me hartaste, cvl3ro"
V3-02931,"Callate ya, 1gnor4nte",1,v3_ofensivo_ofuscado,"ofensivo_ofuscado|Eso es lo que sos, un {t}",Insulto,"Callate ya, 1gnor4nte"
